customer_id,signup_date,city,age,gender,acquisition_channel
1,2025-02-18,Gurugram,21,Female,Google Ads
2,2026-02-26,Jaipur,23,Male,Google Ads
3,2025-12-23,Chennai,25,Female,Organic
4,2025-08-28,Chennai,32,Male,Organic
5,2025-08-24,Noida,53,Female,Google Ads
6,2026-04-13,Delhi,52,Male,Google Ads
7,2025-02-16,Gurugram,23,Male,Affiliate
8,2026-01-16,Kolkata,55,Female,Influencer
9,2025-04-20,Hyderabad,42,Female,Meta Ads
10,2025-02-21,Chennai,39,Female,Affiliate
11,2025-10-14,Bengaluru,48,Female,Meta Ads
12,2026-06-16,Bengaluru,37,Female,Organic
13,2026-02-05,Pune,29,Female,Email
14,2026-02-19,Jaipur,39,Male,Affiliate
15,2026-01-27,Bengaluru,46,Male,Organic
16,2026-03-05,Hyderabad,44,Female,Meta Ads
17,2025-10-07,Jaipur,26,Female,Google Ads
18,2025-03-11,Mumbai,53,Female,Affiliate
19,2026-04-03,Kolkata,30,Male,Google Ads
20,2025-09-03,Hyderabad,49,Male,Organic
21,2025-09-30,Kolkata,31,Male,Meta Ads
22,2025-07-22,Bengaluru,22,Female,Google Ads
23,2025-04-10,Pune,55,Male,Organic
24,2026-05-21,Mumbai,41,Female,Meta Ads
25,2026-03-02,Pune,27,Male,Affiliate
26,2025-12-17,Mumbai,20,Male,Google Ads
27,2025-08-08,Pune,24,Female,Google Ads
28,2026-03-25,Chennai,26,Male,Google Ads
29,2025-10-25,Bengaluru,53,Female,Meta Ads
30,2025-08-30,Bengaluru,26,Male,Organic
31,2025-09-03,Mumbai,25,Female,Meta Ads
32,2025-05-04,Chennai,50,Female,Google Ads
33,2025-02-20,Hyderabad,51,Female,Influencer
34,2025-10-30,Hyderabad,27,Male,Google Ads
35,2026-04-29,Delhi,43,Male,Meta Ads
36,2025-02-04,Noida,39,Female,Affiliate
37,2026-04-13,Delhi,40,Other,Organic
38,2026-03-28,Kolkata,31,Female,Meta Ads
39,2025-05-31,Kolkata,47,Female,Influencer
40,2025-12-11,Delhi,51,Female,Email
41,2025-04-01,Delhi,46,Female,Google Ads
42,2026-02-18,Chennai,52,Female,Google Ads
43,2026-01-17,Hyderabad,23,Female,Influencer
44,2025-07-13,Mumbai,43,Female,Meta Ads
45,2025-02-07,Pune,55,Female,Affiliate
46,2026-06-14,Gurugram,39,Female,Google Ads
47,2025-08-31,Noida,53,Male,Google Ads
48,2026-05-02,Mumbai,32,Male,Affiliate
49,2026-01-05,Kolkata,52,Other,Influencer
50,2026-03-01,Chennai,53,Female,Google Ads
51,2026-02-19,Noida,42,Male,Google Ads
52,2025-04-17,Hyderabad,45,Female,Organic
53,2025-07-18,Kolkata,38,Female,Email
54,2025-09-12,Jaipur,31,Female,Meta Ads
55,2025-09-29,Chennai,39,Female,Google Ads
56,2025-01-24,Noida,54,Male,Influencer
57,2025-10-25,Gurugram,20,Male,Google Ads
58,2025-03-26,Gurugram,27,Male,Meta Ads
59,2026-02-10,Noida,37,Female,Meta Ads
60,2026-01-08,Noida,32,Male,Google Ads
61,2026-05-18,Mumbai,42,Female,Email
62,2026-02-10,Hyderabad,32,Female,Meta Ads
63,2025-07-19,Mumbai,43,Female,Organic
64,2026-06-12,Bengaluru,23,Female,Meta Ads
65,2025-08-12,Gurugram,31,Female,Google Ads
66,2025-06-27,Noida,44,Female,Affiliate
67,2026-05-09,Jaipur,36,Male,Email
68,2025-07-21,Hyderabad,45,Male,Meta Ads
69,2025-02-11,Gurugram,42,Female,Google Ads
70,2025-09-13,Kolkata,31,Male,Email
71,2026-03-10,Kolkata,35,Female,Affiliate
72,2025-04-14,Jaipur,54,Male,Organic
73,2025-09-10,Noida,54,Female,Affiliate
74,2025-03-12,Pune,21,Male,Google Ads
75,2026-01-10,Jaipur,45,Female,Influencer
76,2025-09-17,Kolkata,37,Male,Google Ads
77,2025-06-29,Gurugram,20,Female,Meta Ads
78,2025-05-04,Kolkata,42,Male,Email
79,2025-11-04,Bengaluru,20,Female,Google Ads
80,2026-01-01,Bengaluru,31,Male,Meta Ads
81,2026-05-28,Hyderabad,44,Female,Google Ads
82,2025-08-27,Chennai,49,Female,Organic
83,2025-03-29,Noida,34,Female,Organic
84,2026-03-30,Hyderabad,49,Female,Organic
85,2025-12-10,Kolkata,50,Female,Meta Ads
86,2026-01-17,Hyderabad,36,Female,Meta Ads
87,2025-02-22,Gurugram,26,Male,Affiliate
88,2025-06-20,Delhi,43,Female,Email
89,2026-02-23,Hyderabad,20,Male,Meta Ads
90,2026-03-30,Chennai,52,Female,Google Ads
91,2025-08-26,Hyderabad,33,Male,Google Ads
92,2026-03-15,Jaipur,47,Male,Meta Ads
93,2026-04-04,Pune,46,Female,Organic
94,2025-07-31,Hyderabad,37,Male,Affiliate
95,2026-05-05,Delhi,54,Male,Influencer
96,2025-06-07,Hyderabad,48,Male,Meta Ads
97,2025-05-11,Noida,51,Female,Meta Ads
98,2026-01-07,Chennai,23,Male,Organic
99,2025-12-14,Noida,37,Male,Meta Ads
100,2025-03-18,Jaipur,54,Other,Email
101,2026-03-30,Mumbai,49,Female,Organic
102,2025-04-19,Bengaluru,36,Male,Google Ads
103,2026-03-15,Noida,22,Female,Meta Ads
104,2025-01-05,Gurugram,30,Male,Meta Ads
105,2026-03-11,Jaipur,40,Female,Email
106,2026-03-05,Gurugram,43,Male,Meta Ads
107,2026-03-02,Hyderabad,53,Male,Google Ads
108,2025-12-29,Jaipur,23,Male,Google Ads
109,2025-09-15,Pune,34,Female,Affiliate
110,2026-01-20,Delhi,29,Male,Affiliate
111,2025-06-01,Mumbai,54,Female,Influencer
112,2026-03-02,Mumbai,25,Female,Affiliate
113,2025-10-30,Gurugram,27,Female,Google Ads
114,2025-09-08,Gurugram,30,Female,Google Ads
115,2025-10-03,Hyderabad,23,Male,Meta Ads
116,2025-11-06,Mumbai,43,Male,Email
117,2025-01-21,Gurugram,38,Male,Organic
118,2025-03-18,Bengaluru,40,Female,Google Ads
119,2025-05-14,Mumbai,52,Male,Influencer
120,2025-03-04,Gurugram,35,Female,Meta Ads
121,2025-08-28,Bengaluru,31,Female,Email
122,2025-12-31,Jaipur,33,Female,Affiliate
123,2025-12-23,Hyderabad,48,Female,Email
124,2025-09-14,Hyderabad,39,Male,Organic
125,2026-04-12,Jaipur,26,Male,Organic
126,2025-11-05,Pune,44,Female,Affiliate
127,2025-02-13,Gurugram,46,Male,Affiliate
128,2026-02-21,Mumbai,28,Female,Meta Ads
129,2025-11-10,Bengaluru,40,Female,Meta Ads
130,2025-12-12,Bengaluru,40,Male,Affiliate
131,2025-11-05,Noida,26,Male,Email
132,2025-10-29,Noida,20,Male,Organic
133,2025-02-19,Mumbai,45,Male,Meta Ads
134,2025-11-01,Jaipur,42,Female,Google Ads
135,2026-03-10,Chennai,45,Female,Meta Ads
136,2025-06-15,Kolkata,33,Male,Influencer
137,2025-11-25,Noida,38,Female,Meta Ads
138,2025-01-17,Bengaluru,55,Male,Meta Ads
139,2025-07-09,Hyderabad,28,Other,Google Ads
140,2025-08-27,Bengaluru,43,Female,Meta Ads
141,2026-06-20,Bengaluru,24,Male,Meta Ads
142,2025-04-27,Mumbai,22,Female,Organic
143,2025-05-31,Delhi,54,Female,Google Ads
144,2025-08-11,Kolkata,24,Male,Google Ads
145,2026-06-26,Jaipur,43,Male,Google Ads
146,2026-04-11,Delhi,38,Female,Google Ads
147,2025-01-19,Bengaluru,49,Male,Affiliate
148,2025-05-08,Hyderabad,39,Male,Influencer
149,2026-03-24,Chennai,45,Male,Organic
150,2025-02-01,Jaipur,52,Female,Affiliate
151,2026-04-12,Bengaluru,49,Male,Google Ads
152,2025-06-03,Chennai,45,Female,Affiliate
153,2026-05-16,Jaipur,25,Male,Meta Ads
154,2025-06-10,Kolkata,26,Male,Organic
155,2025-08-25,Gurugram,37,Female,Organic
156,2025-12-27,Kolkata,43,Male,Meta Ads
157,2025-03-10,Bengaluru,44,Female,Meta Ads
158,2025-10-31,Delhi,48,Male,Google Ads
159,2025-10-03,Chennai,23,Female,Meta Ads
160,2026-03-04,Kolkata,26,Male,Meta Ads
161,2026-06-27,Mumbai,25,Female,Influencer
162,2025-12-29,Bengaluru,39,Male,Google Ads
163,2025-08-12,Mumbai,42,Female,Email
164,2025-08-10,Noida,24,Male,Email
165,2025-08-16,Jaipur,51,Male,Google Ads
166,2026-03-20,Delhi,30,Female,Meta Ads
167,2025-06-25,Hyderabad,43,Male,Meta Ads
168,2025-04-02,Delhi,47,Male,Meta Ads
169,2025-07-02,Pune,21,Female,Google Ads
170,2025-01-13,Jaipur,51,Female,Google Ads
171,2025-02-27,Pune,54,Female,Meta Ads
172,2025-02-19,Pune,54,Other,Affiliate
173,2026-02-25,Kolkata,25,Male,Affiliate
174,2026-01-29,Jaipur,34,Male,Google Ads
175,2026-01-15,Kolkata,28,Female,Organic
176,2025-09-09,Gurugram,36,Male,Influencer
177,2026-01-26,Hyderabad,55,Male,Google Ads
178,2025-03-29,Kolkata,47,Male,Google Ads
179,2026-05-06,Gurugram,47,Male,Google Ads
180,2025-10-01,Pune,35,Male,Google Ads
181,2026-05-27,Delhi,53,Male,Affiliate
182,2025-03-25,Kolkata,53,Female,Affiliate
183,2025-09-29,Pune,49,Female,Email
184,2026-01-15,Chennai,49,Female,Meta Ads
185,2025-09-28,Kolkata,43,Male,Affiliate
186,2025-09-01,Gurugram,23,Male,Google Ads
187,2025-04-01,Bengaluru,30,Female,Google Ads
188,2025-07-27,Kolkata,47,Male,Google Ads
189,2025-05-11,Noida,31,Male,Affiliate
190,2025-06-14,Kolkata,26,Female,Organic
191,2026-01-08,Gurugram,54,Female,Organic
192,2025-12-10,Hyderabad,37,Male,Organic
193,2025-11-27,Hyderabad,50,Female,Google Ads
194,2025-07-17,Pune,30,Female,Meta Ads
195,2026-06-08,Kolkata,32,Female,Affiliate
196,2025-02-17,Mumbai,32,Male,Influencer
197,2025-07-06,Noida,33,Female,Email
198,2025-03-06,Bengaluru,35,Female,Google Ads
199,2025-07-04,Pune,30,Male,Influencer
200,2026-06-09,Chennai,49,Female,Meta Ads
201,2025-07-19,Chennai,31,Female,Meta Ads
202,2026-05-11,Mumbai,35,Male,Google Ads
203,2025-09-27,Jaipur,50,Male,Google Ads
204,2026-01-17,Delhi,35,Male,Organic
205,2025-09-07,Noida,20,Female,Organic
206,2025-05-25,Delhi,20,Male,Google Ads
207,2026-02-21,Jaipur,35,Female,Google Ads
208,2026-06-13,Noida,43,Male,Email
209,2025-05-24,Pune,53,Female,Meta Ads
210,2026-03-01,Kolkata,24,Female,Meta Ads
211,2025-05-23,Chennai,39,Female,Google Ads
212,2026-01-26,Jaipur,30,Female,Affiliate
213,2025-09-02,Delhi,36,Male,Influencer
214,2026-02-06,Bengaluru,35,Male,Meta Ads
215,2025-05-29,Hyderabad,31,Female,Organic
216,2025-02-13,Pune,20,Male,Affiliate
217,2025-02-22,Pune,22,Female,Google Ads
218,2025-09-01,Hyderabad,38,Female,Influencer
219,2026-05-07,Mumbai,28,Female,Meta Ads
220,2025-03-11,Noida,31,Male,Email
221,2025-09-06,Bengaluru,23,Female,Email
222,2026-01-19,Gurugram,21,Male,Google Ads
223,2025-04-21,Hyderabad,24,Female,Affiliate
224,2026-01-29,Chennai,33,Female,Organic
225,2025-06-16,Hyderabad,25,Female,Google Ads
226,2026-03-17,Hyderabad,28,Female,Email
227,2025-11-12,Delhi,30,Male,Influencer
228,2025-10-26,Pune,30,Female,Affiliate
229,2025-04-07,Bengaluru,20,Female,Organic
230,2025-09-10,Noida,24,Male,Google Ads
231,2026-04-12,Gurugram,54,Female,Meta Ads
232,2025-01-11,Chennai,44,Female,Google Ads
233,2026-02-18,Jaipur,24,Female,Affiliate
234,2025-09-26,Hyderabad,30,Female,Organic
235,2026-01-28,Jaipur,33,Male,Influencer
236,2025-12-28,Noida,52,Female,Google Ads
237,2025-08-24,Gurugram,51,Male,Influencer
238,2025-06-18,Jaipur,47,Female,Influencer
239,2025-12-08,Noida,23,Male,Organic
240,2025-03-18,Pune,37,Female,Affiliate
241,2025-11-15,Gurugram,37,Male,Meta Ads
242,2025-02-21,Mumbai,42,Male,Meta Ads
243,2025-12-21,Bengaluru,50,Male,Google Ads
244,2025-12-09,Mumbai,31,Female,Google Ads
245,2025-02-16,Kolkata,40,Male,Google Ads
246,2026-02-17,Jaipur,29,Male,Organic
247,2025-08-15,Hyderabad,27,Male,Meta Ads
248,2026-03-05,Hyderabad,31,Male,Google Ads
249,2025-01-23,Delhi,46,Female,Google Ads
250,2025-04-08,Gurugram,35,Female,Organic
251,2025-09-27,Delhi,44,Male,Influencer
252,2025-04-13,Kolkata,44,Male,Meta Ads
253,2025-06-29,Gurugram,33,Male,Organic
254,2025-12-27,Mumbai,54,Male,Influencer
255,2025-03-20,Kolkata,21,Male,Organic
256,2026-01-05,Chennai,52,Male,Organic
257,2025-02-26,Pune,20,Male,Organic
258,2025-04-06,Delhi,33,Male,Influencer
259,2025-11-17,Hyderabad,49,Female,Meta Ads
260,2026-03-09,Hyderabad,44,Male,Affiliate
261,2025-04-03,Mumbai,31,Female,Meta Ads
262,2025-06-13,Chennai,51,Female,Google Ads
263,2026-05-20,Jaipur,24,Female,Organic
264,2026-06-24,Gurugram,44,Male,Affiliate
265,2025-11-13,Mumbai,38,Female,Affiliate
266,2025-09-01,Mumbai,27,Female,Influencer
267,2025-07-09,Kolkata,53,Other,Organic
268,2025-11-30,Delhi,47,Female,Email
269,2025-11-19,Kolkata,20,Male,Influencer
270,2025-06-10,Chennai,23,Female,Google Ads
271,2025-01-13,Bengaluru,22,Female,Google Ads
272,2025-03-24,Hyderabad,34,Male,Meta Ads
273,2026-06-07,Kolkata,35,Male,Email
274,2025-08-16,Chennai,46,Female,Organic
275,2025-09-20,Gurugram,44,Male,Affiliate
276,2025-09-12,Delhi,20,Female,Google Ads
277,2026-03-03,Pune,37,Male,Affiliate
278,2025-02-05,Noida,48,Female,Organic
279,2025-02-15,Delhi,52,Male,Influencer
280,2025-05-31,Jaipur,30,Female,Meta Ads
281,2025-09-23,Bengaluru,21,Female,Organic
282,2026-01-01,Pune,25,Female,Organic
283,2025-09-25,Gurugram,32,Male,Email
284,2025-08-29,Noida,35,Male,Google Ads
285,2026-05-27,Delhi,32,Male,Google Ads
286,2025-03-29,Mumbai,23,Male,Google Ads
287,2025-11-08,Delhi,32,Other,Meta Ads
288,2025-10-23,Bengaluru,30,Male,Organic
289,2025-09-16,Mumbai,37,Male,Email
290,2026-03-17,Hyderabad,22,Female,Organic
291,2025-05-26,Hyderabad,48,Male,Google Ads
292,2026-06-04,Mumbai,35,Male,Google Ads
293,2025-06-30,Bengaluru,31,Female,Organic
294,2025-10-25,Delhi,52,Male,Affiliate
295,2025-10-11,Mumbai,46,Female,Organic
296,2026-04-09,Jaipur,24,Female,Organic
297,2025-08-28,Jaipur,25,Male,Influencer
298,2025-06-05,Bengaluru,20,Female,Influencer
299,2025-01-12,Jaipur,40,Female,Organic
300,2025-07-18,Hyderabad,32,Male,Meta Ads
301,2026-03-27,Noida,33,Female,Google Ads
302,2025-01-06,Kolkata,38,Male,Organic
303,2026-05-04,Bengaluru,39,Female,Meta Ads
304,2025-10-23,Pune,20,Female,Google Ads
305,2025-03-18,Pune,23,Male,Google Ads
306,2025-06-14,Mumbai,48,Male,Influencer
307,2025-10-29,Chennai,54,Male,Google Ads
308,2025-06-22,Hyderabad,50,Female,Affiliate
309,2025-03-01,Mumbai,52,Female,Influencer
310,2025-12-29,Gurugram,36,Male,Organic
311,2026-01-02,Chennai,49,Male,Google Ads
312,2025-03-06,Gurugram,51,Female,Affiliate
313,2025-06-03,Noida,52,Male,Organic
314,2025-05-13,Kolkata,25,Male,Meta Ads
315,2025-12-26,Mumbai,25,Male,Organic
316,2026-02-03,Pune,34,Female,Google Ads
317,2026-02-01,Chennai,38,Male,Organic
318,2026-05-27,Kolkata,54,Female,Influencer
319,2026-02-23,Pune,31,Female,Email
320,2025-06-24,Chennai,49,Male,Influencer
321,2025-02-28,Kolkata,51,Female,Meta Ads
322,2025-12-01,Jaipur,54,Male,Affiliate
323,2026-05-15,Delhi,26,Male,Organic
324,2026-06-16,Chennai,28,Female,Google Ads
325,2025-05-06,Noida,27,Male,Influencer
326,2025-05-09,Kolkata,46,Female,Influencer
327,2025-01-21,Delhi,44,Female,Meta Ads
328,2025-03-18,Gurugram,34,Male,Affiliate
329,2025-10-30,Noida,23,Other,Google Ads
330,2025-10-26,Pune,38,Female,Google Ads
331,2025-07-22,Delhi,46,Male,Google Ads
332,2025-06-18,Delhi,37,Female,Meta Ads
333,2026-03-29,Hyderabad,29,Female,Google Ads
334,2025-09-08,Jaipur,41,Male,Google Ads
335,2026-03-17,Hyderabad,43,Male,Influencer
336,2026-06-09,Bengaluru,41,Male,Meta Ads
337,2025-06-22,Pune,51,Male,Affiliate
338,2025-04-21,Hyderabad,31,Male,Google Ads
339,2026-06-04,Mumbai,41,Female,Google Ads
340,2025-12-12,Hyderabad,50,Female,Affiliate
341,2025-06-08,Delhi,27,Female,Meta Ads
342,2025-12-05,Gurugram,30,Male,Meta Ads
343,2025-10-08,Pune,21,Male,Influencer
344,2026-05-09,Mumbai,33,Male,Meta Ads
345,2025-05-20,Delhi,21,Male,Meta Ads
346,2026-06-25,Noida,46,Female,Organic
347,2026-05-26,Kolkata,23,Male,Google Ads
348,2025-04-09,Mumbai,44,Female,Organic
349,2025-03-31,Delhi,40,Male,Meta Ads
350,2025-10-18,Chennai,55,Female,Google Ads
351,2025-01-25,Hyderabad,32,Female,Meta Ads
352,2025-06-12,Bengaluru,32,Female,Meta Ads
353,2025-08-26,Kolkata,28,Female,Organic
354,2026-06-13,Mumbai,39,Female,Influencer
355,2026-06-25,Hyderabad,27,Female,Organic
356,2025-03-24,Chennai,24,Male,Meta Ads
357,2026-05-01,Pune,54,Male,Influencer
358,2025-02-19,Gurugram,44,Female,Affiliate
359,2026-02-12,Pune,24,Male,Google Ads
360,2026-04-06,Chennai,42,Female,Google Ads
361,2026-05-01,Noida,30,Male,Google Ads
362,2025-05-02,Noida,26,Female,Google Ads
363,2026-05-02,Pune,36,Male,Meta Ads
364,2025-03-05,Noida,48,Female,Meta Ads
365,2025-10-10,Kolkata,20,Male,Influencer
366,2025-09-13,Noida,32,Male,Meta Ads
367,2025-06-22,Jaipur,53,Female,Google Ads
368,2025-01-13,Pune,34,Male,Influencer
369,2026-02-25,Bengaluru,23,Male,Email
370,2025-07-02,Gurugram,35,Female,Google Ads
371,2025-12-27,Mumbai,44,Female,Google Ads
372,2025-08-12,Chennai,55,Male,Organic
373,2025-07-23,Chennai,42,Female,Meta Ads
374,2026-04-29,Gurugram,21,Male,Organic
375,2025-02-21,Hyderabad,49,Male,Affiliate
376,2026-02-06,Jaipur,48,Female,Organic
377,2026-02-12,Gurugram,43,Male,Affiliate
378,2025-07-27,Pune,52,Male,Organic
379,2025-05-24,Noida,47,Male,Organic
380,2025-01-03,Kolkata,28,Female,Google Ads
381,2026-05-26,Noida,35,Female,Meta Ads
382,2026-06-01,Gurugram,38,Male,Meta Ads
383,2025-05-12,Bengaluru,37,Female,Email
384,2025-01-18,Mumbai,42,Female,Meta Ads
385,2025-03-08,Noida,45,Male,Organic
386,2025-02-06,Pune,23,Female,Meta Ads
387,2026-03-29,Delhi,40,Male,Email
388,2026-05-02,Jaipur,21,Male,Meta Ads
389,2025-03-25,Delhi,38,Male,Influencer
390,2026-02-11,Mumbai,35,Male,Meta Ads
391,2025-04-08,Jaipur,27,Female,Organic
392,2025-07-20,Noida,55,Female,Organic
393,2025-11-23,Delhi,29,Female,Meta Ads
394,2026-01-28,Chennai,22,Male,Affiliate
395,2026-04-22,Delhi,32,Male,Influencer
396,2025-01-25,Kolkata,47,Male,Organic
397,2025-04-18,Bengaluru,20,Male,Influencer
398,2025-06-02,Kolkata,37,Female,Meta Ads
399,2025-06-19,Gurugram,35,Female,Influencer
400,2026-06-28,Noida,51,Female,Affiliate
401,2026-02-28,Jaipur,20,Female,Organic
402,2025-06-24,Chennai,20,Male,Affiliate
403,2026-06-14,Jaipur,40,Male,Organic
404,2025-09-30,Mumbai,26,Male,Email
405,2025-09-30,Bengaluru,45,Female,Email
406,2025-08-25,Hyderabad,30,Male,Meta Ads
407,2025-03-20,Bengaluru,40,Male,Organic
408,2026-05-25,Gurugram,21,Female,Meta Ads
409,2025-01-08,Mumbai,44,Male,Organic
410,2025-04-05,Pune,38,Female,Email
411,2025-05-06,Delhi,20,Male,Meta Ads
412,2025-06-02,Mumbai,29,Female,Google Ads
413,2025-03-13,Gurugram,22,Male,Meta Ads
414,2025-01-10,Delhi,21,Female,Organic
415,2026-01-05,Noida,45,Female,Meta Ads
416,2026-06-13,Bengaluru,35,Male,Google Ads
417,2025-03-08,Noida,48,Female,Meta Ads
418,2025-06-11,Mumbai,29,Female,Meta Ads
419,2025-10-03,Hyderabad,45,Female,Google Ads
420,2026-05-21,Kolkata,42,Female,Meta Ads
421,2026-01-14,Delhi,43,Female,Organic
422,2026-02-22,Bengaluru,49,Male,Organic
423,2025-11-13,Noida,45,Male,Influencer
424,2025-08-16,Bengaluru,46,Male,Google Ads
425,2025-04-19,Bengaluru,46,Female,Meta Ads
426,2026-04-17,Chennai,36,Female,Google Ads
427,2026-03-15,Bengaluru,46,Female,Organic
428,2025-01-14,Jaipur,50,Male,Google Ads
429,2026-01-25,Noida,46,Female,Google Ads
430,2025-02-15,Delhi,41,Female,Email
431,2026-02-07,Delhi,22,Male,Meta Ads
432,2026-03-27,Mumbai,35,Female,Email
433,2025-03-13,Noida,22,Male,Organic
434,2025-08-25,Delhi,23,Female,Affiliate
435,2025-03-09,Gurugram,33,Male,Meta Ads
436,2025-11-06,Jaipur,36,Female,Meta Ads
437,2026-05-21,Kolkata,38,Male,Email
438,2025-02-14,Delhi,52,Male,Google Ads
439,2025-08-05,Jaipur,47,Female,Google Ads
440,2026-06-15,Gurugram,35,Female,Meta Ads
441,2025-06-14,Bengaluru,32,Male,Google Ads
442,2025-03-14,Mumbai,45,Male,Google Ads
443,2025-09-24,Bengaluru,29,Female,Organic
444,2025-10-05,Chennai,51,Female,Affiliate
445,2025-12-28,Chennai,48,Male,Google Ads
446,2025-06-20,Hyderabad,44,Male,Email
447,2026-06-05,Pune,28,Male,Influencer
448,2025-10-11,Chennai,42,Female,Meta Ads
449,2025-06-06,Noida,49,Female,Organic
450,2026-06-08,Mumbai,22,Female,Google Ads
451,2026-05-20,Noida,26,Male,Influencer
452,2025-09-30,Chennai,38,Female,Google Ads
453,2025-01-14,Bengaluru,32,Male,Meta Ads
454,2025-11-22,Pune,45,Female,Influencer
455,2025-10-30,Hyderabad,34,Male,Organic
456,2025-03-22,Gurugram,55,Male,Google Ads
457,2025-12-12,Noida,30,Male,Affiliate
458,2026-04-04,Jaipur,32,Male,Affiliate
459,2025-02-27,Gurugram,20,Male,Meta Ads
460,2026-01-30,Noida,28,Female,Google Ads
461,2025-03-18,Mumbai,28,Female,Meta Ads
462,2026-02-13,Jaipur,47,Female,Influencer
463,2025-08-17,Gurugram,32,Female,Google Ads
464,2025-01-04,Jaipur,27,Male,Meta Ads
465,2026-06-11,Bengaluru,31,Female,Google Ads
466,2025-04-01,Kolkata,40,Male,Google Ads
467,2025-11-21,Pune,48,Male,Email
468,2025-04-09,Delhi,55,Male,Meta Ads
469,2026-05-24,Hyderabad,21,Male,Google Ads
470,2026-02-07,Bengaluru,50,Female,Google Ads
471,2026-03-15,Gurugram,34,Male,Google Ads
472,2025-08-24,Hyderabad,49,Male,Google Ads
473,2025-09-12,Noida,21,Female,Google Ads
474,2025-12-12,Pune,42,Male,Organic
475,2026-03-04,Kolkata,53,Female,Google Ads
476,2026-04-07,Delhi,21,Male,Meta Ads
477,2025-01-10,Bengaluru,48,Female,Email
478,2025-12-28,Pune,24,Female,Organic
479,2025-03-01,Delhi,55,Male,Organic
480,2025-06-06,Mumbai,46,Female,Influencer
481,2026-03-29,Gurugram,52,Male,Meta Ads
482,2025-05-17,Delhi,52,Male,Google Ads
483,2026-03-11,Kolkata,31,Female,Google Ads
484,2025-09-10,Bengaluru,34,Female,Google Ads
485,2025-05-07,Chennai,44,Male,Influencer
486,2025-07-02,Hyderabad,26,Male,Email
487,2025-10-17,Kolkata,31,Male,Affiliate
488,2026-02-22,Jaipur,23,Female,Influencer
489,2025-11-27,Pune,51,Female,Affiliate
490,2026-05-24,Mumbai,28,Male,Meta Ads
491,2026-04-18,Bengaluru,34,Other,Affiliate
492,2026-02-15,Kolkata,36,Male,Meta Ads
493,2025-11-25,Bengaluru,33,Female,Google Ads
494,2025-06-07,Hyderabad,48,Female,Email
495,2025-08-13,Noida,52,Female,Influencer
496,2025-03-06,Jaipur,40,Male,Affiliate
497,2025-07-23,Pune,50,Male,Meta Ads
498,2026-05-20,Mumbai,23,Male,Affiliate
499,2025-08-21,Hyderabad,54,Female,Meta Ads
500,2025-03-03,Bengaluru,24,Other,Organic
501,2025-12-22,Noida,22,Male,Meta Ads
502,2026-06-09,Kolkata,20,Male,Google Ads
503,2026-04-18,Kolkata,28,Male,Meta Ads
504,2025-05-30,Kolkata,50,Female,Affiliate
505,2025-09-05,Mumbai,30,Female,Influencer
506,2025-10-17,Gurugram,48,Male,Meta Ads
507,2025-05-16,Delhi,35,Female,Google Ads
508,2025-05-27,Chennai,23,Male,Google Ads
509,2025-05-09,Mumbai,37,Female,Organic
510,2026-06-27,Kolkata,28,Male,Email
511,2026-02-11,Kolkata,30,Male,Email
512,2026-04-04,Noida,38,Female,Google Ads
513,2026-03-22,Jaipur,48,Female,Google Ads
514,2026-06-07,Noida,41,Male,Influencer
515,2025-02-27,Bengaluru,28,Female,Email
516,2026-04-26,Bengaluru,45,Female,Google Ads
517,2025-02-06,Jaipur,45,Male,Google Ads
518,2025-09-17,Pune,28,Female,Google Ads
519,2025-11-20,Kolkata,50,Female,Google Ads
520,2025-07-15,Hyderabad,50,Male,Google Ads
521,2025-03-21,Kolkata,41,Female,Organic
522,2025-04-15,Kolkata,30,Female,Meta Ads
523,2026-03-26,Kolkata,32,Male,Meta Ads
524,2025-06-23,Bengaluru,35,Female,Email
525,2025-06-19,Mumbai,26,Male,Meta Ads
526,2026-05-19,Jaipur,31,Female,Meta Ads
527,2025-03-20,Chennai,24,Female,Affiliate
528,2026-05-14,Jaipur,25,Male,Google Ads
529,2026-05-17,Hyderabad,46,Female,Affiliate
530,2025-11-23,Jaipur,24,Male,Meta Ads
531,2025-04-01,Chennai,36,Female,Google Ads
532,2025-03-26,Chennai,35,Female,Google Ads
533,2025-06-05,Noida,21,Male,Organic
534,2025-11-11,Hyderabad,49,Female,Meta Ads
535,2025-03-25,Chennai,55,Male,Organic
536,2025-09-06,Chennai,42,Female,Google Ads
537,2025-03-04,Jaipur,44,Female,Organic
538,2025-10-22,Mumbai,28,Female,Google Ads
539,2025-01-12,Mumbai,50,Male,Google Ads
540,2026-01-22,Jaipur,48,Female,Organic
541,2025-01-31,Jaipur,35,Female,Google Ads
542,2025-04-17,Noida,45,Female,Meta Ads
543,2025-04-06,Mumbai,54,Female,Email
544,2026-03-29,Jaipur,41,Female,Organic
545,2025-01-30,Noida,27,Male,Organic
546,2025-08-22,Chennai,31,Male,Google Ads
547,2025-11-19,Noida,26,Female,Google Ads
548,2025-10-09,Noida,31,Male,Meta Ads
549,2026-01-06,Chennai,52,Female,Google Ads
550,2026-03-14,Pune,26,Female,Meta Ads
551,2025-08-03,Hyderabad,52,Female,Meta Ads
552,2026-03-28,Kolkata,30,Female,Meta Ads
553,2025-06-23,Mumbai,37,Female,Email
554,2026-06-21,Hyderabad,39,Female,Google Ads
555,2025-10-02,Pune,24,Female,Meta Ads
556,2026-02-06,Chennai,26,Male,Meta Ads
557,2026-04-22,Mumbai,30,Male,Google Ads
558,2026-03-08,Pune,22,Male,Affiliate
559,2026-04-09,Bengaluru,47,Female,Meta Ads
560,2025-10-20,Hyderabad,39,Male,Google Ads
561,2025-01-24,Kolkata,50,Female,Affiliate
562,2025-09-26,Mumbai,51,Female,Meta Ads
563,2025-04-09,Pune,32,Male,Google Ads
564,2026-04-30,Jaipur,49,Other,Organic
565,2025-05-10,Chennai,22,Male,Organic
566,2025-05-05,Jaipur,35,Female,Influencer
567,2025-05-16,Hyderabad,43,Male,Affiliate
568,2025-12-17,Gurugram,36,Male,Organic
569,2025-11-08,Jaipur,46,Male,Google Ads
570,2026-06-02,Pune,50,Female,Meta Ads
571,2025-08-15,Gurugram,35,Male,Google Ads
572,2025-06-03,Mumbai,29,Female,Email
573,2025-01-27,Gurugram,40,Female,Influencer
574,2025-01-04,Kolkata,51,Male,Google Ads
575,2025-07-23,Delhi,55,Male,Affiliate
576,2026-05-20,Chennai,49,Male,Email
577,2025-10-13,Hyderabad,28,Female,Google Ads
578,2026-05-02,Delhi,27,Female,Affiliate
579,2025-02-25,Pune,40,Male,Email
580,2025-02-20,Chennai,34,Female,Meta Ads
581,2026-03-31,Chennai,41,Female,Meta Ads
582,2025-02-28,Hyderabad,53,Female,Google Ads
583,2025-01-29,Mumbai,39,Male,Google Ads
584,2025-08-09,Noida,32,Male,Organic
585,2026-05-20,Delhi,51,Male,Affiliate
586,2026-01-11,Mumbai,35,Female,Organic
587,2025-02-24,Pune,41,Female,Affiliate
588,2026-04-02,Delhi,24,Male,Affiliate
589,2026-04-05,Jaipur,38,Male,Google Ads
590,2026-03-13,Hyderabad,35,Female,Organic
591,2026-05-07,Gurugram,24,Male,Organic
592,2025-05-11,Jaipur,27,Female,Meta Ads
593,2026-06-18,Noida,45,Male,Meta Ads
594,2025-06-24,Jaipur,26,Male,Organic
595,2026-03-14,Gurugram,24,Female,Influencer
596,2025-11-12,Mumbai,22,Male,Influencer
597,2026-03-01,Bengaluru,20,Female,Meta Ads
598,2025-12-09,Jaipur,35,Male,Affiliate
599,2025-12-17,Gurugram,37,Male,Meta Ads
600,2025-12-02,Jaipur,42,Female,Affiliate
601,2026-03-01,Mumbai,40,Male,Organic
602,2026-02-07,Gurugram,39,Female,Influencer
603,2025-03-15,Pune,55,Female,Influencer
604,2026-03-27,Pune,28,Female,Meta Ads
605,2025-10-20,Mumbai,45,Male,Influencer
606,2025-06-26,Noida,22,Male,Organic
607,2025-10-08,Mumbai,50,Male,Google Ads
608,2026-06-12,Hyderabad,33,Female,Google Ads
609,2026-04-13,Delhi,32,Male,Organic
610,2026-03-31,Delhi,24,Male,Google Ads
611,2025-09-10,Jaipur,38,Female,Google Ads
612,2026-03-04,Delhi,34,Male,Email
613,2025-07-29,Bengaluru,55,Female,Google Ads
614,2026-01-09,Chennai,26,Male,Meta Ads
615,2025-12-15,Mumbai,35,Female,Affiliate
616,2025-05-17,Bengaluru,52,Female,Google Ads
617,2025-05-26,Delhi,49,Male,Organic
618,2025-02-03,Chennai,47,Female,Google Ads
619,2025-03-18,Pune,38,Female,Affiliate
620,2025-08-25,Kolkata,51,Male,Meta Ads
621,2025-09-18,Kolkata,28,Female,Affiliate
622,2025-03-31,Mumbai,49,Female,Organic
623,2025-08-16,Delhi,40,Female,Affiliate
624,2025-11-26,Mumbai,32,Female,Email
625,2025-05-07,Noida,27,Male,Meta Ads
626,2025-07-04,Hyderabad,38,Male,Google Ads
627,2025-07-20,Noida,20,Male,Email
628,2025-10-03,Jaipur,45,Male,Email
629,2025-07-19,Pune,28,Male,Organic
630,2026-02-06,Gurugram,34,Male,Google Ads
631,2025-06-28,Jaipur,26,Male,Email
632,2025-08-25,Chennai,36,Female,Meta Ads
633,2025-07-26,Bengaluru,33,Male,Email
634,2025-04-10,Noida,26,Female,Organic
635,2026-01-09,Mumbai,51,Female,Meta Ads
636,2025-05-09,Hyderabad,47,Female,Email
637,2025-06-11,Chennai,33,Male,Meta Ads
638,2026-03-09,Gurugram,22,Female,Organic
639,2026-06-02,Chennai,50,Female,Affiliate
640,2026-01-01,Gurugram,45,Female,Meta Ads
641,2026-05-15,Gurugram,40,Male,Meta Ads
642,2026-04-11,Bengaluru,41,Male,Organic
643,2025-09-20,Noida,20,Female,Organic
644,2026-02-24,Bengaluru,37,Male,Google Ads
645,2025-06-28,Mumbai,26,Female,Meta Ads
646,2025-09-08,Gurugram,43,Female,Meta Ads
647,2025-10-19,Chennai,53,Female,Organic
648,2026-06-08,Mumbai,39,Female,Google Ads
649,2026-04-08,Pune,41,Female,Organic
650,2025-09-24,Chennai,44,Female,Organic
651,2025-12-22,Pune,53,Female,Affiliate
652,2025-04-21,Gurugram,21,Male,Influencer
653,2026-03-15,Kolkata,31,Female,Meta Ads
654,2025-10-29,Gurugram,29,Female,Organic
655,2025-10-18,Gurugram,45,Other,Organic
656,2026-02-22,Kolkata,36,Male,Affiliate
657,2025-12-11,Mumbai,47,Male,Email
658,2025-02-09,Pune,37,Female,Google Ads
659,2025-06-07,Delhi,55,Male,Influencer
660,2025-04-07,Pune,47,Female,Google Ads
661,2026-02-05,Kolkata,20,Female,Influencer
662,2025-01-20,Chennai,55,Male,Meta Ads
663,2025-04-21,Hyderabad,54,Male,Meta Ads
664,2025-11-22,Kolkata,21,Female,Influencer
665,2026-01-14,Gurugram,34,Male,Organic
666,2025-10-02,Mumbai,54,Female,Email
667,2026-04-15,Delhi,50,Female,Meta Ads
668,2026-05-16,Pune,36,Female,Meta Ads
669,2025-03-13,Chennai,39,Male,Google Ads
670,2026-06-04,Chennai,21,Male,Email
671,2025-12-01,Chennai,40,Female,Meta Ads
672,2025-12-13,Noida,43,Male,Google Ads
673,2025-02-21,Pune,32,Male,Meta Ads
674,2025-12-05,Chennai,31,Female,Influencer
675,2026-01-31,Gurugram,49,Male,Affiliate
676,2025-11-13,Bengaluru,36,Male,Meta Ads
677,2025-02-16,Jaipur,29,Other,Influencer
678,2025-10-13,Bengaluru,33,Male,Meta Ads
679,2026-05-26,Chennai,37,Male,Meta Ads
680,2026-01-30,Hyderabad,29,Male,Meta Ads
681,2025-03-16,Pune,40,Female,Affiliate
682,2026-06-08,Pune,51,Female,Meta Ads
683,2026-06-07,Pune,46,Female,Google Ads
684,2025-04-03,Chennai,28,Other,Influencer
685,2026-03-13,Jaipur,36,Male,Organic
686,2025-08-10,Gurugram,39,Female,Organic
687,2025-11-20,Jaipur,44,Male,Organic
688,2025-08-31,Pune,47,Female,Organic
689,2026-03-03,Hyderabad,37,Female,Google Ads
690,2026-06-28,Mumbai,31,Male,Organic
691,2026-03-10,Bengaluru,43,Female,Google Ads
692,2026-05-23,Pune,24,Female,Google Ads
693,2026-05-31,Mumbai,44,Male,Influencer
694,2025-02-19,Gurugram,52,Female,Google Ads
695,2025-05-19,Kolkata,45,Other,Google Ads
696,2026-01-29,Bengaluru,35,Male,Meta Ads
697,2025-11-18,Pune,49,Male,Affiliate
698,2025-01-28,Delhi,39,Other,Influencer
699,2025-02-21,Delhi,39,Male,Google Ads
700,2025-10-11,Kolkata,50,Male,Meta Ads
701,2025-12-02,Noida,26,Female,Organic
702,2025-04-02,Chennai,48,Female,Organic
703,2025-04-04,Jaipur,44,Male,Google Ads
704,2025-03-12,Bengaluru,39,Male,Meta Ads
705,2025-11-04,Kolkata,22,Female,Email
706,2025-01-05,Bengaluru,47,Female,Google Ads
707,2025-11-08,Jaipur,27,Female,Organic
708,2025-09-17,Gurugram,52,Female,Meta Ads
709,2025-09-11,Bengaluru,48,Male,Affiliate
710,2026-01-06,Mumbai,33,Female,Organic
711,2025-10-12,Chennai,35,Female,Organic
712,2026-02-01,Delhi,20,Female,Organic
713,2026-02-21,Kolkata,37,Male,Google Ads
714,2026-05-17,Delhi,22,Male,Meta Ads
715,2026-03-12,Mumbai,55,Female,Email
716,2025-10-10,Hyderabad,43,Female,Organic
717,2025-09-26,Noida,28,Other,Affiliate
718,2025-05-09,Bengaluru,48,Male,Meta Ads
719,2025-11-23,Jaipur,20,Female,Affiliate
720,2025-03-17,Kolkata,39,Male,Google Ads
721,2026-05-23,Delhi,24,Female,Google Ads
722,2026-04-06,Hyderabad,21,Female,Google Ads
723,2025-03-07,Hyderabad,28,Female,Influencer
724,2026-03-05,Delhi,30,Male,Email
725,2025-03-05,Pune,46,Female,Meta Ads
726,2026-01-29,Hyderabad,52,Male,Organic
727,2025-02-17,Pune,47,Female,Google Ads
728,2025-09-24,Gurugram,46,Female,Google Ads
729,2025-12-25,Gurugram,40,Female,Google Ads
730,2026-02-02,Chennai,33,Female,Google Ads
731,2025-08-17,Chennai,29,Female,Meta Ads
732,2026-05-18,Noida,54,Male,Meta Ads
733,2026-02-27,Gurugram,38,Male,Affiliate
734,2025-04-24,Hyderabad,40,Female,Affiliate
735,2026-01-01,Kolkata,20,Female,Influencer
736,2026-02-03,Gurugram,36,Female,Google Ads
737,2025-07-01,Gurugram,44,Male,Email
738,2026-02-07,Kolkata,37,Male,Google Ads
739,2026-05-05,Pune,42,Female,Google Ads
740,2026-03-22,Jaipur,49,Female,Organic
741,2026-02-20,Chennai,20,Female,Meta Ads
742,2025-12-12,Jaipur,52,Male,Organic
743,2025-05-28,Noida,49,Male,Affiliate
744,2026-03-10,Gurugram,35,Male,Google Ads
745,2025-07-18,Gurugram,47,Male,Influencer
746,2025-10-18,Delhi,22,Female,Google Ads
747,2025-06-21,Chennai,31,Male,Influencer
748,2025-06-20,Pune,23,Male,Organic
749,2025-03-27,Delhi,42,Other,Google Ads
750,2026-06-08,Noida,50,Male,Meta Ads
751,2025-03-22,Noida,41,Female,Meta Ads
752,2025-02-17,Bengaluru,45,Male,Affiliate
753,2026-05-26,Bengaluru,25,Male,Google Ads
754,2025-10-30,Gurugram,53,Male,Affiliate
755,2025-08-27,Jaipur,26,Female,Meta Ads
756,2026-02-06,Gurugram,38,Male,Influencer
757,2025-07-28,Hyderabad,44,Female,Meta Ads
758,2025-03-11,Bengaluru,50,Female,Organic
759,2026-02-02,Mumbai,53,Male,Affiliate
760,2025-04-06,Kolkata,41,Female,Google Ads
761,2025-10-29,Jaipur,40,Male,Google Ads
762,2026-06-02,Delhi,35,Male,Email
763,2026-05-26,Bengaluru,40,Female,Organic
764,2025-07-16,Noida,44,Male,Affiliate
765,2026-03-02,Bengaluru,43,Other,Meta Ads
766,2025-11-30,Pune,41,Female,Affiliate
767,2025-09-19,Bengaluru,35,Male,Influencer
768,2025-03-18,Mumbai,27,Male,Organic
769,2025-07-25,Mumbai,21,Female,Google Ads
770,2025-12-22,Gurugram,35,Female,Google Ads
771,2026-06-22,Mumbai,34,Male,Influencer
772,2025-01-03,Mumbai,41,Female,Organic
773,2026-01-27,Pune,52,Male,Organic
774,2026-04-07,Delhi,45,Other,Influencer
775,2026-06-03,Delhi,48,Male,Google Ads
776,2025-08-19,Hyderabad,40,Female,Organic
777,2025-03-06,Pune,53,Female,Organic
778,2025-05-28,Gurugram,53,Female,Affiliate
779,2026-04-09,Gurugram,25,Female,Organic
780,2026-04-24,Pune,43,Female,Meta Ads
781,2025-12-14,Mumbai,38,Male,Google Ads
782,2025-03-08,Chennai,54,Male,Influencer
783,2025-03-08,Noida,41,Female,Organic
784,2025-09-18,Noida,20,Male,Meta Ads
785,2025-11-17,Hyderabad,27,Female,Influencer
786,2025-01-18,Mumbai,24,Male,Meta Ads
787,2026-01-09,Chennai,27,Female,Meta Ads
788,2025-10-24,Hyderabad,23,Female,Influencer
789,2025-01-07,Mumbai,48,Female,Organic
790,2025-02-22,Noida,37,Male,Affiliate
791,2025-09-05,Noida,44,Other,Affiliate
792,2026-01-29,Chennai,55,Female,Email
793,2026-03-26,Gurugram,43,Female,Meta Ads
794,2025-08-24,Hyderabad,37,Female,Affiliate
795,2025-06-10,Kolkata,29,Male,Email
796,2026-06-12,Kolkata,47,Male,Email
797,2025-09-07,Gurugram,38,Male,Email
798,2025-06-21,Noida,47,Female,Google Ads
799,2025-08-30,Chennai,20,Female,Google Ads
800,2025-01-07,Pune,25,Male,Organic
801,2025-06-14,Mumbai,24,Other,Affiliate
802,2025-10-08,Hyderabad,44,Male,Meta Ads
803,2026-05-16,Noida,38,Female,Google Ads
804,2026-02-07,Chennai,31,Female,Meta Ads
805,2026-03-02,Chennai,31,Male,Organic
806,2025-10-24,Gurugram,41,Male,Google Ads
807,2025-03-02,Bengaluru,54,Female,Email
808,2025-08-02,Mumbai,55,Female,Organic
809,2026-06-28,Delhi,36,Male,Meta Ads
810,2025-01-25,Noida,44,Female,Organic
811,2026-04-25,Jaipur,23,Female,Affiliate
812,2026-01-09,Bengaluru,54,Male,Google Ads
813,2025-06-04,Noida,20,Female,Google Ads
814,2026-03-01,Delhi,32,Male,Google Ads
815,2026-04-02,Mumbai,46,Female,Organic
816,2025-01-24,Jaipur,54,Female,Influencer
817,2025-02-27,Mumbai,26,Male,Organic
818,2025-12-29,Jaipur,43,Female,Influencer
819,2026-06-29,Bengaluru,26,Male,Organic
820,2025-01-14,Chennai,21,Female,Meta Ads
821,2025-12-29,Chennai,35,Female,Meta Ads
822,2025-03-16,Delhi,40,Male,Organic
823,2025-12-21,Delhi,29,Female,Organic
824,2025-12-06,Jaipur,55,Male,Email
825,2025-02-19,Jaipur,42,Female,Email
826,2026-01-06,Noida,35,Female,Meta Ads
827,2026-05-04,Pune,37,Female,Meta Ads
828,2026-04-16,Jaipur,36,Female,Organic
829,2025-01-16,Jaipur,24,Female,Organic
830,2025-05-15,Gurugram,41,Male,Affiliate
831,2025-05-12,Kolkata,48,Male,Meta Ads
832,2025-09-05,Pune,35,Female,Affiliate
833,2025-03-19,Jaipur,35,Male,Meta Ads
834,2026-04-11,Noida,52,Male,Meta Ads
835,2026-02-28,Pune,41,Male,Affiliate
836,2026-03-17,Delhi,30,Other,Influencer
837,2025-04-19,Mumbai,20,Female,Influencer
838,2025-01-08,Delhi,49,Male,Google Ads
839,2026-05-12,Bengaluru,42,Male,Meta Ads
840,2025-06-07,Kolkata,42,Female,Organic
841,2025-12-24,Pune,30,Male,Affiliate
842,2026-05-11,Mumbai,26,Female,Email
843,2025-01-20,Bengaluru,37,Female,Google Ads
844,2025-01-03,Mumbai,47,Female,Email
845,2025-01-03,Chennai,30,Male,Google Ads
846,2025-03-27,Gurugram,38,Female,Meta Ads
847,2025-01-29,Delhi,55,Other,Organic
848,2026-03-23,Hyderabad,27,Male,Google Ads
849,2025-11-27,Kolkata,28,Female,Organic
850,2026-06-19,Bengaluru,28,Male,Organic
851,2026-03-13,Gurugram,52,Other,Meta Ads
852,2026-06-09,Delhi,39,Female,Meta Ads
853,2025-05-11,Jaipur,53,Male,Influencer
854,2025-06-06,Chennai,54,Male,Email
855,2026-04-08,Noida,35,Male,Affiliate
856,2025-05-14,Delhi,21,Male,Meta Ads
857,2025-02-01,Noida,30,Female,Email
858,2025-12-31,Mumbai,39,Male,Influencer
859,2026-03-13,Kolkata,33,Female,Google Ads
860,2026-06-12,Noida,20,Male,Meta Ads
861,2026-05-21,Kolkata,55,Female,Influencer
862,2025-03-07,Delhi,30,Female,Meta Ads
863,2026-02-25,Chennai,42,Female,Meta Ads
864,2026-04-07,Gurugram,54,Female,Influencer
865,2026-01-16,Jaipur,39,Other,Google Ads
866,2026-03-23,Bengaluru,45,Female,Organic
867,2026-04-02,Gurugram,21,Female,Affiliate
868,2025-09-01,Gurugram,45,Male,Affiliate
869,2025-01-22,Kolkata,50,Male,Meta Ads
870,2025-09-06,Bengaluru,53,Male,Google Ads
871,2025-04-20,Mumbai,23,Female,Affiliate
872,2025-03-03,Chennai,28,Female,Affiliate
873,2025-03-10,Hyderabad,21,Female,Google Ads
874,2026-01-16,Pune,53,Female,Meta Ads
875,2025-10-02,Bengaluru,29,Male,Email
876,2025-10-22,Delhi,39,Female,Google Ads
877,2026-02-11,Delhi,37,Male,Affiliate
878,2025-10-26,Delhi,44,Male,Influencer
879,2025-12-10,Hyderabad,52,Female,Meta Ads
880,2025-02-16,Hyderabad,31,Male,Influencer
881,2026-04-09,Chennai,48,Female,Affiliate
882,2025-09-02,Kolkata,30,Female,Organic
883,2025-03-26,Noida,27,Female,Influencer
884,2026-03-20,Jaipur,23,Male,Meta Ads
885,2026-02-05,Jaipur,33,Male,Influencer
886,2025-01-29,Pune,40,Male,Google Ads
887,2025-04-16,Hyderabad,48,Female,Meta Ads
888,2025-01-09,Noida,50,Male,Email
889,2025-05-28,Noida,38,Male,Google Ads
890,2025-02-24,Delhi,34,Female,Organic
891,2026-01-22,Pune,26,Female,Meta Ads
892,2025-10-12,Bengaluru,52,Female,Meta Ads
893,2026-06-19,Noida,34,Male,Email
894,2026-02-13,Noida,47,Female,Google Ads
895,2025-11-30,Delhi,42,Male,Google Ads
896,2025-10-05,Pune,53,Male,Google Ads
897,2025-01-30,Pune,55,Male,Influencer
898,2025-02-08,Pune,45,Female,Organic
899,2025-12-02,Noida,43,Female,Email
900,2025-01-03,Delhi,24,Male,Organic
901,2025-01-24,Noida,20,Female,Organic
902,2025-04-30,Chennai,39,Female,Meta Ads
903,2026-04-27,Chennai,45,Male,Google Ads
904,2025-09-08,Gurugram,46,Female,Email
905,2026-01-22,Delhi,29,Male,Meta Ads
906,2025-08-13,Mumbai,38,Male,Affiliate
907,2025-04-05,Kolkata,51,Female,Google Ads
908,2025-07-22,Noida,23,Male,Email
909,2025-02-19,Chennai,33,Female,Meta Ads
910,2026-02-24,Bengaluru,54,Male,Organic
911,2025-04-11,Noida,27,Female,Influencer
912,2025-07-25,Jaipur,31,Female,Meta Ads
913,2026-06-19,Hyderabad,36,Female,Google Ads
914,2025-11-19,Pune,44,Female,Organic
915,2025-09-07,Delhi,29,Female,Google Ads
916,2025-10-23,Mumbai,48,Male,Google Ads
917,2026-03-04,Pune,28,Male,Organic
918,2025-05-19,Pune,33,Female,Google Ads
919,2025-12-13,Delhi,40,Female,Google Ads
920,2026-04-21,Pune,20,Male,Meta Ads
921,2025-11-08,Jaipur,47,Female,Meta Ads
922,2025-09-01,Chennai,44,Male,Influencer
923,2025-03-21,Gurugram,50,Male,Meta Ads
924,2025-05-16,Jaipur,29,Female,Meta Ads
925,2026-05-31,Pune,34,Female,Organic
926,2025-10-22,Delhi,52,Female,Affiliate
927,2025-06-14,Noida,22,Male,Meta Ads
928,2025-08-17,Jaipur,37,Male,Organic
929,2025-11-12,Gurugram,37,Female,Organic
930,2025-10-20,Delhi,36,Male,Meta Ads
931,2026-01-17,Bengaluru,35,Female,Google Ads
932,2025-05-21,Hyderabad,46,Male,Organic
933,2025-12-20,Hyderabad,27,Male,Meta Ads
934,2025-08-30,Pune,52,Male,Meta Ads
935,2026-05-28,Jaipur,52,Male,Email
936,2025-03-28,Chennai,26,Male,Google Ads
937,2025-03-22,Delhi,55,Female,Google Ads
938,2025-09-09,Delhi,29,Female,Meta Ads
939,2025-10-05,Delhi,21,Male,Affiliate
940,2026-01-12,Mumbai,34,Female,Organic
941,2025-08-09,Mumbai,48,Male,Meta Ads
942,2026-05-13,Jaipur,50,Male,Meta Ads
943,2025-09-16,Mumbai,43,Female,Influencer
944,2025-03-12,Delhi,49,Female,Organic
945,2025-03-06,Kolkata,29,Female,Organic
946,2026-06-15,Gurugram,51,Male,Google Ads
947,2025-03-15,Jaipur,42,Male,Google Ads
948,2026-06-01,Chennai,24,Female,Meta Ads
949,2025-06-01,Kolkata,24,Female,Affiliate
950,2025-02-20,Kolkata,29,Female,Influencer
951,2025-06-16,Noida,22,Other,Google Ads
952,2025-12-02,Pune,30,Male,Organic
953,2025-08-22,Bengaluru,55,Female,Affiliate
954,2026-03-05,Pune,28,Female,Affiliate
955,2025-11-29,Chennai,42,Male,Meta Ads
956,2025-08-07,Hyderabad,55,Male,Meta Ads
957,2025-12-12,Mumbai,29,Female,Influencer
958,2026-06-14,Jaipur,45,Male,Meta Ads
959,2025-08-13,Pune,36,Female,Meta Ads
960,2025-03-25,Kolkata,30,Female,Google Ads
961,2025-08-11,Gurugram,54,Male,Email
962,2026-04-03,Kolkata,43,Female,Google Ads
963,2025-04-29,Mumbai,35,Female,Email
964,2026-06-02,Bengaluru,49,Male,Influencer
965,2025-11-17,Kolkata,52,Female,Email
966,2025-11-24,Mumbai,48,Male,Influencer
967,2025-06-22,Gurugram,51,Other,Influencer
968,2026-05-17,Jaipur,31,Male,Affiliate
969,2025-01-20,Jaipur,32,Male,Organic
970,2025-06-12,Mumbai,28,Female,Affiliate
971,2025-08-17,Mumbai,45,Male,Email
972,2025-09-18,Gurugram,48,Male,Google Ads
973,2025-09-16,Delhi,43,Male,Influencer
974,2025-03-22,Hyderabad,41,Female,Email
975,2025-05-03,Gurugram,47,Female,Influencer
976,2025-02-21,Kolkata,26,Male,Meta Ads
977,2025-11-08,Noida,33,Male,Meta Ads
978,2025-07-11,Pune,45,Male,Organic
979,2025-11-05,Hyderabad,21,Female,Organic
980,2025-11-18,Pune,52,Male,Meta Ads
981,2026-01-18,Noida,26,Female,Affiliate
982,2025-10-26,Bengaluru,48,Female,Email
983,2025-12-20,Pune,42,Female,Google Ads
984,2025-11-16,Mumbai,50,Female,Organic
985,2025-12-22,Kolkata,47,Male,Google Ads
986,2025-12-03,Hyderabad,38,Female,Meta Ads
987,2025-06-22,Mumbai,47,Male,Google Ads
988,2025-05-15,Delhi,32,Female,Google Ads
989,2026-03-06,Noida,41,Male,Influencer
990,2025-07-06,Bengaluru,52,Male,Google Ads
991,2025-10-27,Bengaluru,23,Male,Organic
992,2025-04-18,Kolkata,32,Male,Organic
993,2025-08-24,Chennai,20,Female,Google Ads
994,2025-10-16,Noida,39,Female,Influencer
995,2025-12-08,Hyderabad,48,Male,Google Ads
996,2025-10-14,Bengaluru,21,Female,Email
997,2025-07-16,Noida,39,Female,Affiliate
998,2026-06-09,Pune,34,Male,Organic
999,2025-10-07,Hyderabad,48,Male,Meta Ads
1000,2026-03-17,Delhi,27,Female,Affiliate
1001,2026-02-06,Bengaluru,25,Male,Influencer
1002,2025-11-01,Chennai,23,Female,Meta Ads
1003,2026-04-29,Mumbai,34,Male,Organic
1004,2025-03-11,Mumbai,37,Male,Meta Ads
1005,2026-05-17,Noida,53,Female,Meta Ads
1006,2026-04-09,Gurugram,36,Female,Meta Ads
1007,2025-10-02,Jaipur,26,Other,Google Ads
1008,2026-02-04,Pune,45,Male,Organic
1009,2025-10-11,Noida,22,Female,Google Ads
1010,2025-05-27,Bengaluru,32,Female,Google Ads
1011,2026-03-12,Noida,43,Female,Meta Ads
1012,2025-05-15,Bengaluru,29,Female,Google Ads
1013,2025-06-21,Noida,41,Other,Email
1014,2025-10-11,Pune,36,Female,Email
1015,2026-04-02,Hyderabad,54,Other,Google Ads
1016,2025-07-29,Pune,30,Female,Google Ads
1017,2025-09-27,Bengaluru,52,Female,Google Ads
1018,2025-01-23,Gurugram,42,Female,Email
1019,2025-03-05,Gurugram,46,Female,Meta Ads
1020,2025-01-31,Gurugram,26,Male,Organic
1021,2025-02-09,Bengaluru,20,Male,Organic
1022,2026-04-19,Bengaluru,46,Male,Meta Ads
1023,2026-04-04,Pune,37,Female,Google Ads
1024,2026-03-24,Delhi,31,Male,Meta Ads
1025,2025-01-31,Gurugram,52,Male,Meta Ads
1026,2025-02-12,Kolkata,31,Female,Meta Ads
1027,2025-06-02,Jaipur,35,Male,Influencer
1028,2025-11-05,Jaipur,46,Female,Google Ads
1029,2025-07-02,Mumbai,54,Female,Meta Ads
1030,2025-09-23,Noida,52,Male,Affiliate
1031,2025-04-05,Noida,43,Male,Influencer
1032,2026-02-03,Noida,23,Female,Meta Ads
1033,2025-06-21,Jaipur,23,Female,Email
1034,2025-02-06,Kolkata,44,Male,Google Ads
1035,2026-02-09,Kolkata,38,Male,Affiliate
1036,2026-05-08,Chennai,24,Female,Email
1037,2025-01-09,Mumbai,45,Female,Meta Ads
1038,2025-08-26,Bengaluru,53,Female,Meta Ads
1039,2026-03-27,Kolkata,22,Male,Meta Ads
1040,2026-01-20,Kolkata,49,Other,Organic
1041,2026-04-12,Hyderabad,32,Female,Google Ads
1042,2025-08-15,Kolkata,34,Male,Email
1043,2025-07-22,Mumbai,45,Female,Google Ads
1044,2026-01-22,Bengaluru,28,Female,Organic
1045,2025-03-25,Kolkata,25,Female,Google Ads
1046,2025-05-11,Mumbai,54,Female,Influencer
1047,2025-11-24,Chennai,32,Male,Meta Ads
1048,2025-12-31,Bengaluru,26,Female,Meta Ads
1049,2025-03-07,Gurugram,44,Male,Meta Ads
1050,2025-10-05,Gurugram,27,Female,Email
1051,2025-07-18,Pune,47,Male,Meta Ads
1052,2025-10-01,Bengaluru,22,Male,Meta Ads
1053,2026-06-07,Mumbai,38,Female,Google Ads
1054,2025-02-11,Chennai,34,Male,Meta Ads
1055,2026-06-27,Delhi,54,Female,Affiliate
1056,2025-09-03,Delhi,38,Male,Google Ads
1057,2026-02-25,Jaipur,53,Male,Affiliate
1058,2025-08-20,Pune,28,Male,Affiliate
1059,2025-06-19,Hyderabad,37,Male,Organic
1060,2026-02-24,Delhi,49,Male,Google Ads
1061,2026-01-10,Hyderabad,25,Male,Email
1062,2025-03-20,Bengaluru,53,Female,Affiliate
1063,2026-01-20,Hyderabad,47,Female,Meta Ads
1064,2026-02-15,Delhi,44,Male,Meta Ads
1065,2025-07-31,Hyderabad,28,Male,Meta Ads
1066,2026-05-20,Hyderabad,49,Male,Meta Ads
1067,2025-12-16,Gurugram,50,Male,Google Ads
1068,2025-07-01,Delhi,30,Male,Google Ads
1069,2025-01-06,Jaipur,41,Female,Organic
1070,2026-01-03,Chennai,22,Female,Meta Ads
1071,2025-04-24,Pune,34,Female,Google Ads
1072,2026-02-17,Chennai,25,Female,Influencer
1073,2025-09-12,Pune,40,Female,Meta Ads
1074,2025-03-31,Noida,39,Male,Google Ads
1075,2026-01-23,Bengaluru,39,Male,Google Ads
1076,2025-04-01,Kolkata,44,Female,Meta Ads
1077,2025-08-16,Gurugram,53,Male,Email
1078,2026-04-01,Jaipur,27,Male,Google Ads
1079,2026-05-17,Delhi,27,Other,Affiliate
1080,2026-06-24,Mumbai,27,Male,Affiliate
1081,2026-06-07,Mumbai,53,Male,Meta Ads
1082,2025-10-31,Pune,23,Female,Organic
1083,2025-04-20,Noida,21,Male,Email
1084,2026-04-03,Gurugram,25,Male,Affiliate
1085,2026-03-13,Pune,47,Male,Meta Ads
1086,2026-06-24,Gurugram,40,Male,Organic
1087,2025-12-21,Kolkata,53,Other,Google Ads
1088,2025-03-19,Kolkata,27,Female,Google Ads
1089,2025-10-02,Mumbai,34,Male,Affiliate
1090,2025-09-02,Hyderabad,39,Male,Meta Ads
1091,2026-04-05,Mumbai,22,Male,Meta Ads
1092,2025-08-02,Mumbai,53,Female,Google Ads
1093,2025-06-29,Pune,48,Male,Affiliate
1094,2025-02-13,Gurugram,25,Male,Meta Ads
1095,2026-04-01,Noida,50,Female,Google Ads
1096,2026-02-16,Gurugram,36,Female,Organic
1097,2025-01-23,Jaipur,32,Female,Google Ads
1098,2025-08-25,Gurugram,54,Female,Meta Ads
1099,2025-09-19,Mumbai,38,Female,Organic
1100,2025-09-13,Pune,28,Female,Influencer
1101,2026-05-16,Noida,49,Female,Organic
1102,2025-03-24,Gurugram,45,Male,Google Ads
1103,2025-06-16,Noida,26,Male,Meta Ads
1104,2025-04-09,Jaipur,44,Male,Affiliate
1105,2025-05-14,Jaipur,42,Other,Meta Ads
1106,2026-05-10,Chennai,29,Female,Organic
1107,2026-05-28,Gurugram,35,Female,Meta Ads
1108,2025-01-25,Pune,50,Male,Affiliate
1109,2025-12-11,Pune,26,Female,Meta Ads
1110,2025-05-07,Kolkata,46,Male,Influencer
1111,2025-04-15,Noida,49,Male,Meta Ads
1112,2025-06-09,Chennai,53,Female,Organic
1113,2025-04-16,Noida,31,Female,Google Ads
1114,2025-09-25,Hyderabad,29,Female,Email
1115,2026-06-27,Kolkata,53,Male,Meta Ads
1116,2025-11-16,Delhi,36,Male,Google Ads
1117,2026-01-30,Noida,40,Male,Meta Ads
1118,2025-09-26,Kolkata,38,Male,Google Ads
1119,2025-01-08,Delhi,38,Female,Influencer
1120,2025-02-15,Pune,42,Male,Affiliate
1121,2025-05-27,Hyderabad,35,Male,Organic
1122,2025-05-13,Mumbai,34,Male,Meta Ads
1123,2026-04-04,Kolkata,34,Female,Meta Ads
1124,2026-04-05,Kolkata,43,Female,Meta Ads
1125,2026-04-11,Mumbai,49,Male,Google Ads
1126,2025-12-14,Delhi,39,Male,Email
1127,2025-10-31,Noida,44,Female,Affiliate
1128,2025-12-20,Noida,34,Female,Google Ads
1129,2025-08-10,Jaipur,47,Male,Google Ads
1130,2026-01-01,Hyderabad,34,Male,Google Ads
1131,2026-03-09,Pune,35,Other,Meta Ads
1132,2026-02-20,Gurugram,21,Female,Google Ads
1133,2025-12-01,Kolkata,29,Male,Meta Ads
1134,2025-02-01,Chennai,46,Male,Google Ads
1135,2026-01-31,Chennai,23,Male,Google Ads
1136,2025-07-19,Bengaluru,28,Male,Organic
1137,2026-02-10,Pune,47,Male,Influencer
1138,2025-10-22,Hyderabad,51,Male,Google Ads
1139,2026-04-26,Mumbai,34,Male,Google Ads
1140,2025-07-04,Hyderabad,34,Male,Meta Ads
1141,2026-05-23,Mumbai,38,Female,Affiliate
1142,2026-04-06,Jaipur,47,Male,Email
1143,2025-06-30,Chennai,36,Female,Email
1144,2025-09-21,Chennai,26,Male,Email
1145,2025-10-17,Chennai,35,Female,Influencer
1146,2026-02-23,Bengaluru,29,Female,Google Ads
1147,2026-01-11,Jaipur,44,Female,Google Ads
1148,2026-04-10,Gurugram,25,Male,Meta Ads
1149,2025-07-21,Hyderabad,41,Male,Meta Ads
1150,2025-10-03,Delhi,24,Female,Google Ads
1151,2025-08-23,Gurugram,54,Male,Affiliate
1152,2026-05-11,Hyderabad,43,Male,Organic
1153,2025-06-16,Bengaluru,25,Male,Influencer
1154,2025-11-16,Jaipur,54,Female,Influencer
1155,2025-03-07,Pune,40,Female,Email
1156,2026-04-09,Bengaluru,41,Male,Affiliate
1157,2025-07-29,Bengaluru,22,Female,Organic
1158,2025-07-05,Pune,26,Female,Meta Ads
1159,2025-11-14,Chennai,49,Male,Organic
1160,2025-09-29,Gurugram,36,Male,Influencer
1161,2026-04-08,Hyderabad,42,Male,Organic
1162,2025-10-17,Hyderabad,55,Female,Organic
1163,2025-10-09,Delhi,35,Female,Google Ads
1164,2025-02-27,Jaipur,33,Female,Affiliate
1165,2025-01-12,Hyderabad,48,Female,Meta Ads
1166,2025-08-06,Gurugram,22,Male,Organic
1167,2026-06-29,Pune,36,Female,Organic
1168,2026-05-15,Pune,50,Female,Email
1169,2025-12-09,Jaipur,28,Female,Google Ads
1170,2025-12-10,Delhi,30,Male,Organic
1171,2025-08-02,Bengaluru,37,Male,Google Ads
1172,2025-04-07,Noida,22,Male,Meta Ads
1173,2025-01-05,Hyderabad,22,Male,Google Ads
1174,2025-07-04,Hyderabad,29,Female,Organic
1175,2025-06-22,Bengaluru,52,Female,Google Ads
1176,2025-04-15,Jaipur,27,Female,Meta Ads
1177,2025-05-22,Hyderabad,46,Male,Affiliate
1178,2025-01-14,Bengaluru,35,Male,Meta Ads
1179,2025-11-28,Delhi,47,Male,Affiliate
1180,2026-05-21,Gurugram,31,Other,Meta Ads
1181,2026-01-12,Kolkata,51,Female,Google Ads
1182,2025-09-02,Bengaluru,33,Female,Organic
1183,2025-08-18,Jaipur,48,Female,Meta Ads
1184,2025-06-17,Hyderabad,49,Female,Influencer
1185,2025-03-19,Hyderabad,35,Male,Meta Ads
1186,2025-11-23,Bengaluru,44,Male,Affiliate
1187,2025-11-05,Hyderabad,24,Male,Meta Ads
1188,2025-01-04,Delhi,37,Male,Affiliate
1189,2025-08-15,Delhi,33,Female,Google Ads
1190,2025-06-01,Bengaluru,54,Male,Organic
1191,2025-04-03,Hyderabad,53,Female,Google Ads
1192,2026-01-19,Hyderabad,48,Female,Affiliate
1193,2025-10-14,Bengaluru,54,Female,Google Ads
1194,2025-12-12,Gurugram,55,Female,Meta Ads
1195,2026-01-24,Chennai,47,Male,Organic
1196,2026-06-20,Pune,41,Female,Meta Ads
1197,2026-03-14,Delhi,27,Male,Organic
1198,2025-12-05,Bengaluru,49,Female,Organic
1199,2026-04-25,Chennai,27,Female,Google Ads
1200,2025-09-18,Chennai,26,Male,Organic
1201,2026-06-21,Gurugram,51,Male,Meta Ads
1202,2026-02-19,Jaipur,24,Female,Email
1203,2025-12-21,Pune,25,Female,Google Ads
1204,2026-05-08,Bengaluru,38,Female,Meta Ads
1205,2025-10-08,Pune,41,Male,Affiliate
1206,2026-01-28,Kolkata,21,Female,Influencer
1207,2025-06-05,Gurugram,33,Female,Influencer
1208,2026-06-09,Noida,28,Male,Organic
1209,2025-12-06,Bengaluru,30,Female,Google Ads
1210,2026-03-03,Delhi,26,Female,Meta Ads
1211,2025-09-09,Kolkata,44,Female,Google Ads
1212,2026-04-18,Jaipur,37,Male,Organic
1213,2025-02-10,Pune,54,Male,Google Ads
1214,2025-03-04,Jaipur,20,Other,Influencer
1215,2025-10-04,Delhi,47,Female,Google Ads
1216,2026-02-04,Pune,52,Male,Google Ads
1217,2026-03-18,Bengaluru,37,Female,Affiliate
1218,2025-08-28,Gurugram,45,Male,Google Ads
1219,2025-12-21,Mumbai,35,Female,Google Ads
1220,2025-10-29,Hyderabad,41,Male,Email
1221,2026-06-09,Pune,52,Male,Influencer
1222,2025-12-23,Noida,39,Other,Meta Ads
1223,2025-08-16,Pune,40,Male,Meta Ads
1224,2026-06-13,Jaipur,55,Female,Google Ads
1225,2025-02-28,Delhi,37,Female,Email
1226,2026-06-21,Kolkata,26,Male,Meta Ads
1227,2025-03-25,Pune,44,Female,Email
1228,2025-06-07,Mumbai,44,Female,Meta Ads
1229,2026-03-24,Chennai,28,Female,Influencer
1230,2026-02-04,Pune,46,Female,Organic
1231,2026-06-13,Chennai,22,Male,Organic
1232,2026-02-13,Delhi,31,Male,Meta Ads
1233,2025-12-14,Delhi,50,Male,Meta Ads
1234,2025-07-08,Pune,42,Female,Meta Ads
1235,2025-01-03,Mumbai,41,Male,Email
1236,2025-03-09,Gurugram,42,Male,Google Ads
1237,2025-06-12,Bengaluru,25,Female,Google Ads
1238,2025-01-23,Chennai,54,Male,Meta Ads
1239,2025-10-04,Noida,30,Female,Google Ads
1240,2026-02-28,Jaipur,48,Male,Google Ads
1241,2026-06-09,Bengaluru,55,Male,Email
1242,2025-09-24,Noida,28,Male,Affiliate
1243,2026-04-22,Delhi,42,Male,Google Ads
1244,2026-06-22,Kolkata,21,Female,Affiliate
1245,2026-04-14,Noida,42,Male,Google Ads
1246,2025-09-11,Bengaluru,35,Female,Influencer
1247,2025-06-27,Pune,22,Female,Email
1248,2026-06-17,Hyderabad,44,Male,Meta Ads
1249,2025-05-12,Gurugram,54,Female,Organic
1250,2025-08-13,Noida,22,Female,Meta Ads
1251,2025-02-10,Chennai,52,Male,Meta Ads
1252,2026-03-09,Bengaluru,50,Female,Meta Ads
1253,2025-12-21,Delhi,39,Male,Influencer
1254,2025-02-16,Noida,52,Female,Affiliate
1255,2025-05-01,Hyderabad,31,Male,Email
1256,2025-10-30,Noida,45,Female,Affiliate
1257,2025-10-22,Mumbai,45,Female,Google Ads
1258,2026-03-14,Noida,40,Other,Email
1259,2025-05-26,Chennai,50,Other,Meta Ads
1260,2026-05-19,Pune,51,Male,Meta Ads
1261,2025-08-31,Chennai,48,Female,Influencer
1262,2026-03-25,Delhi,41,Male,Affiliate
1263,2025-05-10,Mumbai,55,Male,Influencer
1264,2025-01-21,Gurugram,40,Male,Organic
1265,2025-01-31,Pune,42,Female,Meta Ads
1266,2025-07-23,Kolkata,26,Female,Organic
1267,2026-06-04,Gurugram,31,Male,Google Ads
1268,2025-01-27,Chennai,52,Other,Affiliate
1269,2025-07-21,Hyderabad,37,Female,Google Ads
1270,2025-03-01,Kolkata,38,Male,Affiliate
1271,2026-05-23,Delhi,49,Male,Organic
1272,2026-01-04,Jaipur,31,Female,Google Ads
1273,2026-02-20,Bengaluru,29,Female,Google Ads
1274,2026-01-24,Gurugram,20,Male,Meta Ads
1275,2025-12-25,Noida,28,Female,Meta Ads
1276,2026-02-26,Jaipur,38,Male,Affiliate
1277,2025-01-05,Kolkata,46,Female,Google Ads
1278,2026-04-17,Noida,31,Male,Meta Ads
1279,2026-02-08,Bengaluru,35,Male,Meta Ads
1280,2026-02-07,Chennai,27,Male,Google Ads
1281,2025-08-03,Hyderabad,49,Female,Meta Ads
1282,2026-03-13,Noida,38,Male,Affiliate
1283,2025-07-28,Mumbai,25,Male,Organic
1284,2025-01-27,Mumbai,41,Male,Influencer
1285,2026-05-10,Gurugram,32,Female,Meta Ads
1286,2025-05-08,Jaipur,51,Male,Google Ads
1287,2025-02-25,Gurugram,29,Male,Google Ads
1288,2025-12-05,Chennai,51,Male,Meta Ads
1289,2025-05-08,Jaipur,45,Female,Google Ads
1290,2026-04-13,Chennai,24,Male,Google Ads
1291,2025-08-30,Chennai,47,Male,Organic
1292,2025-01-03,Noida,45,Female,Google Ads
1293,2026-06-03,Noida,36,Female,Email
1294,2025-10-08,Chennai,25,Female,Email
1295,2025-05-24,Chennai,37,Male,Organic
1296,2026-01-05,Chennai,41,Female,Meta Ads
1297,2025-10-17,Bengaluru,24,Female,Organic
1298,2025-01-17,Hyderabad,32,Female,Meta Ads
1299,2026-02-19,Delhi,45,Female,Google Ads
1300,2025-08-07,Gurugram,39,Female,Meta Ads
1301,2026-01-17,Hyderabad,55,Female,Google Ads
1302,2026-05-04,Noida,27,Male,Meta Ads
1303,2025-11-29,Noida,48,Other,Organic
1304,2026-01-02,Delhi,35,Female,Affiliate
1305,2025-05-19,Gurugram,28,Female,Google Ads
1306,2025-05-10,Jaipur,54,Male,Google Ads
1307,2025-08-15,Pune,42,Male,Google Ads
1308,2026-04-10,Jaipur,39,Female,Influencer
1309,2025-10-13,Gurugram,30,Female,Meta Ads
1310,2025-07-09,Hyderabad,51,Male,Meta Ads
1311,2026-03-01,Kolkata,21,Female,Google Ads
1312,2026-04-11,Mumbai,24,Male,Affiliate
1313,2026-05-07,Pune,26,Female,Meta Ads
1314,2025-06-12,Pune,43,Female,Google Ads
1315,2026-01-22,Kolkata,23,Female,Meta Ads
1316,2025-11-18,Jaipur,48,Male,Organic
1317,2025-09-02,Pune,27,Male,Meta Ads
1318,2025-08-05,Hyderabad,44,Male,Influencer
1319,2025-03-04,Kolkata,48,Female,Affiliate
1320,2025-05-30,Pune,51,Female,Email
1321,2025-10-27,Mumbai,30,Female,Influencer
1322,2026-04-29,Pune,22,Female,Affiliate
1323,2026-04-18,Hyderabad,47,Male,Meta Ads
1324,2025-04-13,Gurugram,36,Male,Organic
1325,2026-01-06,Hyderabad,54,Female,Email
1326,2025-02-16,Pune,26,Female,Email
1327,2026-01-03,Jaipur,40,Male,Email
1328,2025-07-06,Hyderabad,24,Female,Affiliate
1329,2025-09-03,Noida,37,Female,Influencer
1330,2026-01-27,Jaipur,20,Male,Meta Ads
1331,2025-08-20,Hyderabad,47,Male,Organic
1332,2026-03-17,Gurugram,41,Female,Organic
1333,2025-10-18,Chennai,23,Male,Affiliate
1334,2026-06-29,Mumbai,37,Male,Meta Ads
1335,2025-12-14,Mumbai,35,Female,Google Ads
1336,2025-06-11,Kolkata,44,Other,Google Ads
1337,2026-02-27,Kolkata,37,Male,Google Ads
1338,2025-08-11,Hyderabad,36,Male,Google Ads
1339,2025-10-19,Mumbai,49,Female,Meta Ads
1340,2025-03-16,Kolkata,38,Male,Google Ads
1341,2025-03-07,Noida,49,Female,Affiliate
1342,2025-11-10,Chennai,51,Female,Meta Ads
1343,2025-04-12,Hyderabad,50,Male,Meta Ads
1344,2026-06-28,Kolkata,54,Female,Organic
1345,2026-04-12,Bengaluru,45,Male,Meta Ads
1346,2026-01-17,Kolkata,40,Female,Organic
1347,2026-02-05,Delhi,39,Female,Affiliate
1348,2025-11-21,Chennai,27,Male,Meta Ads
1349,2025-02-02,Delhi,49,Male,Meta Ads
1350,2025-08-02,Pune,44,Female,Meta Ads
1351,2025-09-28,Noida,51,Male,Meta Ads
1352,2026-05-14,Jaipur,45,Male,Email
1353,2025-04-30,Chennai,37,Male,Meta Ads
1354,2025-09-28,Noida,30,Male,Meta Ads
1355,2025-07-07,Kolkata,55,Female,Meta Ads
1356,2025-03-15,Gurugram,46,Male,Google Ads
1357,2025-02-26,Hyderabad,51,Male,Google Ads
1358,2025-07-19,Delhi,41,Male,Email
1359,2025-02-14,Noida,38,Female,Google Ads
1360,2025-02-06,Gurugram,21,Female,Organic
1361,2025-07-11,Hyderabad,22,Female,Influencer
1362,2025-04-21,Hyderabad,45,Female,Organic
1363,2025-10-30,Kolkata,28,Female,Meta Ads
1364,2025-01-10,Noida,22,Male,Meta Ads
1365,2025-06-14,Chennai,47,Male,Organic
1366,2025-09-05,Delhi,42,Male,Organic
1367,2026-06-09,Gurugram,24,Male,Influencer
1368,2025-12-12,Noida,37,Other,Meta Ads
1369,2026-04-25,Noida,36,Male,Google Ads
1370,2025-07-07,Hyderabad,20,Female,Meta Ads
1371,2025-09-03,Jaipur,41,Male,Influencer
1372,2025-08-18,Pune,34,Male,Organic
1373,2026-04-29,Kolkata,51,Male,Affiliate
1374,2026-06-07,Hyderabad,24,Male,Organic
1375,2026-06-09,Delhi,50,Male,Influencer
1376,2026-02-14,Mumbai,20,Female,Email
1377,2025-10-02,Kolkata,47,Female,Influencer
1378,2025-10-22,Delhi,48,Female,Affiliate
1379,2026-06-19,Delhi,34,Female,Affiliate
1380,2025-06-05,Kolkata,30,Female,Influencer
1381,2025-07-08,Delhi,25,Other,Email
1382,2026-05-04,Jaipur,32,Male,Organic
1383,2025-07-30,Chennai,44,Male,Email
1384,2025-05-09,Pune,46,Male,Organic
1385,2025-11-02,Hyderabad,26,Female,Organic
1386,2025-06-27,Delhi,20,Female,Organic
1387,2026-05-01,Bengaluru,40,Female,Meta Ads
1388,2026-05-11,Kolkata,40,Female,Affiliate
1389,2025-06-16,Jaipur,55,Male,Affiliate
1390,2025-10-16,Bengaluru,47,Female,Organic
1391,2026-06-21,Kolkata,39,Female,Meta Ads
1392,2026-02-09,Chennai,41,Female,Affiliate
1393,2025-04-28,Delhi,43,Male,Organic
1394,2025-11-18,Pune,36,Male,Meta Ads
1395,2025-12-04,Pune,44,Male,Email
1396,2025-12-23,Hyderabad,27,Female,Organic
1397,2025-01-14,Chennai,49,Male,Organic
1398,2025-06-13,Kolkata,51,Male,Meta Ads
1399,2026-04-11,Hyderabad,35,Female,Meta Ads
1400,2025-05-12,Mumbai,36,Female,Affiliate
1401,2025-06-13,Jaipur,37,Female,Influencer
1402,2025-06-25,Jaipur,49,Female,Meta Ads
1403,2025-04-07,Pune,26,Female,Influencer
1404,2025-03-26,Pune,32,Male,Meta Ads
1405,2025-07-09,Noida,42,Female,Google Ads
1406,2026-04-22,Bengaluru,44,Male,Organic
1407,2025-01-01,Noida,30,Male,Google Ads
1408,2025-06-04,Hyderabad,24,Other,Google Ads
1409,2025-02-03,Kolkata,38,Female,Influencer
1410,2025-11-03,Gurugram,42,Female,Email
1411,2025-05-17,Jaipur,47,Female,Meta Ads
1412,2026-03-08,Noida,20,Female,Meta Ads
1413,2025-11-15,Delhi,20,Male,Email
1414,2026-03-04,Jaipur,33,Male,Organic
1415,2025-12-13,Noida,40,Male,Meta Ads
1416,2025-08-27,Chennai,20,Male,Meta Ads
1417,2026-04-15,Chennai,26,Male,Email
1418,2025-09-17,Mumbai,35,Female,Organic
1419,2026-06-02,Delhi,30,Male,Influencer
1420,2026-06-27,Mumbai,45,Female,Meta Ads
1421,2025-11-18,Delhi,21,Female,Affiliate
1422,2026-01-03,Pune,51,Male,Influencer
1423,2025-05-20,Kolkata,26,Female,Meta Ads
1424,2026-03-20,Jaipur,35,Male,Google Ads
1425,2026-01-02,Kolkata,55,Female,Organic
1426,2026-05-07,Chennai,43,Female,Influencer
1427,2025-05-26,Kolkata,55,Male,Google Ads
1428,2026-03-06,Chennai,20,Male,Google Ads
1429,2025-09-14,Pune,45,Female,Organic
1430,2025-04-11,Jaipur,22,Male,Affiliate
1431,2025-04-04,Mumbai,42,Female,Google Ads
1432,2025-11-03,Bengaluru,31,Male,Meta Ads
1433,2025-06-24,Jaipur,47,Female,Google Ads
1434,2025-02-25,Mumbai,24,Male,Influencer
1435,2025-08-21,Gurugram,52,Male,Organic
1436,2025-12-22,Noida,37,Male,Meta Ads
1437,2025-06-23,Gurugram,38,Male,Affiliate
1438,2026-06-05,Hyderabad,40,Female,Email
1439,2026-03-01,Kolkata,21,Female,Influencer
1440,2025-10-07,Noida,31,Male,Google Ads
1441,2026-05-25,Pune,45,Male,Google Ads
1442,2025-08-24,Chennai,54,Male,Meta Ads
1443,2025-03-18,Kolkata,55,Female,Google Ads
1444,2025-01-20,Chennai,39,Female,Affiliate
1445,2026-05-27,Noida,29,Female,Email
1446,2026-06-08,Bengaluru,37,Female,Meta Ads
1447,2026-02-07,Jaipur,36,Male,Organic
1448,2025-02-26,Jaipur,34,Male,Email
1449,2025-06-10,Pune,33,Female,Email
1450,2025-01-23,Jaipur,51,Male,Google Ads
1451,2025-01-28,Pune,34,Male,Influencer
1452,2025-05-15,Delhi,21,Male,Organic
1453,2025-11-08,Jaipur,45,Female,Affiliate
1454,2025-02-05,Noida,43,Female,Organic
1455,2026-06-21,Mumbai,33,Other,Email
1456,2025-09-06,Gurugram,42,Male,Google Ads
1457,2025-05-24,Chennai,53,Male,Organic
1458,2025-10-09,Delhi,53,Male,Google Ads
1459,2026-03-07,Pune,48,Female,Influencer
1460,2025-06-20,Kolkata,41,Male,Google Ads
1461,2025-01-26,Chennai,20,Female,Meta Ads
1462,2025-01-28,Mumbai,38,Female,Email
1463,2026-04-10,Kolkata,49,Female,Email
1464,2025-03-02,Mumbai,50,Female,Organic
1465,2025-12-13,Pune,47,Male,Affiliate
1466,2025-07-29,Hyderabad,55,Female,Organic
1467,2026-02-28,Delhi,38,Male,Influencer
1468,2025-02-02,Delhi,23,Female,Meta Ads
1469,2026-05-05,Noida,37,Female,Email
1470,2026-01-16,Jaipur,31,Female,Affiliate
1471,2025-09-02,Jaipur,50,Male,Meta Ads
1472,2025-04-23,Bengaluru,47,Other,Google Ads
1473,2026-06-17,Jaipur,35,Female,Google Ads
1474,2025-06-14,Delhi,33,Female,Organic
1475,2025-09-25,Jaipur,25,Other,Organic
1476,2025-08-03,Gurugram,21,Female,Meta Ads
1477,2025-05-06,Delhi,31,Male,Google Ads
1478,2025-08-16,Chennai,28,Male,Google Ads
1479,2025-03-24,Mumbai,29,Male,Meta Ads
1480,2025-01-01,Gurugram,55,Female,Google Ads
1481,2025-06-08,Chennai,44,Female,Affiliate
1482,2025-03-03,Mumbai,39,Male,Influencer
1483,2025-08-15,Chennai,26,Male,Organic
1484,2026-04-16,Noida,50,Female,Affiliate
1485,2025-03-30,Delhi,43,Female,Influencer
1486,2025-01-01,Mumbai,38,Other,Organic
1487,2025-03-02,Pune,36,Male,Email
1488,2025-10-04,Gurugram,39,Female,Affiliate
1489,2025-05-30,Noida,50,Male,Email
1490,2025-09-24,Chennai,45,Male,Meta Ads
1491,2025-01-16,Bengaluru,37,Female,Google Ads
1492,2025-07-01,Bengaluru,44,Male,Organic
1493,2025-08-12,Gurugram,53,Female,Affiliate
1494,2025-08-24,Delhi,31,Male,Organic
1495,2025-10-28,Delhi,52,Male,Meta Ads
1496,2026-03-02,Pune,41,Female,Organic
1497,2025-09-12,Delhi,26,Male,Affiliate
1498,2026-04-04,Gurugram,54,Male,Organic
1499,2025-10-16,Jaipur,44,Male,Meta Ads
1500,2025-05-22,Mumbai,33,Male,Meta Ads
1501,2025-05-05,Chennai,27,Female,Meta Ads
1502,2025-06-25,Mumbai,52,Male,Influencer
1503,2025-11-22,Jaipur,49,Female,Google Ads
1504,2025-05-13,Kolkata,21,Female,Affiliate
1505,2026-05-14,Bengaluru,42,Female,Google Ads
1506,2025-09-19,Pune,24,Female,Influencer
1507,2026-04-16,Bengaluru,30,Female,Meta Ads
1508,2026-01-08,Jaipur,40,Female,Organic
1509,2025-07-01,Mumbai,28,Male,Organic
1510,2025-05-05,Kolkata,38,Female,Organic
1511,2026-02-10,Pune,35,Male,Affiliate
1512,2025-06-30,Pune,40,Female,Google Ads
1513,2025-05-15,Mumbai,48,Female,Meta Ads
1514,2026-05-23,Kolkata,25,Male,Google Ads
1515,2025-09-21,Chennai,48,Male,Organic
1516,2025-01-27,Kolkata,28,Male,Organic
1517,2025-09-27,Kolkata,21,Male,Meta Ads
1518,2025-09-09,Noida,36,Female,Affiliate
1519,2026-04-16,Kolkata,30,Male,Meta Ads
1520,2026-01-23,Kolkata,26,Female,Meta Ads
1521,2025-04-15,Gurugram,35,Female,Meta Ads
1522,2025-03-23,Jaipur,51,Male,Organic
1523,2025-11-25,Hyderabad,41,Male,Google Ads
1524,2025-01-26,Mumbai,46,Male,Influencer
1525,2025-06-23,Gurugram,25,Female,Organic
1526,2025-03-17,Mumbai,22,Male,Email
1527,2025-01-12,Delhi,32,Male,Google Ads
1528,2026-05-16,Pune,47,Other,Affiliate
1529,2025-02-18,Chennai,51,Female,Affiliate
1530,2025-01-06,Pune,23,Male,Email
1531,2026-05-24,Hyderabad,37,Female,Meta Ads
1532,2025-04-13,Mumbai,34,Female,Meta Ads
1533,2026-03-22,Chennai,46,Female,Meta Ads
1534,2025-01-18,Kolkata,27,Male,Meta Ads
1535,2025-03-25,Delhi,37,Female,Organic
1536,2025-03-02,Mumbai,50,Male,Meta Ads
1537,2026-01-20,Jaipur,36,Male,Affiliate
1538,2025-12-04,Kolkata,48,Male,Meta Ads
1539,2025-09-17,Jaipur,42,Female,Organic
1540,2025-05-12,Noida,41,Female,Influencer
1541,2025-02-18,Bengaluru,29,Female,Meta Ads
1542,2025-11-07,Noida,55,Female,Google Ads
1543,2025-05-06,Kolkata,28,Male,Email
1544,2025-11-18,Hyderabad,53,Male,Meta Ads
1545,2026-01-10,Gurugram,55,Female,Affiliate
1546,2026-04-08,Delhi,38,Male,Affiliate
1547,2025-09-27,Chennai,51,Male,Organic
1548,2025-01-03,Kolkata,45,Female,Influencer
1549,2025-06-02,Kolkata,46,Male,Meta Ads
1550,2026-04-11,Jaipur,22,Male,Google Ads
1551,2025-10-18,Kolkata,24,Female,Meta Ads
1552,2025-12-04,Chennai,22,Other,Organic
1553,2025-09-07,Kolkata,21,Female,Google Ads
1554,2025-03-30,Jaipur,50,Male,Google Ads
1555,2026-05-04,Bengaluru,26,Female,Influencer
1556,2026-02-26,Chennai,20,Female,Meta Ads
1557,2026-06-27,Kolkata,53,Male,Google Ads
1558,2026-04-12,Noida,30,Female,Meta Ads
1559,2025-06-08,Pune,49,Female,Google Ads
1560,2025-05-19,Mumbai,54,Female,Google Ads
1561,2025-05-16,Noida,38,Male,Meta Ads
1562,2026-05-16,Noida,53,Female,Meta Ads
1563,2025-10-31,Noida,54,Male,Affiliate
1564,2025-09-05,Kolkata,25,Male,Meta Ads
1565,2026-06-12,Chennai,25,Male,Organic
1566,2025-11-25,Noida,33,Male,Organic
1567,2026-05-11,Pune,40,Male,Affiliate
1568,2026-06-21,Pune,48,Female,Influencer
1569,2025-02-13,Hyderabad,26,Female,Meta Ads
1570,2025-07-17,Pune,26,Male,Google Ads
1571,2026-02-05,Jaipur,31,Female,Google Ads
1572,2026-03-20,Hyderabad,29,Other,Google Ads
1573,2025-03-22,Pune,53,Male,Affiliate
1574,2025-06-23,Hyderabad,34,Female,Email
1575,2025-10-26,Mumbai,51,Other,Google Ads
1576,2026-03-12,Kolkata,22,Female,Google Ads
1577,2025-03-03,Bengaluru,23,Female,Affiliate
1578,2025-11-24,Chennai,48,Female,Email
1579,2025-06-11,Pune,28,Female,Google Ads
1580,2025-04-28,Pune,22,Male,Affiliate
1581,2025-10-08,Chennai,41,Male,Organic
1582,2025-08-14,Chennai,25,Female,Meta Ads
1583,2025-12-13,Hyderabad,22,Male,Meta Ads
1584,2025-06-23,Pune,34,Male,Organic
1585,2026-03-25,Hyderabad,39,Male,Meta Ads
1586,2025-02-12,Mumbai,38,Female,Influencer
1587,2025-01-17,Chennai,41,Female,Affiliate
1588,2026-02-06,Kolkata,20,Male,Organic
1589,2025-07-08,Chennai,30,Male,Organic
1590,2025-07-28,Chennai,32,Male,Influencer
1591,2025-01-11,Kolkata,30,Male,Google Ads
1592,2026-01-18,Mumbai,40,Female,Google Ads
1593,2025-04-01,Delhi,28,Male,Affiliate
1594,2025-12-26,Mumbai,42,Female,Google Ads
1595,2026-01-31,Chennai,53,Male,Organic
1596,2026-04-06,Kolkata,43,Male,Email
1597,2026-01-21,Hyderabad,33,Female,Meta Ads
1598,2025-06-14,Chennai,35,Male,Google Ads
1599,2026-02-07,Delhi,41,Male,Organic
1600,2026-03-27,Pune,46,Male,Google Ads
1601,2025-06-22,Pune,30,Female,Google Ads
1602,2025-03-09,Hyderabad,21,Male,Meta Ads
1603,2026-05-01,Chennai,45,Female,Google Ads
1604,2025-03-22,Bengaluru,43,Female,Organic
1605,2025-11-20,Hyderabad,23,Female,Influencer
1606,2025-05-09,Pune,42,Female,Organic
1607,2025-03-10,Chennai,22,Female,Organic
1608,2026-02-28,Gurugram,43,Female,Meta Ads
1609,2025-03-20,Mumbai,46,Male,Influencer
1610,2026-01-01,Bengaluru,20,Female,Affiliate
1611,2026-01-13,Gurugram,46,Female,Affiliate
1612,2025-02-02,Mumbai,24,Male,Google Ads
1613,2025-04-05,Mumbai,29,Female,Google Ads
1614,2026-03-09,Mumbai,45,Male,Google Ads
1615,2025-10-04,Bengaluru,32,Female,Meta Ads
1616,2025-03-08,Hyderabad,55,Male,Google Ads
1617,2026-06-25,Pune,54,Male,Affiliate
1618,2025-05-25,Mumbai,55,Male,Google Ads
1619,2025-01-03,Kolkata,23,Male,Google Ads
1620,2026-05-19,Bengaluru,26,Male,Affiliate
1621,2025-01-10,Chennai,26,Male,Influencer
1622,2025-10-29,Noida,41,Female,Google Ads
1623,2026-06-26,Noida,35,Male,Meta Ads
1624,2025-11-11,Bengaluru,46,Other,Affiliate
1625,2025-11-15,Mumbai,30,Female,Influencer
1626,2025-07-31,Bengaluru,27,Male,Organic
1627,2025-03-11,Noida,43,Male,Meta Ads
1628,2025-11-09,Bengaluru,42,Male,Organic
1629,2026-05-05,Pune,44,Male,Affiliate
1630,2025-02-19,Chennai,31,Female,Google Ads
1631,2026-04-25,Gurugram,38,Female,Meta Ads
1632,2025-08-15,Mumbai,53,Female,Affiliate
1633,2025-10-20,Hyderabad,42,Male,Organic
1634,2025-04-01,Hyderabad,53,Female,Google Ads
1635,2025-12-05,Chennai,35,Male,Organic
1636,2025-04-10,Mumbai,21,Female,Organic
1637,2025-05-29,Pune,47,Female,Meta Ads
1638,2026-01-29,Kolkata,36,Male,Meta Ads
1639,2025-01-28,Gurugram,21,Female,Meta Ads
1640,2025-09-01,Kolkata,24,Female,Influencer
1641,2025-11-21,Mumbai,31,Female,Google Ads
1642,2025-03-13,Mumbai,26,Male,Affiliate
1643,2025-06-10,Pune,44,Female,Email
1644,2025-07-07,Pune,42,Male,Affiliate
1645,2025-12-28,Hyderabad,31,Male,Influencer
1646,2026-06-17,Gurugram,23,Female,Influencer
1647,2026-04-01,Delhi,22,Male,Affiliate
1648,2025-04-14,Jaipur,54,Male,Meta Ads
1649,2025-01-10,Kolkata,32,Other,Meta Ads
1650,2025-01-29,Kolkata,23,Male,Meta Ads
1651,2025-11-21,Hyderabad,45,Female,Organic
1652,2025-03-27,Kolkata,51,Female,Meta Ads
1653,2025-05-07,Bengaluru,24,Male,Meta Ads
1654,2026-04-07,Delhi,54,Female,Google Ads
1655,2026-04-22,Noida,46,Female,Organic
1656,2026-04-03,Gurugram,29,Female,Google Ads
1657,2025-05-19,Mumbai,47,Female,Meta Ads
1658,2025-12-04,Jaipur,35,Female,Email
1659,2025-11-29,Mumbai,42,Female,Email
1660,2025-04-11,Pune,24,Male,Affiliate
1661,2025-10-29,Gurugram,28,Male,Organic
1662,2025-10-14,Pune,47,Female,Affiliate
1663,2025-08-04,Hyderabad,48,Female,Meta Ads
1664,2026-02-14,Noida,20,Female,Google Ads
1665,2026-01-05,Bengaluru,27,Male,Organic
1666,2025-10-18,Noida,41,Female,Google Ads
1667,2026-01-31,Kolkata,52,Male,Affiliate
1668,2026-02-20,Chennai,44,Male,Influencer
1669,2025-11-05,Jaipur,45,Female,Meta Ads
1670,2025-05-26,Kolkata,33,Male,Organic
1671,2026-02-18,Gurugram,21,Female,Meta Ads
1672,2026-01-27,Chennai,47,Male,Meta Ads
1673,2026-06-20,Noida,48,Female,Meta Ads
1674,2025-03-23,Jaipur,35,Female,Organic
1675,2025-08-17,Chennai,38,Male,Influencer
1676,2026-05-19,Pune,28,Female,Meta Ads
1677,2025-10-08,Jaipur,36,Female,Organic
1678,2026-05-29,Kolkata,28,Male,Meta Ads
1679,2025-01-07,Kolkata,35,Female,Meta Ads
1680,2025-01-20,Noida,24,Female,Organic
1681,2026-03-10,Delhi,41,Male,Organic
1682,2025-07-15,Jaipur,28,Female,Organic
1683,2025-10-11,Gurugram,46,Male,Influencer
1684,2025-08-22,Bengaluru,38,Male,Google Ads
1685,2025-08-11,Delhi,52,Male,Email
1686,2026-05-28,Pune,27,Female,Meta Ads
1687,2025-02-21,Kolkata,29,Female,Affiliate
1688,2026-02-25,Kolkata,28,Male,Google Ads
1689,2026-04-30,Hyderabad,42,Male,Google Ads
1690,2025-12-25,Pune,23,Male,Organic
1691,2025-08-04,Hyderabad,44,Female,Meta Ads
1692,2025-03-29,Bengaluru,49,Male,Organic
1693,2026-01-08,Hyderabad,44,Male,Influencer
1694,2025-09-13,Jaipur,24,Male,Meta Ads
1695,2025-03-23,Gurugram,37,Male,Email
1696,2025-07-16,Bengaluru,39,Female,Influencer
1697,2026-06-09,Pune,34,Female,Organic
1698,2025-05-25,Hyderabad,36,Male,Google Ads
1699,2025-04-08,Delhi,47,Female,Affiliate
1700,2026-01-07,Gurugram,50,Male,Email
1701,2025-04-19,Pune,30,Female,Affiliate
1702,2026-05-17,Pune,31,Male,Email
1703,2026-04-14,Chennai,27,Male,Google Ads
1704,2026-06-21,Jaipur,34,Female,Affiliate
1705,2026-05-13,Pune,39,Male,Google Ads
1706,2025-05-13,Hyderabad,45,Female,Affiliate
1707,2025-04-26,Mumbai,29,Male,Affiliate
1708,2025-07-06,Mumbai,27,Male,Influencer
1709,2025-09-14,Kolkata,21,Female,Google Ads
1710,2026-04-25,Bengaluru,23,Male,Meta Ads
1711,2026-02-04,Chennai,21,Male,Google Ads
1712,2025-12-18,Noida,27,Female,Meta Ads
1713,2026-04-24,Noida,45,Male,Meta Ads
1714,2025-12-19,Gurugram,47,Female,Email
1715,2025-07-26,Noida,55,Male,Meta Ads
1716,2025-08-14,Pune,39,Female,Influencer
1717,2025-10-09,Pune,36,Female,Meta Ads
1718,2025-02-18,Hyderabad,52,Male,Meta Ads
1719,2026-02-09,Gurugram,25,Female,Organic
1720,2025-12-22,Hyderabad,42,Female,Meta Ads
1721,2026-02-03,Noida,49,Female,Organic
1722,2025-10-18,Bengaluru,38,Male,Organic
1723,2026-03-03,Noida,29,Female,Organic
1724,2026-06-02,Delhi,42,Female,Organic
1725,2025-11-07,Noida,55,Female,Affiliate
1726,2025-08-31,Noida,28,Female,Influencer
1727,2025-02-27,Bengaluru,40,Female,Google Ads
1728,2026-03-01,Hyderabad,21,Female,Meta Ads
1729,2026-05-08,Pune,28,Female,Affiliate
1730,2026-01-17,Bengaluru,47,Female,Google Ads
1731,2026-04-17,Noida,37,Female,Email
1732,2026-04-15,Delhi,27,Male,Organic
1733,2026-03-11,Chennai,32,Female,Google Ads
1734,2025-10-02,Jaipur,24,Male,Meta Ads
1735,2025-02-24,Gurugram,48,Female,Affiliate
1736,2025-01-02,Gurugram,53,Female,Google Ads
1737,2025-04-22,Mumbai,23,Female,Google Ads
1738,2025-08-23,Gurugram,28,Male,Affiliate
1739,2026-02-10,Gurugram,50,Female,Affiliate
1740,2025-09-06,Bengaluru,51,Male,Email
1741,2025-01-13,Chennai,47,Female,Meta Ads
1742,2025-04-25,Chennai,45,Female,Google Ads
1743,2026-06-18,Jaipur,51,Female,Affiliate
1744,2026-06-23,Mumbai,33,Male,Google Ads
1745,2025-07-25,Bengaluru,52,Female,Influencer
1746,2026-03-15,Mumbai,51,Male,Organic
1747,2026-01-28,Delhi,28,Female,Google Ads
1748,2026-05-23,Mumbai,22,Female,Organic
1749,2026-04-29,Gurugram,38,Female,Influencer
1750,2025-12-09,Bengaluru,47,Male,Affiliate
1751,2025-08-04,Noida,50,Male,Organic
1752,2025-12-08,Chennai,25,Female,Google Ads
1753,2025-06-23,Kolkata,33,Other,Organic
1754,2025-07-09,Jaipur,47,Male,Organic
1755,2025-11-28,Delhi,22,Female,Email
1756,2025-11-08,Noida,46,Male,Meta Ads
1757,2025-11-13,Jaipur,30,Male,Influencer
1758,2025-07-29,Kolkata,20,Other,Email
1759,2025-08-11,Hyderabad,28,Female,Meta Ads
1760,2025-01-06,Mumbai,46,Other,Meta Ads
1761,2025-11-24,Hyderabad,51,Male,Meta Ads
1762,2025-11-10,Hyderabad,22,Female,Meta Ads
1763,2026-05-25,Kolkata,36,Female,Google Ads
1764,2025-10-02,Hyderabad,27,Female,Email
1765,2025-09-12,Delhi,44,Male,Google Ads
1766,2025-02-06,Pune,48,Female,Meta Ads
1767,2025-04-18,Chennai,54,Male,Google Ads
1768,2025-07-04,Gurugram,32,Female,Meta Ads
1769,2025-07-25,Noida,30,Female,Meta Ads
1770,2025-07-17,Noida,31,Male,Meta Ads
1771,2025-08-03,Kolkata,47,Male,Organic
1772,2026-02-24,Bengaluru,36,Female,Meta Ads
1773,2025-03-13,Hyderabad,20,Female,Organic
1774,2025-07-01,Jaipur,54,Male,Google Ads
1775,2025-03-30,Delhi,23,Male,Meta Ads
1776,2025-06-17,Gurugram,53,Female,Google Ads
1777,2026-01-09,Kolkata,25,Male,Meta Ads
1778,2025-01-26,Hyderabad,39,Female,Organic
1779,2025-07-05,Delhi,31,Female,Affiliate
1780,2025-01-13,Chennai,44,Male,Email
1781,2026-06-05,Noida,34,Female,Meta Ads
1782,2026-02-01,Chennai,33,Female,Meta Ads
1783,2025-05-13,Chennai,37,Female,Influencer
1784,2025-04-19,Kolkata,54,Female,Google Ads
1785,2025-02-23,Bengaluru,28,Male,Google Ads
1786,2025-09-15,Gurugram,27,Male,Google Ads
1787,2026-02-15,Kolkata,22,Female,Influencer
1788,2025-11-15,Hyderabad,46,Male,Influencer
1789,2026-04-26,Pune,44,Male,Meta Ads
1790,2025-07-07,Noida,41,Male,Google Ads
1791,2025-06-01,Pune,20,Female,Organic
1792,2025-09-18,Hyderabad,48,Male,Meta Ads
1793,2025-04-21,Gurugram,49,Female,Google Ads
1794,2026-06-16,Chennai,54,Female,Meta Ads
1795,2025-04-12,Noida,53,Male,Meta Ads
1796,2025-09-18,Chennai,29,Female,Meta Ads
1797,2025-10-12,Jaipur,45,Male,Organic
1798,2025-02-01,Hyderabad,34,Female,Organic
1799,2025-09-13,Noida,41,Female,Email
1800,2025-09-05,Hyderabad,31,Female,Google Ads
1801,2025-05-22,Hyderabad,43,Female,Google Ads
1802,2025-03-11,Hyderabad,54,Female,Affiliate
1803,2025-01-25,Gurugram,43,Female,Google Ads
1804,2025-01-05,Pune,53,Female,Meta Ads
1805,2025-09-20,Gurugram,53,Male,Google Ads
1806,2025-02-18,Hyderabad,24,Female,Google Ads
1807,2026-06-07,Hyderabad,54,Female,Meta Ads
1808,2025-05-14,Pune,49,Male,Google Ads
1809,2025-12-22,Chennai,35,Other,Organic
1810,2026-01-03,Kolkata,41,Female,Meta Ads
1811,2025-09-28,Chennai,42,Female,Affiliate
1812,2026-04-27,Chennai,48,Male,Organic
1813,2025-03-02,Kolkata,48,Female,Meta Ads
1814,2025-05-08,Gurugram,23,Female,Affiliate
1815,2025-05-18,Gurugram,20,Male,Influencer
1816,2025-03-15,Hyderabad,28,Female,Google Ads
1817,2025-06-10,Bengaluru,38,Female,Organic
1818,2025-06-20,Chennai,50,Male,Organic
1819,2026-02-21,Delhi,43,Female,Organic
1820,2025-06-14,Noida,24,Male,Google Ads
1821,2026-04-23,Chennai,45,Female,Google Ads
1822,2026-02-26,Kolkata,36,Female,Meta Ads
1823,2026-05-07,Mumbai,33,Female,Google Ads
1824,2025-02-27,Mumbai,47,Female,Meta Ads
1825,2026-06-21,Hyderabad,30,Male,Affiliate
1826,2025-12-01,Bengaluru,42,Male,Meta Ads
1827,2026-06-20,Noida,26,Female,Meta Ads
1828,2025-07-13,Hyderabad,33,Male,Meta Ads
1829,2026-06-04,Kolkata,40,Male,Meta Ads
1830,2025-11-17,Chennai,42,Male,Affiliate
1831,2025-02-09,Kolkata,53,Female,Affiliate
1832,2025-08-12,Pune,30,Female,Meta Ads
1833,2025-03-17,Kolkata,52,Male,Meta Ads
1834,2026-05-28,Gurugram,49,Male,Google Ads
1835,2025-06-15,Delhi,32,Male,Influencer
1836,2025-05-02,Noida,25,Male,Meta Ads
1837,2025-10-29,Jaipur,29,Male,Meta Ads
1838,2025-08-20,Pune,43,Female,Meta Ads
1839,2025-02-22,Gurugram,48,Female,Google Ads
1840,2026-03-21,Kolkata,42,Male,Meta Ads
1841,2026-04-06,Mumbai,46,Female,Influencer
1842,2026-02-09,Hyderabad,23,Female,Google Ads
1843,2025-12-03,Gurugram,38,Male,Google Ads
1844,2025-08-08,Delhi,51,Male,Google Ads
1845,2025-10-23,Gurugram,34,Female,Google Ads
1846,2025-10-11,Gurugram,52,Male,Influencer
1847,2025-04-01,Hyderabad,24,Female,Organic
1848,2025-02-14,Delhi,55,Female,Influencer
1849,2025-05-19,Gurugram,48,Female,Affiliate
1850,2025-09-05,Hyderabad,42,Male,Organic
1851,2025-03-29,Mumbai,42,Male,Email
1852,2025-02-28,Pune,53,Female,Email
1853,2026-04-10,Pune,33,Male,Organic
1854,2025-07-24,Jaipur,25,Male,Organic
1855,2025-11-15,Kolkata,53,Female,Email
1856,2025-10-13,Gurugram,23,Male,Meta Ads
1857,2026-02-05,Pune,43,Female,Organic
1858,2026-02-08,Pune,29,Female,Google Ads
1859,2025-06-11,Hyderabad,53,Female,Email
1860,2026-04-08,Chennai,55,Male,Email
1861,2025-07-22,Noida,37,Female,Email
1862,2026-04-01,Mumbai,39,Female,Email
1863,2025-08-09,Kolkata,36,Male,Organic
1864,2025-03-02,Kolkata,35,Female,Organic
1865,2026-02-19,Delhi,53,Male,Meta Ads
1866,2025-01-17,Bengaluru,30,Male,Meta Ads
1867,2026-02-25,Gurugram,54,Female,Google Ads
1868,2025-01-24,Noida,43,Male,Google Ads
1869,2025-04-23,Delhi,54,Male,Meta Ads
1870,2025-11-25,Hyderabad,42,Female,Organic
1871,2026-05-29,Pune,49,Male,Affiliate
1872,2025-08-11,Hyderabad,37,Female,Google Ads
1873,2025-03-07,Mumbai,36,Male,Affiliate
1874,2025-05-07,Chennai,29,Female,Meta Ads
1875,2026-05-04,Pune,27,Female,Affiliate
1876,2026-02-01,Jaipur,21,Male,Meta Ads
1877,2025-02-24,Mumbai,33,Female,Organic
1878,2025-07-29,Gurugram,55,Male,Meta Ads
1879,2025-05-25,Bengaluru,53,Male,Google Ads
1880,2025-04-07,Hyderabad,44,Male,Meta Ads
1881,2026-04-07,Bengaluru,33,Male,Organic
1882,2025-12-03,Kolkata,38,Male,Influencer
1883,2025-04-08,Delhi,47,Female,Organic
1884,2025-12-21,Hyderabad,20,Female,Organic
1885,2025-08-14,Bengaluru,53,Other,Google Ads
1886,2025-02-03,Gurugram,51,Female,Organic
1887,2025-09-03,Pune,54,Male,Affiliate
1888,2025-04-11,Kolkata,23,Male,Meta Ads
1889,2025-05-14,Hyderabad,54,Male,Meta Ads
1890,2026-04-25,Delhi,42,Female,Google Ads
1891,2026-01-23,Delhi,39,Female,Google Ads
1892,2026-04-09,Bengaluru,26,Male,Google Ads
1893,2025-11-09,Pune,37,Male,Organic
1894,2026-04-22,Mumbai,33,Male,Affiliate
1895,2026-02-12,Mumbai,55,Female,Google Ads
1896,2025-07-04,Kolkata,32,Male,Influencer
1897,2025-10-19,Delhi,27,Female,Affiliate
1898,2025-10-17,Delhi,54,Male,Email
1899,2026-01-28,Noida,26,Male,Influencer
1900,2025-05-16,Jaipur,52,Male,Affiliate
1901,2025-07-01,Bengaluru,54,Female,Google Ads
1902,2025-05-14,Noida,31,Female,Influencer
1903,2025-06-11,Mumbai,44,Male,Meta Ads
1904,2025-03-29,Jaipur,48,Male,Google Ads
1905,2025-01-20,Pune,39,Male,Google Ads
1906,2026-05-28,Gurugram,45,Male,Organic
1907,2025-02-10,Gurugram,24,Male,Influencer
1908,2026-04-29,Delhi,38,Male,Meta Ads
1909,2025-01-02,Chennai,38,Female,Email
1910,2026-02-28,Noida,40,Female,Meta Ads
1911,2025-06-28,Gurugram,53,Female,Affiliate
1912,2025-10-10,Mumbai,49,Female,Google Ads
1913,2025-06-03,Pune,41,Other,Email
1914,2025-09-25,Pune,34,Female,Email
1915,2025-09-04,Chennai,34,Male,Google Ads
1916,2025-10-16,Gurugram,20,Male,Influencer
1917,2025-08-03,Mumbai,39,Male,Influencer
1918,2025-10-20,Mumbai,29,Female,Meta Ads
1919,2026-03-26,Delhi,51,Male,Organic
1920,2025-08-25,Chennai,47,Male,Affiliate
1921,2025-07-16,Hyderabad,52,Female,Google Ads
1922,2025-03-13,Bengaluru,55,Female,Google Ads
1923,2025-07-16,Jaipur,34,Female,Organic
1924,2025-03-10,Noida,35,Female,Email
1925,2025-04-10,Jaipur,41,Female,Organic
1926,2026-06-03,Pune,35,Female,Email
1927,2025-02-18,Gurugram,30,Male,Organic
1928,2025-09-20,Pune,45,Female,Google Ads
1929,2026-03-31,Chennai,36,Female,Google Ads
1930,2026-06-04,Mumbai,53,Male,Google Ads
1931,2025-03-21,Mumbai,27,Other,Meta Ads
1932,2025-03-31,Kolkata,35,Female,Organic
1933,2025-07-23,Noida,39,Female,Affiliate
1934,2025-10-30,Delhi,52,Female,Meta Ads
1935,2026-06-08,Pune,40,Male,Organic
1936,2025-04-24,Jaipur,22,Male,Meta Ads
1937,2025-03-31,Hyderabad,32,Male,Meta Ads
1938,2025-05-18,Noida,51,Female,Influencer
1939,2026-04-22,Hyderabad,29,Female,Meta Ads
1940,2025-01-17,Gurugram,32,Other,Affiliate
1941,2025-07-27,Kolkata,25,Female,Google Ads
1942,2025-03-06,Pune,45,Female,Meta Ads
1943,2025-03-27,Mumbai,25,Male,Organic
1944,2026-05-15,Pune,33,Male,Organic
1945,2025-01-01,Pune,45,Male,Email
1946,2025-06-25,Pune,52,Female,Affiliate
1947,2026-05-14,Mumbai,27,Male,Affiliate
1948,2025-11-28,Hyderabad,31,Female,Organic
1949,2025-02-09,Delhi,24,Female,Meta Ads
1950,2025-09-11,Bengaluru,35,Male,Meta Ads
1951,2026-06-14,Mumbai,55,Female,Organic
1952,2025-08-07,Hyderabad,30,Female,Organic
1953,2025-10-16,Jaipur,29,Female,Meta Ads
1954,2025-10-17,Jaipur,34,Male,Meta Ads
1955,2025-12-26,Bengaluru,52,Male,Google Ads
1956,2025-04-13,Pune,39,Male,Google Ads
1957,2026-04-03,Noida,41,Female,Meta Ads
1958,2026-06-23,Bengaluru,48,Female,Affiliate
1959,2025-03-19,Pune,45,Female,Organic
1960,2026-03-22,Pune,41,Female,Influencer
1961,2026-03-22,Jaipur,40,Male,Organic
1962,2026-02-09,Bengaluru,39,Other,Google Ads
1963,2025-07-22,Jaipur,26,Male,Organic
1964,2025-09-13,Jaipur,34,Male,Affiliate
1965,2026-04-03,Hyderabad,50,Female,Organic
1966,2025-03-25,Delhi,21,Female,Meta Ads
1967,2026-03-28,Mumbai,49,Female,Organic
1968,2026-05-17,Chennai,40,Female,Google Ads
1969,2026-01-07,Hyderabad,32,Male,Meta Ads
1970,2025-07-06,Jaipur,24,Male,Google Ads
1971,2025-11-01,Kolkata,47,Male,Meta Ads
1972,2025-01-28,Delhi,20,Female,Affiliate
1973,2026-05-23,Kolkata,39,Female,Google Ads
1974,2025-07-06,Mumbai,25,Male,Google Ads
1975,2025-02-01,Kolkata,52,Male,Organic
1976,2026-03-09,Hyderabad,26,Female,Affiliate
1977,2025-12-25,Bengaluru,48,Female,Email
1978,2025-12-06,Delhi,40,Male,Meta Ads
1979,2025-01-30,Noida,21,Male,Meta Ads
1980,2026-02-14,Hyderabad,45,Female,Organic
1981,2025-12-14,Hyderabad,51,Female,Affiliate
1982,2026-03-09,Hyderabad,27,Male,Google Ads
1983,2026-03-27,Noida,54,Male,Influencer
1984,2025-04-26,Hyderabad,48,Female,Organic
1985,2025-04-25,Delhi,46,Female,Organic
1986,2026-05-19,Noida,32,Male,Google Ads
1987,2025-10-17,Bengaluru,24,Female,Influencer
1988,2025-08-27,Pune,35,Female,Email
1989,2025-06-06,Pune,49,Male,Meta Ads
1990,2025-12-15,Jaipur,41,Male,Meta Ads
1991,2026-02-15,Kolkata,43,Female,Meta Ads
1992,2025-01-02,Mumbai,48,Female,Google Ads
1993,2025-10-29,Chennai,32,Male,Google Ads
1994,2026-06-26,Delhi,21,Female,Meta Ads
1995,2025-06-02,Kolkata,51,Male,Meta Ads
1996,2025-06-03,Mumbai,42,Female,Organic
1997,2026-04-24,Chennai,40,Male,Organic
1998,2025-02-03,Jaipur,40,Male,Email
1999,2025-08-05,Chennai,50,Male,Google Ads
2000,2025-09-07,Jaipur,47,Other,Meta Ads
2001,2026-03-11,Delhi,44,Female,Organic
2002,2025-03-12,Noida,48,Female,Organic
2003,2025-08-25,Pune,30,Male,Meta Ads
2004,2025-03-25,Hyderabad,45,Female,Influencer
2005,2026-03-06,Noida,55,Female,Affiliate
2006,2025-12-11,Chennai,28,Female,Affiliate
2007,2025-09-28,Delhi,40,Male,Organic
2008,2025-08-03,Jaipur,44,Female,Meta Ads
2009,2025-03-25,Noida,38,Male,Influencer
2010,2026-05-18,Bengaluru,54,Male,Influencer
2011,2025-12-19,Kolkata,34,Female,Affiliate
2012,2025-06-23,Hyderabad,27,Male,Affiliate
2013,2025-08-14,Chennai,24,Male,Influencer
2014,2026-01-31,Chennai,50,Female,Organic
2015,2026-01-28,Jaipur,44,Male,Google Ads
2016,2025-09-09,Bengaluru,40,Female,Email
2017,2025-06-15,Jaipur,35,Female,Organic
2018,2025-12-26,Hyderabad,34,Female,Organic
2019,2025-12-25,Kolkata,53,Male,Meta Ads
2020,2025-11-23,Chennai,44,Female,Email
2021,2025-02-09,Noida,54,Female,Influencer
2022,2025-09-15,Pune,48,Male,Meta Ads
2023,2025-12-01,Kolkata,47,Female,Google Ads
2024,2026-06-02,Noida,39,Female,Organic
2025,2025-10-14,Kolkata,28,Male,Meta Ads
2026,2025-07-06,Noida,43,Male,Google Ads
2027,2025-10-30,Kolkata,45,Female,Organic
2028,2025-04-07,Chennai,38,Male,Influencer
2029,2025-02-19,Noida,20,Female,Meta Ads
2030,2026-01-05,Chennai,54,Male,Meta Ads
2031,2026-06-22,Noida,49,Male,Meta Ads
2032,2026-04-07,Hyderabad,32,Female,Organic
2033,2025-11-15,Jaipur,37,Other,Meta Ads
2034,2025-01-22,Gurugram,24,Male,Meta Ads
2035,2026-06-23,Noida,53,Female,Organic
2036,2025-09-03,Bengaluru,28,Male,Influencer
2037,2025-06-07,Mumbai,33,Male,Meta Ads
2038,2026-05-02,Delhi,35,Female,Email
2039,2026-02-11,Bengaluru,29,Male,Affiliate
2040,2026-02-13,Gurugram,42,Female,Google Ads
2041,2025-06-01,Noida,55,Male,Affiliate
2042,2026-06-25,Gurugram,50,Female,Meta Ads
2043,2025-09-04,Delhi,39,Male,Google Ads
2044,2025-10-17,Jaipur,24,Female,Google Ads
2045,2026-02-14,Jaipur,51,Female,Google Ads
2046,2025-12-26,Mumbai,29,Male,Affiliate
2047,2025-04-04,Kolkata,52,Male,Organic
2048,2025-06-14,Bengaluru,34,Other,Affiliate
2049,2025-07-16,Jaipur,38,Male,Organic
2050,2026-06-01,Noida,35,Female,Meta Ads
2051,2026-01-25,Gurugram,36,Female,Influencer
2052,2025-07-19,Chennai,25,Female,Affiliate
2053,2026-02-05,Gurugram,39,Male,Meta Ads
2054,2026-02-07,Kolkata,34,Male,Organic
2055,2025-08-03,Bengaluru,50,Male,Affiliate
2056,2025-08-08,Bengaluru,37,Male,Meta Ads
2057,2026-05-03,Bengaluru,54,Male,Google Ads
2058,2025-11-03,Chennai,30,Other,Meta Ads
2059,2025-03-23,Delhi,31,Male,Influencer
2060,2026-01-28,Chennai,21,Male,Organic
2061,2025-11-18,Chennai,46,Male,Organic
2062,2025-10-05,Kolkata,22,Male,Influencer
2063,2026-01-31,Jaipur,30,Female,Google Ads
2064,2026-05-10,Chennai,52,Male,Influencer
2065,2025-06-30,Hyderabad,41,Female,Email
2066,2025-08-17,Bengaluru,40,Female,Organic
2067,2025-04-14,Mumbai,48,Male,Meta Ads
2068,2025-12-19,Kolkata,47,Female,Meta Ads
2069,2025-08-08,Mumbai,51,Male,Meta Ads
2070,2025-07-06,Hyderabad,43,Male,Meta Ads
2071,2026-01-15,Delhi,36,Female,Google Ads
2072,2025-08-11,Mumbai,24,Female,Meta Ads
2073,2025-09-11,Gurugram,33,Male,Organic
2074,2025-08-28,Bengaluru,45,Female,Influencer
2075,2025-05-21,Hyderabad,29,Male,Google Ads
2076,2025-03-10,Chennai,44,Female,Google Ads
2077,2026-03-27,Bengaluru,24,Female,Email
2078,2025-02-19,Noida,22,Male,Organic
2079,2025-06-27,Hyderabad,33,Female,Organic
2080,2025-12-30,Delhi,28,Female,Influencer
2081,2025-03-13,Kolkata,51,Male,Google Ads
2082,2025-12-24,Chennai,33,Female,Meta Ads
2083,2026-02-04,Gurugram,35,Female,Influencer
2084,2025-12-28,Gurugram,34,Male,Organic
2085,2025-06-16,Delhi,31,Female,Email
2086,2025-01-11,Mumbai,53,Female,Influencer
2087,2026-04-29,Delhi,46,Female,Meta Ads
2088,2025-06-27,Jaipur,25,Male,Google Ads
2089,2026-03-15,Noida,27,Female,Google Ads
2090,2025-04-18,Pune,22,Female,Affiliate
2091,2025-03-30,Hyderabad,29,Other,Affiliate
2092,2026-03-01,Gurugram,43,Male,Google Ads
2093,2026-05-28,Kolkata,53,Female,Meta Ads
2094,2026-04-15,Noida,37,Female,Email
2095,2026-02-14,Kolkata,22,Male,Google Ads
2096,2025-05-15,Chennai,21,Male,Affiliate
2097,2026-05-13,Pune,34,Female,Meta Ads
2098,2025-12-30,Kolkata,29,Female,Affiliate
2099,2025-04-04,Bengaluru,40,Female,Organic
2100,2025-03-12,Gurugram,24,Male,Meta Ads
2101,2026-04-20,Noida,28,Female,Organic
2102,2025-05-30,Jaipur,40,Male,Organic
2103,2026-02-22,Bengaluru,30,Female,Meta Ads
2104,2025-03-17,Kolkata,33,Male,Meta Ads
2105,2025-06-02,Mumbai,27,Male,Affiliate
2106,2025-06-04,Jaipur,21,Female,Organic
2107,2025-06-03,Kolkata,32,Female,Organic
2108,2026-01-03,Mumbai,31,Male,Meta Ads
2109,2026-05-14,Bengaluru,52,Male,Organic
2110,2026-05-12,Chennai,52,Female,Organic
2111,2026-02-09,Gurugram,35,Other,Meta Ads
2112,2025-04-21,Delhi,30,Male,Meta Ads
2113,2026-06-08,Gurugram,35,Female,Meta Ads
2114,2025-10-23,Hyderabad,41,Male,Organic
2115,2025-10-25,Noida,33,Female,Google Ads
2116,2026-01-18,Mumbai,47,Male,Affiliate
2117,2026-02-24,Jaipur,54,Male,Meta Ads
2118,2026-06-04,Delhi,34,Female,Affiliate
2119,2025-11-14,Delhi,24,Male,Google Ads
2120,2025-11-29,Bengaluru,24,Female,Organic
2121,2026-02-11,Delhi,51,Male,Email
2122,2025-05-20,Delhi,34,Male,Organic
2123,2025-06-17,Noida,31,Female,Influencer
2124,2025-12-07,Noida,42,Female,Google Ads
2125,2025-02-04,Kolkata,54,Male,Google Ads
2126,2025-06-24,Noida,35,Female,Google Ads
2127,2026-01-27,Hyderabad,31,Male,Email
2128,2026-06-16,Chennai,51,Female,Affiliate
2129,2025-10-11,Pune,22,Male,Google Ads
2130,2025-08-06,Pune,50,Female,Organic
2131,2025-08-29,Mumbai,38,Male,Meta Ads
2132,2026-01-09,Kolkata,20,Female,Influencer
2133,2025-10-24,Delhi,28,Female,Meta Ads
2134,2025-01-13,Noida,44,Female,Influencer
2135,2025-10-21,Kolkata,47,Male,Email
2136,2025-08-07,Delhi,27,Male,Influencer
2137,2026-01-17,Noida,43,Male,Organic
2138,2026-04-22,Noida,55,Female,Meta Ads
2139,2026-06-09,Delhi,44,Male,Affiliate
2140,2025-11-29,Noida,45,Female,Meta Ads
2141,2025-07-17,Hyderabad,26,Male,Meta Ads
2142,2025-08-30,Pune,42,Other,Meta Ads
2143,2025-04-07,Delhi,45,Female,Affiliate
2144,2026-05-26,Jaipur,23,Female,Organic
2145,2026-04-07,Delhi,31,Female,Google Ads
2146,2026-04-11,Pune,51,Female,Affiliate
2147,2025-06-28,Kolkata,55,Female,Meta Ads
2148,2025-06-25,Hyderabad,26,Female,Google Ads
2149,2026-04-12,Bengaluru,46,Female,Google Ads
2150,2025-10-24,Noida,38,Male,Google Ads
2151,2026-01-20,Gurugram,41,Male,Organic
2152,2025-09-24,Kolkata,38,Female,Meta Ads
2153,2025-08-30,Mumbai,51,Female,Google Ads
2154,2025-12-11,Delhi,36,Male,Meta Ads
2155,2026-03-20,Chennai,41,Male,Affiliate
2156,2025-07-02,Pune,44,Female,Organic
2157,2026-03-17,Delhi,39,Male,Meta Ads
2158,2025-05-14,Delhi,51,Female,Organic
2159,2025-08-08,Noida,28,Female,Google Ads
2160,2026-05-13,Delhi,54,Male,Affiliate
2161,2026-06-05,Pune,44,Male,Google Ads
2162,2026-05-19,Noida,54,Male,Google Ads
2163,2025-06-22,Pune,33,Male,Meta Ads
2164,2026-04-05,Noida,37,Female,Google Ads
2165,2026-05-26,Jaipur,21,Female,Google Ads
2166,2026-06-18,Chennai,53,Female,Organic
2167,2025-01-12,Mumbai,49,Male,Meta Ads
2168,2026-02-11,Bengaluru,30,Female,Google Ads
2169,2026-06-28,Delhi,21,Male,Organic
2170,2026-02-21,Delhi,45,Female,Organic
2171,2025-05-08,Hyderabad,44,Male,Influencer
2172,2026-02-20,Delhi,38,Female,Google Ads
2173,2025-02-27,Pune,25,Female,Affiliate
2174,2025-09-19,Mumbai,53,Male,Organic
2175,2025-12-08,Noida,35,Other,Email
2176,2025-09-06,Hyderabad,46,Male,Meta Ads
2177,2026-01-17,Hyderabad,50,Male,Meta Ads
2178,2025-05-11,Chennai,39,Female,Google Ads
2179,2025-11-27,Noida,23,Female,Organic
2180,2025-12-18,Hyderabad,51,Male,Organic
2181,2025-12-12,Kolkata,44,Male,Google Ads
2182,2025-06-07,Gurugram,52,Male,Meta Ads
2183,2025-06-16,Kolkata,42,Female,Influencer
2184,2025-05-21,Chennai,52,Female,Meta Ads
2185,2025-09-09,Bengaluru,51,Male,Email
2186,2025-11-16,Kolkata,27,Male,Influencer
2187,2025-07-17,Jaipur,26,Female,Google Ads
2188,2025-08-12,Gurugram,25,Female,Organic
2189,2025-06-06,Jaipur,48,Male,Organic
2190,2025-04-30,Delhi,28,Female,Meta Ads
2191,2025-12-25,Noida,36,Male,Meta Ads
2192,2026-03-21,Delhi,48,Male,Affiliate
2193,2025-06-08,Mumbai,35,Female,Google Ads
2194,2026-04-15,Jaipur,22,Female,Google Ads
2195,2025-11-08,Pune,33,Male,Meta Ads
2196,2025-04-02,Pune,23,Female,Affiliate
2197,2025-07-19,Delhi,33,Female,Meta Ads
2198,2025-01-05,Hyderabad,46,Female,Meta Ads
2199,2025-01-22,Mumbai,38,Female,Meta Ads
2200,2025-07-03,Bengaluru,44,Female,Meta Ads
2201,2025-09-05,Gurugram,23,Female,Organic
2202,2026-03-11,Gurugram,47,Male,Affiliate
2203,2025-03-15,Jaipur,35,Female,Meta Ads
2204,2026-04-03,Hyderabad,30,Male,Organic
2205,2025-05-08,Bengaluru,43,Female,Organic
2206,2025-03-17,Delhi,24,Male,Organic
2207,2026-01-17,Chennai,37,Male,Email
2208,2026-02-27,Bengaluru,35,Female,Google Ads
2209,2025-11-26,Mumbai,25,Male,Organic
2210,2025-03-05,Pune,54,Male,Organic
2211,2025-03-04,Noida,33,Male,Organic
2212,2025-08-01,Hyderabad,21,Female,Meta Ads
2213,2025-09-03,Kolkata,35,Male,Google Ads
2214,2026-06-29,Bengaluru,54,Male,Google Ads
2215,2025-06-06,Delhi,44,Female,Google Ads
2216,2025-04-15,Gurugram,42,Female,Google Ads
2217,2026-05-31,Delhi,52,Female,Google Ads
2218,2025-03-25,Hyderabad,23,Male,Google Ads
2219,2025-01-15,Mumbai,39,Female,Meta Ads
2220,2025-08-19,Noida,31,Female,Influencer
2221,2025-08-07,Pune,44,Female,Email
2222,2025-12-04,Noida,50,Female,Meta Ads
2223,2026-04-24,Mumbai,22,Male,Organic
2224,2026-05-24,Jaipur,25,Female,Meta Ads
2225,2025-06-07,Delhi,54,Female,Google Ads
2226,2026-06-19,Gurugram,37,Male,Email
2227,2025-12-11,Mumbai,31,Male,Meta Ads
2228,2025-02-07,Hyderabad,25,Male,Email
2229,2026-05-27,Gurugram,32,Female,Google Ads
2230,2025-03-17,Jaipur,20,Male,Meta Ads
2231,2025-11-17,Delhi,28,Female,Google Ads
2232,2026-03-07,Jaipur,26,Female,Meta Ads
2233,2025-05-16,Hyderabad,23,Male,Organic
2234,2025-05-28,Delhi,54,Male,Google Ads
2235,2025-09-17,Noida,48,Male,Meta Ads
2236,2026-04-28,Noida,53,Male,Google Ads
2237,2025-05-02,Gurugram,28,Female,Organic
2238,2025-12-28,Mumbai,30,Female,Email
2239,2025-09-04,Pune,30,Female,Affiliate
2240,2025-03-02,Mumbai,40,Other,Email
2241,2026-01-23,Chennai,26,Male,Influencer
2242,2026-03-30,Gurugram,28,Female,Google Ads
2243,2025-11-10,Gurugram,55,Male,Organic
2244,2025-04-07,Gurugram,32,Female,Meta Ads
2245,2025-03-26,Mumbai,48,Male,Meta Ads
2246,2025-08-19,Kolkata,28,Male,Organic
2247,2025-10-03,Gurugram,53,Female,Influencer
2248,2025-10-28,Gurugram,44,Female,Organic
2249,2025-05-13,Jaipur,51,Male,Meta Ads
2250,2025-09-30,Pune,38,Male,Email
2251,2025-06-10,Noida,52,Female,Google Ads
2252,2026-01-09,Kolkata,33,Female,Organic
2253,2026-03-11,Noida,37,Female,Meta Ads
2254,2025-12-22,Noida,22,Male,Google Ads
2255,2025-01-01,Bengaluru,26,Male,Google Ads
2256,2026-06-25,Pune,47,Female,Influencer
2257,2025-01-13,Noida,31,Female,Google Ads
2258,2026-06-29,Chennai,23,Male,Meta Ads
2259,2025-01-18,Noida,30,Male,Google Ads
2260,2025-10-09,Chennai,32,Male,Meta Ads
2261,2025-02-27,Delhi,45,Female,Google Ads
2262,2025-02-21,Bengaluru,23,Male,Organic
2263,2026-01-08,Pune,20,Female,Google Ads
2264,2026-02-01,Gurugram,46,Female,Google Ads
2265,2025-03-06,Pune,25,Male,Google Ads
2266,2026-06-17,Pune,35,Male,Meta Ads
2267,2025-06-24,Pune,44,Male,Organic
2268,2025-06-23,Mumbai,38,Male,Google Ads
2269,2025-06-11,Chennai,24,Female,Organic
2270,2025-09-09,Chennai,45,Other,Meta Ads
2271,2025-04-07,Mumbai,21,Male,Google Ads
2272,2025-08-20,Chennai,28,Female,Google Ads
2273,2025-04-25,Jaipur,23,Male,Email
2274,2025-01-29,Kolkata,38,Female,Meta Ads
2275,2025-07-20,Chennai,44,Female,Email
2276,2026-01-02,Chennai,43,Male,Affiliate
2277,2026-02-20,Kolkata,25,Female,Google Ads
2278,2025-07-12,Gurugram,32,Female,Meta Ads
2279,2025-06-26,Chennai,25,Male,Meta Ads
2280,2026-03-06,Noida,32,Other,Meta Ads
2281,2026-01-07,Mumbai,28,Male,Meta Ads
2282,2026-03-30,Jaipur,46,Male,Email
2283,2026-05-09,Gurugram,47,Female,Email
2284,2026-03-24,Kolkata,49,Male,Organic
2285,2026-05-26,Bengaluru,27,Male,Google Ads
2286,2025-08-16,Gurugram,20,Male,Meta Ads
2287,2025-08-04,Delhi,21,Male,Organic
2288,2025-06-25,Hyderabad,50,Male,Meta Ads
2289,2025-05-09,Bengaluru,52,Male,Organic
2290,2026-02-13,Hyderabad,27,Female,Email
2291,2026-01-25,Delhi,51,Male,Meta Ads
2292,2026-03-13,Gurugram,39,Female,Google Ads
2293,2025-04-02,Delhi,26,Female,Organic
2294,2025-09-25,Mumbai,31,Male,Email
2295,2025-05-01,Jaipur,29,Female,Google Ads
2296,2026-05-02,Noida,47,Female,Google Ads
2297,2025-05-26,Pune,26,Female,Google Ads
2298,2025-03-20,Delhi,26,Female,Email
2299,2025-11-07,Hyderabad,45,Male,Google Ads
2300,2026-04-25,Jaipur,30,Male,Affiliate
2301,2026-05-15,Mumbai,29,Female,Influencer
2302,2025-02-22,Noida,49,Female,Influencer
2303,2025-06-27,Hyderabad,53,Female,Google Ads
2304,2025-03-25,Gurugram,39,Female,Meta Ads
2305,2025-06-17,Kolkata,49,Male,Affiliate
2306,2025-10-18,Kolkata,50,Male,Organic
2307,2025-06-02,Pune,41,Female,Meta Ads
2308,2025-02-06,Pune,49,Male,Affiliate
2309,2025-10-05,Pune,20,Female,Email
2310,2025-01-29,Chennai,21,Other,Organic
2311,2025-05-04,Bengaluru,51,Male,Influencer
2312,2025-01-01,Jaipur,25,Male,Influencer
2313,2025-02-17,Mumbai,46,Female,Email
2314,2025-08-26,Delhi,35,Female,Google Ads
2315,2026-04-09,Pune,48,Female,Organic
2316,2026-02-27,Pune,43,Male,Organic
2317,2025-02-23,Jaipur,22,Male,Email
2318,2025-01-19,Mumbai,32,Male,Meta Ads
2319,2025-07-04,Bengaluru,45,Male,Email
2320,2025-12-22,Hyderabad,53,Male,Email
2321,2026-02-11,Mumbai,48,Female,Influencer
2322,2026-03-25,Chennai,52,Male,Affiliate
2323,2025-07-06,Bengaluru,54,Female,Meta Ads
2324,2025-04-02,Chennai,52,Female,Email
2325,2025-01-15,Bengaluru,40,Female,Email
2326,2025-03-22,Gurugram,32,Female,Email
2327,2025-02-05,Jaipur,38,Male,Google Ads
2328,2026-04-15,Hyderabad,48,Female,Organic
2329,2025-05-27,Chennai,35,Male,Organic
2330,2026-03-25,Hyderabad,49,Male,Meta Ads
2331,2025-10-29,Mumbai,45,Female,Influencer
2332,2025-10-21,Jaipur,27,Male,Influencer
2333,2025-09-05,Mumbai,53,Male,Affiliate
2334,2026-03-23,Jaipur,50,Female,Influencer
2335,2025-01-24,Bengaluru,41,Male,Meta Ads
2336,2025-02-20,Delhi,26,Male,Influencer
2337,2025-08-19,Delhi,28,Male,Influencer
2338,2025-08-03,Jaipur,50,Male,Organic
2339,2025-10-25,Hyderabad,20,Female,Google Ads
2340,2026-02-07,Mumbai,37,Female,Google Ads
2341,2025-11-17,Kolkata,42,Male,Meta Ads
2342,2025-05-21,Pune,28,Female,Organic
2343,2025-06-28,Pune,51,Other,Email
2344,2026-02-15,Pune,38,Female,Affiliate
2345,2025-04-20,Noida,22,Female,Organic
2346,2025-10-02,Delhi,31,Female,Google Ads
2347,2025-10-21,Chennai,34,Female,Google Ads
2348,2026-02-13,Delhi,28,Female,Organic
2349,2026-01-25,Chennai,53,Male,Meta Ads
2350,2025-09-11,Noida,32,Male,Influencer
2351,2025-06-18,Gurugram,38,Male,Affiliate
2352,2025-07-20,Chennai,39,Female,Meta Ads
2353,2025-08-13,Pune,27,Male,Email
2354,2025-04-30,Chennai,40,Female,Affiliate
2355,2025-12-07,Pune,32,Male,Affiliate
2356,2025-04-24,Delhi,20,Female,Email
2357,2025-12-20,Kolkata,34,Male,Influencer
2358,2026-02-14,Gurugram,41,Male,Email
2359,2026-06-09,Noida,24,Male,Google Ads
2360,2025-03-06,Kolkata,48,Female,Email
2361,2026-02-19,Noida,43,Female,Organic
2362,2025-02-16,Hyderabad,31,Male,Influencer
2363,2025-07-03,Bengaluru,41,Female,Google Ads
2364,2025-04-07,Chennai,30,Female,Meta Ads
2365,2025-03-30,Delhi,43,Female,Email
2366,2025-04-06,Noida,25,Female,Affiliate
2367,2025-01-24,Bengaluru,41,Female,Organic
2368,2026-03-25,Bengaluru,21,Female,Google Ads
2369,2025-02-03,Chennai,20,Female,Affiliate
2370,2025-08-06,Pune,29,Female,Organic
2371,2026-01-17,Noida,26,Female,Affiliate
2372,2026-06-24,Jaipur,37,Male,Affiliate
2373,2026-04-11,Bengaluru,25,Male,Google Ads
2374,2025-03-16,Jaipur,28,Female,Influencer
2375,2026-06-23,Jaipur,23,Female,Meta Ads
2376,2025-12-23,Delhi,51,Female,Influencer
2377,2025-04-08,Hyderabad,46,Other,Google Ads
2378,2025-09-02,Bengaluru,27,Female,Affiliate
2379,2026-05-16,Bengaluru,24,Male,Meta Ads
2380,2025-08-03,Mumbai,50,Female,Google Ads
2381,2025-04-11,Hyderabad,44,Male,Influencer
2382,2026-04-22,Bengaluru,51,Female,Meta Ads
2383,2026-06-04,Noida,26,Female,Google Ads
2384,2026-06-16,Gurugram,32,Male,Affiliate
2385,2026-06-05,Noida,24,Female,Meta Ads
2386,2026-04-21,Kolkata,35,Female,Email
2387,2025-09-05,Pune,25,Male,Influencer
2388,2025-04-15,Mumbai,20,Female,Meta Ads
2389,2025-12-03,Mumbai,38,Female,Google Ads
2390,2025-05-01,Delhi,55,Female,Organic
2391,2025-09-15,Gurugram,43,Male,Organic
2392,2025-12-24,Jaipur,47,Male,Google Ads
2393,2026-05-31,Delhi,49,Female,Email
2394,2025-06-07,Noida,54,Male,Meta Ads
2395,2025-05-18,Kolkata,24,Male,Google Ads
2396,2026-02-05,Hyderabad,29,Female,Meta Ads
2397,2025-01-04,Delhi,42,Female,Influencer
2398,2025-11-05,Bengaluru,49,Female,Meta Ads
2399,2026-02-11,Chennai,47,Female,Google Ads
2400,2025-10-28,Mumbai,46,Male,Influencer
2401,2025-07-29,Mumbai,31,Male,Meta Ads
2402,2026-03-28,Pune,33,Female,Influencer
2403,2025-07-22,Hyderabad,22,Male,Affiliate
2404,2026-01-23,Jaipur,31,Male,Meta Ads
2405,2025-09-10,Gurugram,25,Female,Meta Ads
2406,2025-01-15,Gurugram,53,Male,Google Ads
2407,2025-10-17,Noida,23,Female,Google Ads
2408,2025-01-27,Pune,33,Female,Google Ads
2409,2026-05-23,Hyderabad,51,Female,Meta Ads
2410,2025-11-24,Mumbai,54,Male,Meta Ads
2411,2025-07-22,Pune,33,Male,Affiliate
2412,2025-09-22,Mumbai,36,Female,Meta Ads
2413,2025-12-04,Noida,38,Female,Meta Ads
2414,2025-05-22,Hyderabad,49,Female,Google Ads
2415,2025-06-07,Bengaluru,47,Male,Meta Ads
2416,2025-08-17,Bengaluru,38,Female,Affiliate
2417,2025-05-21,Bengaluru,33,Male,Organic
2418,2026-02-18,Jaipur,33,Male,Meta Ads
2419,2025-02-26,Gurugram,43,Male,Email
2420,2026-03-27,Gurugram,50,Male,Meta Ads
2421,2025-07-09,Hyderabad,22,Male,Affiliate
2422,2025-11-02,Delhi,47,Male,Meta Ads
2423,2025-03-27,Noida,37,Female,Organic
2424,2025-07-30,Hyderabad,25,Female,Google Ads
2425,2026-02-16,Hyderabad,23,Male,Meta Ads
2426,2025-05-28,Pune,32,Male,Email
2427,2025-03-14,Noida,28,Female,Google Ads
2428,2025-10-12,Kolkata,23,Male,Email
2429,2025-03-30,Bengaluru,30,Male,Email
2430,2025-06-21,Noida,50,Female,Google Ads
2431,2025-09-03,Mumbai,45,Female,Influencer
2432,2025-11-04,Gurugram,27,Female,Google Ads
2433,2025-12-15,Bengaluru,44,Male,Affiliate
2434,2026-01-04,Bengaluru,36,Male,Meta Ads
2435,2026-04-06,Bengaluru,46,Male,Google Ads
2436,2025-02-06,Bengaluru,28,Female,Google Ads
2437,2025-07-17,Jaipur,22,Male,Organic
2438,2025-01-01,Jaipur,31,Male,Organic
2439,2025-01-06,Bengaluru,55,Male,Organic
2440,2025-04-26,Jaipur,40,Female,Meta Ads
2441,2025-11-22,Kolkata,21,Male,Google Ads
2442,2026-05-03,Kolkata,55,Male,Affiliate
2443,2026-02-26,Gurugram,49,Female,Affiliate
2444,2025-12-19,Bengaluru,39,Female,Meta Ads
2445,2026-03-01,Mumbai,46,Female,Affiliate
2446,2025-04-04,Delhi,26,Female,Organic
2447,2026-04-03,Delhi,41,Male,Email
2448,2026-05-01,Pune,52,Female,Organic
2449,2025-02-21,Bengaluru,35,Male,Google Ads
2450,2025-09-14,Kolkata,21,Female,Google Ads
2451,2026-03-29,Pune,47,Male,Organic
2452,2025-09-17,Delhi,46,Female,Influencer
2453,2026-04-04,Kolkata,46,Female,Email
2454,2026-05-25,Bengaluru,43,Male,Google Ads
2455,2025-09-16,Hyderabad,24,Male,Google Ads
2456,2025-02-02,Jaipur,24,Female,Meta Ads
2457,2025-07-05,Pune,48,Male,Organic
2458,2025-04-28,Delhi,50,Female,Google Ads
2459,2025-09-16,Noida,22,Male,Google Ads
2460,2025-11-16,Bengaluru,40,Female,Organic
2461,2025-09-10,Delhi,38,Female,Google Ads
2462,2025-04-17,Noida,32,Male,Meta Ads
2463,2025-06-14,Chennai,43,Female,Organic
2464,2026-01-06,Noida,52,Female,Google Ads
2465,2025-01-15,Noida,49,Female,Meta Ads
2466,2025-04-27,Hyderabad,25,Female,Google Ads
2467,2026-05-02,Delhi,36,Female,Meta Ads
2468,2025-02-24,Gurugram,53,Male,Influencer
2469,2025-08-15,Jaipur,28,Male,Organic
2470,2025-04-23,Pune,50,Male,Google Ads
2471,2025-02-27,Jaipur,37,Female,Google Ads
2472,2025-08-19,Mumbai,38,Female,Meta Ads
2473,2025-10-12,Pune,29,Male,Affiliate
2474,2025-04-06,Gurugram,53,Female,Organic
2475,2025-02-12,Mumbai,39,Male,Organic
2476,2025-03-15,Noida,40,Female,Google Ads
2477,2025-12-22,Kolkata,36,Female,Influencer
2478,2026-04-14,Noida,23,Female,Affiliate
2479,2025-04-09,Gurugram,48,Female,Google Ads
2480,2025-06-24,Bengaluru,31,Female,Meta Ads
2481,2025-07-07,Bengaluru,28,Male,Meta Ads
2482,2025-07-16,Mumbai,48,Female,Email
2483,2025-05-14,Mumbai,27,Male,Meta Ads
2484,2025-01-31,Gurugram,44,Female,Google Ads
2485,2025-10-14,Jaipur,37,Female,Organic
2486,2025-07-14,Hyderabad,48,Male,Organic
2487,2025-07-06,Jaipur,21,Male,Meta Ads
2488,2025-05-25,Jaipur,47,Male,Meta Ads
2489,2026-05-22,Pune,28,Female,Google Ads
2490,2025-11-29,Kolkata,51,Male,Meta Ads
2491,2025-08-17,Noida,32,Female,Affiliate
2492,2025-04-22,Jaipur,20,Male,Email
2493,2026-03-13,Bengaluru,37,Female,Influencer
2494,2026-04-30,Chennai,21,Female,Organic
2495,2025-01-18,Gurugram,29,Male,Organic
2496,2026-05-22,Delhi,45,Female,Meta Ads
2497,2026-01-17,Kolkata,40,Male,Google Ads
2498,2025-02-24,Bengaluru,45,Female,Influencer
2499,2026-02-15,Noida,51,Male,Organic
2500,2025-02-28,Pune,36,Female,Influencer
2501,2025-01-28,Delhi,39,Male,Organic
2502,2025-03-04,Bengaluru,22,Female,Meta Ads
2503,2025-09-08,Chennai,30,Male,Google Ads
2504,2025-12-04,Chennai,46,Female,Meta Ads
2505,2025-08-10,Bengaluru,22,Male,Email
2506,2025-03-08,Mumbai,32,Male,Influencer
2507,2025-04-19,Kolkata,24,Female,Affiliate
2508,2026-04-10,Noida,50,Male,Email
2509,2026-06-09,Delhi,40,Female,Meta Ads
2510,2026-02-16,Noida,43,Female,Google Ads
2511,2025-02-26,Kolkata,44,Male,Meta Ads
2512,2026-03-23,Bengaluru,28,Female,Influencer
2513,2026-01-13,Delhi,21,Male,Organic
2514,2025-10-14,Noida,34,Female,Email
2515,2025-03-20,Delhi,26,Female,Affiliate
2516,2026-06-28,Kolkata,31,Male,Google Ads
2517,2025-08-30,Bengaluru,31,Male,Influencer
2518,2025-01-25,Delhi,48,Female,Organic
2519,2025-04-25,Gurugram,31,Female,Google Ads
2520,2025-08-07,Pune,25,Male,Organic
2521,2025-02-03,Hyderabad,54,Male,Google Ads
2522,2025-06-26,Kolkata,21,Male,Organic
2523,2025-09-13,Delhi,27,Female,Meta Ads
2524,2026-06-02,Delhi,32,Female,Google Ads
2525,2025-02-17,Delhi,22,Male,Organic
2526,2025-11-11,Mumbai,52,Female,Meta Ads
2527,2026-05-15,Chennai,32,Female,Google Ads
2528,2026-03-16,Pune,48,Female,Affiliate
2529,2026-05-20,Gurugram,24,Male,Meta Ads
2530,2025-04-03,Pune,38,Male,Organic
2531,2026-03-13,Pune,24,Male,Organic
2532,2026-06-18,Noida,28,Female,Google Ads
2533,2025-06-27,Chennai,34,Male,Influencer
2534,2025-09-29,Bengaluru,51,Male,Meta Ads
2535,2025-10-17,Delhi,31,Female,Google Ads
2536,2025-09-27,Mumbai,47,Female,Meta Ads
2537,2025-06-07,Chennai,23,Male,Organic
2538,2026-06-14,Pune,29,Male,Google Ads
2539,2026-06-06,Gurugram,41,Male,Meta Ads
2540,2025-07-27,Chennai,36,Male,Email
2541,2026-03-15,Mumbai,38,Male,Organic
2542,2025-08-05,Bengaluru,44,Male,Meta Ads
2543,2026-03-10,Delhi,22,Male,Meta Ads
2544,2025-11-15,Jaipur,45,Female,Google Ads
2545,2025-09-14,Kolkata,51,Female,Meta Ads
2546,2025-03-11,Noida,47,Male,Organic
2547,2025-12-23,Hyderabad,30,Female,Meta Ads
2548,2025-06-24,Chennai,32,Male,Meta Ads
2549,2025-04-29,Hyderabad,54,Female,Meta Ads
2550,2025-04-16,Gurugram,48,Female,Organic
2551,2026-06-20,Jaipur,53,Female,Email
2552,2025-02-26,Gurugram,52,Female,Meta Ads
2553,2026-03-12,Mumbai,35,Male,Organic
2554,2026-04-18,Mumbai,24,Male,Organic
2555,2025-01-17,Kolkata,28,Female,Google Ads
2556,2025-11-18,Hyderabad,30,Male,Meta Ads
2557,2025-11-11,Chennai,50,Female,Google Ads
2558,2025-07-15,Jaipur,29,Male,Affiliate
2559,2025-12-30,Jaipur,33,Male,Meta Ads
2560,2025-08-11,Kolkata,50,Female,Meta Ads
2561,2025-08-28,Jaipur,25,Female,Email
2562,2025-08-24,Jaipur,43,Female,Email
2563,2026-03-13,Jaipur,39,Female,Affiliate
2564,2025-12-12,Pune,55,Female,Meta Ads
2565,2025-07-26,Noida,37,Male,Meta Ads
2566,2026-05-21,Noida,38,Female,Organic
2567,2026-03-14,Chennai,50,Male,Organic
2568,2026-05-24,Mumbai,55,Male,Influencer
2569,2026-02-03,Kolkata,46,Other,Organic
2570,2025-08-02,Jaipur,45,Male,Meta Ads
2571,2026-02-26,Pune,51,Male,Google Ads
2572,2025-06-29,Chennai,55,Male,Influencer
2573,2025-05-28,Gurugram,46,Other,Organic
2574,2025-09-03,Bengaluru,30,Female,Google Ads
2575,2026-06-13,Jaipur,43,Male,Meta Ads
2576,2025-11-06,Kolkata,28,Female,Email
2577,2025-07-29,Gurugram,38,Male,Google Ads
2578,2025-09-09,Jaipur,36,Female,Organic
2579,2025-06-08,Bengaluru,55,Female,Organic
2580,2025-12-26,Kolkata,39,Male,Google Ads
2581,2025-07-10,Hyderabad,54,Female,Influencer
2582,2025-10-30,Pune,49,Female,Influencer
2583,2025-07-21,Noida,50,Male,Meta Ads
2584,2025-06-24,Mumbai,26,Male,Meta Ads
2585,2026-06-13,Chennai,47,Female,Affiliate
2586,2025-07-08,Kolkata,29,Male,Meta Ads
2587,2025-02-08,Delhi,40,Male,Influencer
2588,2025-07-26,Delhi,37,Female,Google Ads
2589,2025-10-18,Pune,29,Male,Organic
2590,2025-02-21,Bengaluru,55,Male,Email
2591,2025-06-16,Kolkata,51,Male,Meta Ads
2592,2025-04-01,Delhi,40,Male,Organic
2593,2025-09-30,Mumbai,20,Female,Google Ads
2594,2026-01-30,Delhi,26,Female,Google Ads
2595,2026-06-12,Chennai,28,Male,Meta Ads
2596,2025-08-01,Kolkata,54,Female,Google Ads
2597,2026-04-16,Noida,34,Male,Google Ads
2598,2025-04-27,Mumbai,21,Male,Meta Ads
2599,2026-03-02,Kolkata,41,Female,Google Ads
2600,2025-11-03,Delhi,54,Male,Google Ads
2601,2026-02-18,Jaipur,40,Female,Google Ads
2602,2026-02-16,Kolkata,35,Male,Affiliate
2603,2025-10-18,Noida,26,Female,Google Ads
2604,2025-05-21,Noida,51,Female,Organic
2605,2025-10-14,Pune,23,Male,Google Ads
2606,2026-03-27,Delhi,53,Female,Google Ads
2607,2026-06-14,Hyderabad,28,Male,Meta Ads
2608,2026-05-21,Delhi,24,Male,Meta Ads
2609,2025-04-09,Hyderabad,32,Male,Email
2610,2025-11-22,Mumbai,20,Female,Organic
2611,2025-02-27,Chennai,20,Female,Meta Ads
2612,2025-12-31,Kolkata,26,Other,Google Ads
2613,2026-06-25,Bengaluru,44,Female,Affiliate
2614,2025-01-29,Pune,49,Male,Google Ads
2615,2025-12-24,Pune,28,Female,Affiliate
2616,2026-05-31,Jaipur,43,Female,Email
2617,2026-04-07,Gurugram,32,Female,Meta Ads
2618,2025-08-02,Gurugram,35,Female,Meta Ads
2619,2025-02-26,Mumbai,32,Female,Meta Ads
2620,2026-05-19,Chennai,52,Male,Email
2621,2026-05-18,Kolkata,38,Female,Influencer
2622,2025-11-12,Gurugram,38,Other,Meta Ads
2623,2026-06-18,Noida,50,Female,Influencer
2624,2025-01-03,Pune,43,Male,Google Ads
2625,2025-12-03,Hyderabad,25,Male,Google Ads
2626,2025-01-22,Mumbai,26,Female,Email
2627,2026-05-25,Noida,32,Female,Influencer
2628,2026-01-06,Kolkata,23,Female,Meta Ads
2629,2026-05-13,Kolkata,44,Female,Affiliate
2630,2025-11-03,Chennai,37,Female,Meta Ads
2631,2025-02-15,Hyderabad,21,Female,Affiliate
2632,2025-01-15,Gurugram,34,Male,Affiliate
2633,2025-07-02,Bengaluru,49,Male,Organic
2634,2026-02-10,Delhi,52,Female,Organic
2635,2025-03-24,Gurugram,54,Male,Email
2636,2026-04-10,Bengaluru,53,Male,Influencer
2637,2025-05-11,Bengaluru,41,Female,Email
2638,2025-09-28,Delhi,53,Male,Meta Ads
2639,2025-04-21,Jaipur,54,Female,Affiliate
2640,2025-09-11,Gurugram,42,Male,Organic
2641,2025-09-04,Hyderabad,34,Female,Email
2642,2025-01-03,Bengaluru,54,Male,Organic
2643,2025-11-06,Bengaluru,34,Female,Meta Ads
2644,2026-03-05,Kolkata,25,Female,Meta Ads
2645,2026-05-26,Chennai,23,Male,Google Ads
2646,2025-06-30,Kolkata,40,Male,Affiliate
2647,2026-04-25,Mumbai,21,Male,Organic
2648,2026-04-24,Gurugram,24,Male,Affiliate
2649,2026-06-23,Bengaluru,28,Male,Meta Ads
2650,2025-07-23,Hyderabad,39,Male,Influencer
2651,2026-04-09,Mumbai,37,Female,Meta Ads
2652,2025-11-04,Bengaluru,38,Male,Meta Ads
2653,2025-02-01,Noida,38,Male,Influencer
2654,2025-05-28,Hyderabad,55,Male,Organic
2655,2026-01-02,Chennai,27,Male,Influencer
2656,2025-03-29,Hyderabad,37,Female,Organic
2657,2025-08-25,Kolkata,42,Female,Google Ads
2658,2026-02-27,Jaipur,29,Female,Meta Ads
2659,2025-03-23,Jaipur,26,Female,Affiliate
2660,2025-09-28,Delhi,21,Male,Meta Ads
2661,2025-04-28,Kolkata,31,Male,Organic
2662,2025-10-20,Mumbai,29,Female,Google Ads
2663,2025-05-12,Bengaluru,27,Male,Meta Ads
2664,2026-06-11,Bengaluru,29,Female,Affiliate
2665,2025-02-11,Gurugram,45,Female,Influencer
2666,2026-06-10,Kolkata,49,Female,Meta Ads
2667,2026-03-08,Pune,38,Female,Google Ads
2668,2026-04-12,Jaipur,22,Female,Google Ads
2669,2026-04-10,Jaipur,46,Male,Google Ads
2670,2025-04-13,Bengaluru,25,Male,Affiliate
2671,2026-05-23,Chennai,22,Female,Meta Ads
2672,2025-11-20,Hyderabad,40,Female,Meta Ads
2673,2026-06-09,Bengaluru,35,Male,Organic
2674,2026-04-24,Chennai,31,Male,Affiliate
2675,2025-11-12,Pune,54,Male,Meta Ads
2676,2025-07-24,Jaipur,23,Female,Influencer
2677,2025-03-05,Chennai,21,Male,Meta Ads
2678,2025-02-25,Pune,41,Male,Meta Ads
2679,2025-08-01,Jaipur,35,Male,Affiliate
2680,2026-03-18,Noida,48,Other,Google Ads
2681,2025-10-03,Chennai,21,Female,Influencer
2682,2025-09-20,Mumbai,35,Female,Organic
2683,2025-05-14,Bengaluru,25,Female,Influencer
2684,2025-11-04,Chennai,21,Male,Google Ads
2685,2025-12-14,Gurugram,36,Female,Meta Ads
2686,2026-06-20,Kolkata,46,Female,Affiliate
2687,2026-02-02,Bengaluru,25,Male,Affiliate
2688,2025-11-27,Mumbai,50,Female,Affiliate
2689,2026-05-11,Mumbai,38,Female,Meta Ads
2690,2025-08-20,Bengaluru,37,Male,Organic
2691,2026-05-25,Jaipur,53,Male,Meta Ads
2692,2025-07-21,Noida,31,Female,Meta Ads
2693,2025-03-11,Hyderabad,27,Male,Email
2694,2025-08-16,Kolkata,48,Female,Organic
2695,2025-03-12,Bengaluru,23,Male,Email
2696,2025-03-06,Hyderabad,51,Female,Google Ads
2697,2026-04-26,Mumbai,49,Female,Affiliate
2698,2026-03-10,Noida,55,Female,Influencer
2699,2025-05-01,Pune,36,Male,Meta Ads
2700,2026-04-02,Jaipur,42,Other,Affiliate
2701,2025-02-07,Hyderabad,51,Female,Affiliate
2702,2025-06-04,Bengaluru,24,Female,Meta Ads
2703,2026-01-20,Noida,31,Female,Organic
2704,2025-06-15,Jaipur,36,Female,Influencer
2705,2026-02-03,Kolkata,42,Female,Organic
2706,2026-04-22,Jaipur,44,Male,Google Ads
2707,2025-02-06,Mumbai,53,Male,Organic
2708,2025-01-14,Pune,37,Female,Organic
2709,2026-05-28,Bengaluru,26,Male,Organic
2710,2025-10-11,Gurugram,26,Female,Google Ads
2711,2025-10-04,Gurugram,48,Male,Google Ads
2712,2025-09-10,Mumbai,36,Male,Affiliate
2713,2025-08-25,Hyderabad,42,Female,Meta Ads
2714,2026-01-12,Noida,40,Male,Influencer
2715,2025-11-12,Chennai,49,Female,Meta Ads
2716,2025-03-31,Bengaluru,27,Other,Affiliate
2717,2025-12-08,Kolkata,26,Male,Google Ads
2718,2025-12-31,Gurugram,46,Male,Affiliate
2719,2025-03-03,Delhi,35,Male,Affiliate
2720,2025-07-25,Mumbai,49,Female,Meta Ads
2721,2026-03-07,Jaipur,24,Male,Meta Ads
2722,2025-12-04,Mumbai,29,Female,Influencer
2723,2025-03-16,Chennai,54,Other,Organic
2724,2025-01-22,Kolkata,50,Male,Email
2725,2025-11-13,Gurugram,22,Female,Meta Ads
2726,2025-09-09,Pune,49,Male,Influencer
2727,2026-06-08,Gurugram,22,Female,Organic
2728,2025-10-12,Mumbai,24,Male,Meta Ads
2729,2026-05-23,Gurugram,52,Female,Meta Ads
2730,2025-04-27,Pune,24,Male,Google Ads
2731,2025-09-01,Kolkata,30,Female,Affiliate
2732,2025-03-18,Gurugram,24,Male,Affiliate
2733,2025-11-09,Gurugram,41,Female,Meta Ads
2734,2025-04-13,Kolkata,22,Female,Meta Ads
2735,2025-09-26,Bengaluru,30,Female,Meta Ads
2736,2025-07-07,Hyderabad,31,Female,Google Ads
2737,2025-04-12,Chennai,43,Male,Influencer
2738,2025-02-22,Noida,37,Male,Organic
2739,2025-10-07,Kolkata,26,Male,Meta Ads
2740,2026-06-01,Mumbai,36,Female,Google Ads
2741,2025-04-19,Pune,36,Male,Google Ads
2742,2025-08-09,Bengaluru,32,Male,Organic
2743,2025-05-03,Chennai,39,Female,Google Ads
2744,2026-03-17,Pune,31,Male,Meta Ads
2745,2025-08-15,Noida,32,Female,Influencer
2746,2026-06-16,Noida,48,Male,Email
2747,2025-05-14,Kolkata,29,Male,Affiliate
2748,2025-02-14,Hyderabad,31,Female,Google Ads
2749,2025-11-14,Gurugram,25,Female,Meta Ads
2750,2025-12-22,Noida,45,Female,Affiliate
2751,2026-06-24,Noida,45,Male,Affiliate
2752,2026-04-20,Jaipur,44,Male,Organic
2753,2026-04-27,Jaipur,26,Male,Email
2754,2025-12-12,Mumbai,36,Male,Meta Ads
2755,2025-07-16,Gurugram,30,Female,Email
2756,2025-08-22,Bengaluru,47,Male,Google Ads
2757,2025-03-14,Noida,32,Female,Google Ads
2758,2025-08-23,Hyderabad,34,Female,Email
2759,2025-07-18,Pune,36,Male,Google Ads
2760,2025-01-20,Jaipur,47,Female,Google Ads
2761,2025-04-22,Mumbai,45,Male,Google Ads
2762,2025-10-19,Noida,49,Female,Meta Ads
2763,2025-07-21,Noida,35,Male,Affiliate
2764,2026-06-26,Mumbai,49,Female,Influencer
2765,2025-09-18,Pune,51,Male,Google Ads
2766,2026-06-07,Delhi,38,Male,Google Ads
2767,2025-12-27,Chennai,44,Male,Affiliate
2768,2025-01-23,Bengaluru,52,Male,Google Ads
2769,2025-04-21,Chennai,50,Female,Organic
2770,2026-01-20,Bengaluru,29,Male,Google Ads
2771,2025-10-25,Noida,45,Other,Organic
2772,2025-06-14,Delhi,36,Female,Meta Ads
2773,2025-10-12,Hyderabad,25,Male,Organic
2774,2026-05-08,Hyderabad,33,Male,Email
2775,2025-07-31,Kolkata,55,Male,Google Ads
2776,2025-01-25,Kolkata,54,Female,Meta Ads
2777,2025-06-19,Noida,48,Male,Email
2778,2026-05-26,Mumbai,55,Female,Influencer
2779,2026-02-20,Gurugram,40,Male,Meta Ads
2780,2026-04-02,Noida,47,Male,Google Ads
2781,2026-05-12,Delhi,25,Male,Email
2782,2025-03-06,Delhi,30,Female,Google Ads
2783,2025-06-04,Hyderabad,26,Female,Affiliate
2784,2025-02-02,Noida,53,Female,Affiliate
2785,2025-01-03,Noida,42,Male,Google Ads
2786,2026-03-31,Noida,53,Male,Email
2787,2026-05-26,Chennai,34,Female,Organic
2788,2025-03-26,Pune,34,Female,Meta Ads
2789,2026-01-29,Jaipur,44,Female,Organic
2790,2025-10-19,Noida,40,Male,Meta Ads
2791,2025-02-07,Gurugram,33,Female,Meta Ads
2792,2026-05-15,Bengaluru,31,Male,Email
2793,2026-04-20,Pune,38,Other,Email
2794,2025-11-06,Noida,22,Male,Organic
2795,2026-01-21,Gurugram,26,Female,Meta Ads
2796,2025-08-05,Bengaluru,21,Male,Organic
2797,2026-03-09,Delhi,25,Female,Meta Ads
2798,2025-08-31,Mumbai,27,Female,Organic
2799,2026-06-24,Chennai,22,Female,Meta Ads
2800,2025-02-04,Hyderabad,21,Male,Email
2801,2025-04-04,Bengaluru,49,Male,Meta Ads
2802,2026-06-12,Bengaluru,26,Female,Meta Ads
2803,2025-06-07,Jaipur,39,Female,Google Ads
2804,2025-06-19,Hyderabad,23,Female,Email
2805,2026-03-08,Hyderabad,54,Male,Google Ads
2806,2025-04-14,Jaipur,28,Male,Meta Ads
2807,2025-10-07,Noida,46,Male,Meta Ads
2808,2025-06-05,Delhi,43,Female,Organic
2809,2025-04-18,Bengaluru,47,Male,Influencer
2810,2026-06-10,Mumbai,42,Male,Affiliate
2811,2025-04-19,Gurugram,38,Female,Influencer
2812,2025-02-21,Noida,47,Female,Influencer
2813,2026-01-03,Kolkata,49,Female,Google Ads
2814,2026-04-18,Pune,33,Male,Meta Ads
2815,2025-03-11,Pune,53,Male,Meta Ads
2816,2026-01-21,Noida,55,Female,Google Ads
2817,2025-10-22,Mumbai,45,Male,Affiliate
2818,2026-03-29,Pune,53,Female,Affiliate
2819,2025-03-11,Hyderabad,23,Male,Organic
2820,2026-06-16,Pune,39,Female,Affiliate
2821,2025-12-04,Pune,43,Male,Organic
2822,2026-04-04,Bengaluru,53,Female,Meta Ads
2823,2025-07-17,Chennai,24,Female,Google Ads
2824,2026-05-30,Gurugram,49,Male,Influencer
2825,2025-12-08,Delhi,22,Male,Organic
2826,2025-03-11,Jaipur,32,Female,Meta Ads
2827,2026-05-18,Delhi,44,Female,Google Ads
2828,2026-03-10,Gurugram,30,Male,Affiliate
2829,2025-06-13,Noida,50,Male,Affiliate
2830,2025-10-25,Gurugram,53,Female,Email
2831,2025-07-31,Mumbai,25,Female,Influencer
2832,2025-10-24,Noida,29,Female,Meta Ads
2833,2026-06-11,Bengaluru,22,Male,Influencer
2834,2026-05-05,Jaipur,45,Female,Organic
2835,2025-04-28,Noida,51,Male,Organic
2836,2026-06-14,Jaipur,41,Male,Influencer
2837,2025-08-27,Bengaluru,24,Female,Affiliate
2838,2026-01-20,Hyderabad,26,Male,Meta Ads
2839,2026-02-21,Bengaluru,21,Female,Affiliate
2840,2025-09-21,Mumbai,37,Male,Email
2841,2025-09-06,Noida,45,Male,Google Ads
2842,2025-09-06,Hyderabad,25,Female,Organic
2843,2026-04-16,Jaipur,50,Male,Meta Ads
2844,2025-07-30,Hyderabad,29,Female,Email
2845,2025-06-02,Hyderabad,38,Female,Meta Ads
2846,2025-07-17,Pune,44,Male,Google Ads
2847,2025-04-17,Mumbai,39,Female,Google Ads
2848,2025-08-02,Noida,37,Female,Organic
2849,2025-03-04,Hyderabad,32,Female,Google Ads
2850,2025-02-18,Kolkata,35,Male,Organic
2851,2026-01-30,Mumbai,28,Female,Email
2852,2025-02-12,Kolkata,30,Female,Google Ads
2853,2025-11-06,Kolkata,47,Female,Meta Ads
2854,2026-03-02,Gurugram,51,Male,Meta Ads
2855,2026-01-30,Hyderabad,50,Male,Affiliate
2856,2025-09-01,Chennai,31,Female,Influencer
2857,2025-04-16,Bengaluru,31,Female,Meta Ads
2858,2026-05-23,Pune,22,Female,Google Ads
2859,2026-04-01,Jaipur,29,Female,Organic
2860,2025-11-30,Pune,41,Male,Meta Ads
2861,2025-02-17,Kolkata,29,Female,Meta Ads
2862,2025-01-20,Kolkata,46,Male,Meta Ads
2863,2025-06-21,Kolkata,21,Male,Organic
2864,2025-03-27,Kolkata,34,Male,Meta Ads
2865,2026-04-14,Gurugram,30,Female,Affiliate
2866,2025-04-23,Delhi,37,Male,Meta Ads
2867,2025-06-04,Noida,20,Female,Meta Ads
2868,2026-06-16,Gurugram,35,Male,Influencer
2869,2026-03-22,Pune,48,Male,Meta Ads
2870,2025-04-30,Hyderabad,50,Female,Google Ads
2871,2025-07-29,Bengaluru,29,Male,Google Ads
2872,2025-10-09,Delhi,35,Male,Organic
2873,2025-12-29,Pune,44,Male,Email
2874,2026-05-26,Mumbai,36,Female,Email
2875,2026-04-20,Chennai,39,Female,Google Ads
2876,2026-06-17,Noida,32,Female,Google Ads
2877,2025-01-23,Gurugram,50,Male,Meta Ads
2878,2025-05-09,Delhi,42,Male,Meta Ads
2879,2025-11-03,Gurugram,54,Male,Meta Ads
2880,2025-01-27,Jaipur,48,Female,Email
2881,2025-07-13,Bengaluru,33,Male,Organic
2882,2025-03-25,Bengaluru,31,Male,Organic
2883,2026-05-24,Gurugram,23,Female,Organic
2884,2025-02-04,Gurugram,42,Female,Email
2885,2025-03-22,Pune,46,Male,Google Ads
2886,2025-04-17,Jaipur,32,Female,Organic
2887,2025-03-22,Chennai,20,Male,Google Ads
2888,2025-11-06,Chennai,49,Female,Organic
2889,2025-07-18,Bengaluru,28,Female,Meta Ads
2890,2026-05-13,Delhi,40,Female,Email
2891,2025-05-23,Chennai,21,Male,Affiliate
2892,2025-10-20,Kolkata,22,Female,Meta Ads
2893,2025-12-26,Hyderabad,52,Male,Google Ads
2894,2025-12-08,Delhi,44,Female,Affiliate
2895,2026-03-11,Chennai,20,Female,Meta Ads
2896,2025-04-21,Jaipur,23,Female,Meta Ads
2897,2025-10-04,Gurugram,37,Female,Meta Ads
2898,2026-03-13,Noida,44,Female,Meta Ads
2899,2026-04-16,Chennai,35,Female,Email
2900,2025-12-03,Mumbai,51,Male,Affiliate
2901,2025-12-22,Chennai,43,Other,Organic
2902,2026-04-16,Chennai,42,Male,Email
2903,2025-12-07,Gurugram,30,Male,Organic
2904,2026-06-02,Delhi,44,Female,Affiliate
2905,2025-03-11,Hyderabad,51,Male,Google Ads
2906,2025-07-09,Bengaluru,21,Female,Email
2907,2025-03-03,Kolkata,46,Male,Google Ads
2908,2025-02-19,Mumbai,51,Male,Meta Ads
2909,2025-09-15,Gurugram,35,Female,Organic
2910,2025-05-04,Kolkata,47,Female,Affiliate
2911,2025-08-10,Chennai,32,Female,Affiliate
2912,2025-08-27,Pune,26,Female,Meta Ads
2913,2025-12-05,Jaipur,49,Male,Google Ads
2914,2026-05-31,Chennai,31,Male,Google Ads
2915,2026-04-08,Kolkata,47,Female,Google Ads
2916,2025-07-26,Chennai,31,Female,Meta Ads
2917,2025-06-27,Bengaluru,34,Female,Email
2918,2026-02-25,Delhi,44,Male,Organic
2919,2025-03-09,Pune,32,Male,Google Ads
2920,2025-10-22,Chennai,49,Male,Google Ads
2921,2025-08-19,Jaipur,21,Female,Google Ads
2922,2025-04-10,Pune,20,Male,Organic
2923,2025-12-02,Hyderabad,22,Female,Meta Ads
2924,2025-06-24,Hyderabad,29,Male,Google Ads
2925,2025-04-12,Noida,21,Female,Meta Ads
2926,2025-12-22,Delhi,33,Male,Google Ads
2927,2025-04-05,Delhi,20,Female,Meta Ads
2928,2026-01-02,Jaipur,47,Female,Affiliate
2929,2025-03-30,Chennai,25,Male,Meta Ads
2930,2025-08-25,Gurugram,54,Male,Google Ads
2931,2026-03-17,Bengaluru,50,Male,Google Ads
2932,2025-05-05,Bengaluru,44,Female,Google Ads
2933,2026-02-23,Gurugram,48,Female,Influencer
2934,2026-01-29,Bengaluru,47,Male,Organic
2935,2026-05-07,Mumbai,50,Female,Meta Ads
2936,2025-04-03,Pune,39,Male,Email
2937,2026-01-25,Chennai,42,Female,Meta Ads
2938,2026-05-26,Delhi,36,Female,Meta Ads
2939,2026-02-20,Bengaluru,42,Female,Meta Ads
2940,2025-04-13,Jaipur,33,Male,Affiliate
2941,2026-03-25,Kolkata,24,Male,Organic
2942,2025-02-28,Chennai,53,Other,Meta Ads
2943,2025-11-17,Chennai,45,Male,Organic
2944,2025-09-29,Delhi,45,Female,Google Ads
2945,2025-10-17,Jaipur,30,Female,Google Ads
2946,2025-10-11,Chennai,47,Female,Google Ads
2947,2025-01-18,Kolkata,38,Female,Google Ads
2948,2025-10-04,Jaipur,22,Female,Google Ads
2949,2026-05-26,Gurugram,54,Female,Influencer
2950,2025-08-26,Delhi,55,Male,Meta Ads
2951,2025-05-31,Pune,51,Female,Meta Ads
2952,2026-06-27,Bengaluru,37,Male,Google Ads
2953,2025-02-23,Delhi,28,Female,Google Ads
2954,2025-09-23,Gurugram,20,Female,Google Ads
2955,2025-10-07,Jaipur,46,Female,Google Ads
2956,2025-09-18,Mumbai,52,Male,Meta Ads
2957,2026-05-18,Gurugram,23,Male,Google Ads
2958,2025-08-18,Pune,44,Female,Google Ads
2959,2026-06-15,Pune,20,Female,Organic
2960,2025-02-06,Mumbai,47,Male,Influencer
2961,2026-02-04,Kolkata,21,Female,Google Ads
2962,2025-11-20,Hyderabad,55,Female,Organic
2963,2025-05-12,Noida,26,Female,Organic
2964,2025-05-05,Mumbai,34,Female,Email
2965,2026-01-28,Kolkata,45,Other,Organic
2966,2025-12-14,Delhi,50,Female,Email
2967,2025-11-30,Delhi,33,Male,Influencer
2968,2025-01-28,Pune,55,Other,Google Ads
2969,2025-11-22,Bengaluru,20,Female,Meta Ads
2970,2026-06-19,Gurugram,36,Female,Organic
2971,2025-01-10,Bengaluru,55,Female,Influencer
2972,2025-09-13,Noida,29,Female,Meta Ads
2973,2025-09-27,Mumbai,39,Male,Influencer
2974,2026-05-04,Gurugram,36,Male,Organic
2975,2025-06-04,Hyderabad,34,Male,Organic
2976,2025-09-17,Pune,47,Female,Affiliate
2977,2026-01-26,Jaipur,38,Female,Organic
2978,2025-02-02,Delhi,45,Male,Email
2979,2026-03-13,Mumbai,38,Male,Organic
2980,2026-03-25,Gurugram,55,Female,Google Ads
2981,2026-01-28,Hyderabad,36,Male,Influencer
2982,2025-12-20,Hyderabad,48,Male,Affiliate
2983,2026-02-12,Kolkata,42,Male,Organic
2984,2026-03-03,Jaipur,48,Female,Google Ads
2985,2026-05-08,Chennai,51,Female,Meta Ads
2986,2025-08-22,Noida,28,Female,Meta Ads
2987,2025-09-06,Delhi,30,Male,Meta Ads
2988,2025-12-14,Kolkata,30,Male,Organic
2989,2025-04-16,Jaipur,37,Female,Affiliate
2990,2026-04-12,Gurugram,37,Other,Organic
2991,2026-02-24,Delhi,20,Male,Meta Ads
2992,2025-12-10,Pune,52,Female,Influencer
2993,2025-06-14,Hyderabad,50,Female,Affiliate
2994,2025-07-09,Kolkata,41,Female,Organic
2995,2025-08-26,Hyderabad,31,Male,Meta Ads
2996,2025-12-28,Chennai,49,Male,Organic
2997,2026-03-01,Chennai,29,Male,Meta Ads
2998,2026-01-02,Delhi,31,Female,Google Ads
2999,2026-05-22,Noida,55,Female,Organic
3000,2026-06-08,Chennai,53,Male,Organic
3001,2026-01-20,Noida,41,Male,Meta Ads
3002,2025-07-22,Gurugram,26,Male,Influencer
3003,2025-11-23,Chennai,24,Female,Affiliate
3004,2025-08-20,Gurugram,54,Female,Email
3005,2025-12-09,Noida,29,Male,Google Ads
3006,2026-03-19,Delhi,44,Female,Google Ads
3007,2025-07-21,Bengaluru,32,Female,Organic
3008,2025-10-03,Pune,37,Female,Affiliate
3009,2025-01-25,Chennai,55,Female,Email
3010,2026-02-06,Jaipur,41,Male,Google Ads
3011,2025-09-24,Pune,35,Female,Google Ads
3012,2025-09-08,Chennai,34,Female,Google Ads
3013,2025-10-18,Gurugram,28,Female,Organic
3014,2025-04-28,Mumbai,40,Female,Meta Ads
3015,2025-11-22,Mumbai,40,Male,Google Ads
3016,2026-02-11,Delhi,23,Female,Email
3017,2025-07-10,Jaipur,34,Female,Affiliate
3018,2025-03-13,Gurugram,43,Male,Meta Ads
3019,2025-07-30,Bengaluru,21,Other,Google Ads
3020,2025-04-19,Mumbai,55,Male,Email
3021,2025-07-23,Delhi,50,Female,Influencer
3022,2025-12-08,Jaipur,42,Male,Google Ads
3023,2025-03-03,Gurugram,20,Male,Google Ads
3024,2026-02-12,Noida,38,Female,Email
3025,2025-05-03,Mumbai,52,Female,Meta Ads
3026,2026-05-03,Noida,20,Female,Affiliate
3027,2026-02-04,Jaipur,48,Female,Organic
3028,2025-05-29,Noida,50,Male,Google Ads
3029,2025-11-03,Mumbai,22,Female,Affiliate
3030,2025-03-02,Gurugram,28,Female,Organic
3031,2025-02-24,Delhi,46,Male,Meta Ads
3032,2026-06-06,Delhi,52,Female,Meta Ads
3033,2026-03-14,Hyderabad,47,Male,Organic
3034,2025-03-26,Gurugram,38,Male,Affiliate
3035,2025-06-04,Delhi,41,Female,Google Ads
3036,2025-04-18,Gurugram,38,Female,Meta Ads
3037,2025-08-04,Gurugram,40,Female,Influencer
3038,2025-06-08,Bengaluru,47,Female,Meta Ads
3039,2025-06-28,Jaipur,21,Male,Google Ads
3040,2025-10-16,Mumbai,27,Other,Google Ads
3041,2025-04-14,Chennai,22,Male,Organic
3042,2026-04-27,Chennai,48,Male,Organic
3043,2026-02-01,Delhi,46,Male,Google Ads
3044,2026-02-19,Hyderabad,21,Male,Google Ads
3045,2025-04-03,Bengaluru,23,Male,Email
3046,2026-01-21,Hyderabad,29,Female,Organic
3047,2026-04-01,Noida,28,Female,Google Ads
3048,2025-04-06,Bengaluru,38,Female,Meta Ads
3049,2026-02-14,Noida,37,Male,Email
3050,2025-07-14,Jaipur,32,Female,Google Ads
3051,2026-03-06,Hyderabad,25,Male,Google Ads
3052,2025-09-18,Delhi,43,Female,Influencer
3053,2026-03-14,Hyderabad,48,Female,Affiliate
3054,2025-03-22,Jaipur,43,Male,Meta Ads
3055,2025-08-01,Chennai,49,Female,Affiliate
3056,2025-05-30,Gurugram,52,Female,Organic
3057,2025-05-16,Kolkata,50,Male,Influencer
3058,2025-06-18,Noida,43,Female,Influencer
3059,2025-07-28,Gurugram,21,Female,Organic
3060,2025-03-11,Noida,32,Male,Meta Ads
3061,2026-01-21,Jaipur,35,Male,Google Ads
3062,2025-10-27,Chennai,45,Male,Email
3063,2026-03-28,Hyderabad,50,Female,Meta Ads
3064,2026-01-20,Pune,43,Male,Organic
3065,2025-03-23,Gurugram,33,Female,Google Ads
3066,2025-02-08,Delhi,48,Male,Affiliate
3067,2025-08-19,Kolkata,45,Other,Influencer
3068,2025-09-20,Jaipur,48,Female,Google Ads
3069,2025-05-11,Delhi,41,Female,Organic
3070,2026-03-03,Delhi,43,Female,Affiliate
3071,2025-11-13,Hyderabad,32,Female,Email
3072,2026-02-12,Delhi,34,Female,Influencer
3073,2025-03-01,Chennai,29,Male,Email
3074,2026-03-21,Jaipur,29,Male,Meta Ads
3075,2025-04-23,Gurugram,43,Female,Meta Ads
3076,2025-09-02,Gurugram,33,Male,Meta Ads
3077,2025-08-28,Kolkata,24,Male,Meta Ads
3078,2026-03-24,Mumbai,21,Female,Affiliate
3079,2025-05-31,Gurugram,50,Female,Organic
3080,2025-05-12,Delhi,35,Male,Meta Ads
3081,2025-07-05,Kolkata,40,Male,Meta Ads
3082,2025-07-16,Jaipur,52,Male,Meta Ads
3083,2025-04-10,Delhi,24,Male,Meta Ads
3084,2025-04-07,Kolkata,53,Male,Email
3085,2025-05-07,Noida,45,Female,Meta Ads
3086,2025-09-12,Noida,43,Female,Affiliate
3087,2025-07-07,Mumbai,35,Male,Influencer
3088,2025-08-02,Bengaluru,45,Male,Email
3089,2026-01-27,Kolkata,27,Female,Organic
3090,2025-05-12,Pune,30,Male,Influencer
3091,2026-05-11,Noida,54,Male,Google Ads
3092,2026-02-14,Hyderabad,29,Male,Google Ads
3093,2025-04-06,Kolkata,45,Female,Google Ads
3094,2025-06-21,Pune,53,Male,Meta Ads
3095,2025-04-11,Gurugram,41,Male,Meta Ads
3096,2025-05-29,Noida,30,Female,Email
3097,2025-07-19,Bengaluru,50,Female,Meta Ads
3098,2025-03-13,Bengaluru,49,Female,Google Ads
3099,2025-01-08,Mumbai,39,Female,Meta Ads
3100,2025-08-28,Noida,24,Female,Google Ads
3101,2026-01-18,Noida,35,Male,Email
3102,2025-06-15,Hyderabad,35,Male,Meta Ads
3103,2026-04-14,Jaipur,26,Male,Google Ads
3104,2025-07-21,Hyderabad,34,Male,Google Ads
3105,2026-05-06,Bengaluru,25,Male,Organic
3106,2025-05-09,Jaipur,44,Male,Google Ads
3107,2025-10-21,Pune,35,Female,Organic
3108,2026-02-20,Chennai,46,Female,Affiliate
3109,2025-02-02,Hyderabad,36,Male,Meta Ads
3110,2026-05-22,Chennai,45,Female,Google Ads
3111,2025-07-18,Hyderabad,46,Male,Organic
3112,2025-09-29,Pune,25,Female,Google Ads
3113,2025-12-09,Pune,35,Female,Affiliate
3114,2025-12-17,Chennai,46,Male,Organic
3115,2025-01-13,Kolkata,41,Male,Meta Ads
3116,2026-04-18,Gurugram,27,Other,Meta Ads
3117,2025-12-06,Pune,49,Female,Organic
3118,2026-06-29,Delhi,27,Female,Email
3119,2025-09-14,Hyderabad,55,Male,Google Ads
3120,2025-12-01,Kolkata,45,Male,Organic
3121,2025-08-29,Pune,31,Male,Meta Ads
3122,2026-04-30,Gurugram,27,Female,Affiliate
3123,2026-03-30,Pune,52,Male,Affiliate
3124,2026-05-11,Mumbai,38,Male,Meta Ads
3125,2025-10-02,Bengaluru,49,Other,Meta Ads
3126,2026-03-08,Gurugram,49,Female,Meta Ads
3127,2025-07-15,Pune,22,Male,Affiliate
3128,2025-09-09,Noida,44,Female,Google Ads
3129,2026-02-19,Bengaluru,32,Female,Meta Ads
3130,2025-02-14,Jaipur,52,Female,Organic
3131,2026-01-23,Chennai,27,Male,Google Ads
3132,2025-01-09,Bengaluru,21,Female,Google Ads
3133,2025-11-13,Jaipur,43,Male,Organic
3134,2025-09-18,Delhi,39,Female,Email
3135,2025-09-13,Jaipur,39,Female,Email
3136,2025-09-27,Mumbai,29,Female,Google Ads
3137,2025-09-26,Kolkata,37,Female,Email
3138,2025-08-11,Jaipur,54,Female,Email
3139,2025-09-03,Pune,47,Male,Meta Ads
3140,2025-11-06,Pune,55,Male,Influencer
3141,2026-02-21,Chennai,31,Male,Google Ads
3142,2025-10-28,Gurugram,51,Female,Meta Ads
3143,2025-12-17,Noida,33,Male,Affiliate
3144,2026-04-01,Mumbai,53,Female,Google Ads
3145,2026-06-24,Bengaluru,51,Female,Influencer
3146,2025-03-01,Chennai,25,Other,Meta Ads
3147,2026-01-24,Gurugram,54,Male,Google Ads
3148,2025-05-03,Hyderabad,41,Female,Google Ads
3149,2025-04-18,Delhi,47,Female,Meta Ads
3150,2026-03-09,Delhi,40,Other,Influencer
3151,2025-02-07,Jaipur,27,Female,Influencer
3152,2026-04-08,Kolkata,55,Male,Email
3153,2026-02-24,Kolkata,24,Male,Google Ads
3154,2026-06-27,Mumbai,49,Female,Meta Ads
3155,2025-12-31,Hyderabad,27,Female,Meta Ads
3156,2026-04-21,Pune,48,Female,Google Ads
3157,2025-03-06,Gurugram,35,Female,Google Ads
3158,2026-04-30,Chennai,28,Female,Meta Ads
3159,2025-03-29,Pune,28,Female,Meta Ads
3160,2025-06-21,Bengaluru,31,Female,Organic
3161,2025-03-11,Bengaluru,52,Female,Meta Ads
3162,2025-08-07,Mumbai,47,Male,Google Ads
3163,2026-02-13,Kolkata,44,Male,Google Ads
3164,2025-05-27,Jaipur,42,Male,Organic
3165,2026-03-25,Jaipur,35,Male,Organic
3166,2025-11-27,Chennai,52,Female,Google Ads
3167,2025-12-09,Mumbai,29,Female,Affiliate
3168,2026-05-27,Chennai,53,Male,Organic
3169,2025-08-24,Gurugram,33,Male,Google Ads
3170,2025-07-07,Kolkata,32,Female,Meta Ads
3171,2026-06-27,Gurugram,37,Female,Influencer
3172,2025-10-31,Bengaluru,46,Female,Meta Ads
3173,2025-12-01,Delhi,45,Male,Google Ads
3174,2025-06-11,Delhi,47,Male,Email
3175,2025-04-28,Mumbai,23,Female,Google Ads
3176,2025-04-03,Hyderabad,25,Female,Affiliate
3177,2025-05-02,Delhi,50,Female,Affiliate
3178,2025-04-17,Kolkata,55,Female,Affiliate
3179,2026-02-11,Noida,24,Male,Organic
3180,2025-02-01,Jaipur,52,Male,Organic
3181,2025-12-10,Gurugram,29,Male,Meta Ads
3182,2026-06-02,Mumbai,55,Male,Affiliate
3183,2026-02-22,Noida,55,Male,Google Ads
3184,2025-08-08,Kolkata,42,Male,Meta Ads
3185,2025-02-02,Chennai,26,Male,Influencer
3186,2026-03-31,Delhi,48,Female,Influencer
3187,2025-01-02,Noida,23,Male,Email
3188,2026-01-07,Pune,32,Female,Meta Ads
3189,2026-01-01,Kolkata,42,Male,Google Ads
3190,2025-04-15,Noida,22,Male,Organic
3191,2026-02-08,Gurugram,34,Male,Google Ads
3192,2025-04-06,Hyderabad,48,Male,Meta Ads
3193,2025-05-03,Noida,23,Male,Meta Ads
3194,2026-03-19,Mumbai,33,Female,Affiliate
3195,2026-06-18,Delhi,20,Female,Influencer
3196,2025-05-25,Bengaluru,43,Male,Influencer
3197,2026-05-18,Chennai,22,Male,Affiliate
3198,2026-05-13,Bengaluru,30,Male,Meta Ads
3199,2026-02-24,Gurugram,38,Female,Google Ads
3200,2025-03-18,Bengaluru,27,Male,Meta Ads
3201,2025-06-13,Hyderabad,28,Male,Meta Ads
3202,2026-01-05,Noida,50,Female,Organic
3203,2026-06-29,Noida,47,Female,Meta Ads
3204,2026-03-20,Noida,22,Female,Affiliate
3205,2025-08-18,Jaipur,50,Male,Meta Ads
3206,2025-05-09,Chennai,36,Male,Meta Ads
3207,2026-06-08,Noida,25,Male,Organic
3208,2025-05-31,Mumbai,52,Female,Email
3209,2025-07-06,Bengaluru,32,Female,Meta Ads
3210,2026-06-10,Noida,31,Male,Organic
3211,2025-11-03,Kolkata,25,Female,Email
3212,2025-05-25,Jaipur,51,Male,Google Ads
3213,2025-01-03,Gurugram,30,Female,Meta Ads
3214,2025-08-23,Delhi,41,Male,Influencer
3215,2026-06-22,Gurugram,28,Male,Google Ads
3216,2025-08-24,Hyderabad,52,Male,Meta Ads
3217,2026-01-17,Kolkata,48,Female,Meta Ads
3218,2025-05-18,Mumbai,38,Male,Email
3219,2026-02-27,Gurugram,32,Male,Influencer
3220,2026-02-27,Gurugram,43,Female,Meta Ads
3221,2025-11-28,Delhi,37,Female,Affiliate
3222,2026-02-25,Delhi,53,Female,Affiliate
3223,2025-11-12,Bengaluru,44,Female,Meta Ads
3224,2025-07-26,Pune,20,Female,Organic
3225,2026-02-07,Delhi,49,Female,Influencer
3226,2026-04-01,Gurugram,26,Male,Influencer
3227,2026-04-04,Jaipur,30,Male,Organic
3228,2025-04-27,Jaipur,35,Male,Google Ads
3229,2026-01-04,Pune,27,Male,Google Ads
3230,2025-01-03,Hyderabad,53,Male,Meta Ads
3231,2025-11-08,Hyderabad,55,Male,Organic
3232,2025-11-08,Mumbai,25,Male,Meta Ads
3233,2025-07-18,Gurugram,31,Female,Organic
3234,2026-06-26,Mumbai,33,Female,Affiliate
3235,2026-04-27,Pune,44,Female,Google Ads
3236,2025-01-22,Pune,41,Female,Influencer
3237,2025-04-24,Pune,44,Male,Google Ads
3238,2025-04-24,Pune,21,Male,Meta Ads
3239,2026-05-05,Delhi,38,Male,Affiliate
3240,2025-10-10,Pune,27,Female,Google Ads
3241,2026-02-02,Kolkata,28,Male,Google Ads
3242,2026-03-18,Pune,47,Female,Influencer
3243,2026-02-23,Hyderabad,25,Male,Influencer
3244,2025-02-18,Gurugram,21,Female,Affiliate
3245,2025-03-18,Chennai,37,Female,Google Ads
3246,2025-08-04,Bengaluru,46,Male,Meta Ads
3247,2025-07-04,Gurugram,38,Female,Google Ads
3248,2026-02-12,Bengaluru,25,Female,Google Ads
3249,2025-03-27,Noida,47,Female,Influencer
3250,2025-07-22,Jaipur,33,Female,Google Ads
3251,2025-05-09,Chennai,45,Male,Organic
3252,2025-04-13,Mumbai,27,Male,Google Ads
3253,2025-04-05,Chennai,52,Female,Email
3254,2025-04-17,Delhi,30,Male,Google Ads
3255,2025-11-04,Mumbai,54,Male,Google Ads
3256,2025-08-12,Pune,33,Male,Google Ads
3257,2025-08-26,Delhi,46,Female,Influencer
3258,2025-09-19,Chennai,38,Male,Organic
3259,2026-02-08,Kolkata,22,Other,Organic
3260,2026-04-15,Hyderabad,23,Male,Meta Ads
3261,2025-10-14,Gurugram,34,Male,Organic
3262,2025-12-17,Chennai,26,Male,Organic
3263,2026-02-07,Mumbai,41,Male,Meta Ads
3264,2026-01-12,Chennai,24,Male,Organic
3265,2025-03-15,Pune,41,Female,Affiliate
3266,2026-06-20,Delhi,27,Male,Influencer
3267,2025-03-31,Delhi,26,Male,Influencer
3268,2025-08-13,Delhi,33,Male,Meta Ads
3269,2025-12-22,Delhi,40,Male,Google Ads
3270,2025-08-08,Gurugram,34,Female,Google Ads
3271,2025-05-13,Delhi,32,Male,Google Ads
3272,2026-05-19,Jaipur,32,Female,Meta Ads
3273,2025-02-08,Jaipur,32,Male,Meta Ads
3274,2025-05-15,Noida,34,Male,Organic
3275,2026-06-26,Mumbai,50,Female,Email
3276,2026-02-02,Chennai,40,Male,Organic
3277,2025-02-17,Pune,35,Female,Influencer
3278,2026-02-16,Hyderabad,46,Female,Google Ads
3279,2026-06-13,Jaipur,38,Male,Google Ads
3280,2025-02-23,Pune,54,Female,Organic
3281,2025-08-14,Pune,40,Male,Email
3282,2025-09-13,Hyderabad,27,Other,Meta Ads
3283,2025-03-13,Hyderabad,40,Female,Affiliate
3284,2025-04-20,Gurugram,47,Male,Google Ads
3285,2025-04-05,Hyderabad,27,Male,Email
3286,2025-04-12,Jaipur,27,Female,Influencer
3287,2025-08-08,Mumbai,41,Male,Meta Ads
3288,2025-09-10,Noida,51,Female,Email
3289,2025-05-10,Hyderabad,32,Male,Google Ads
3290,2025-06-07,Chennai,38,Male,Meta Ads
3291,2025-04-15,Jaipur,43,Female,Google Ads
3292,2026-03-10,Hyderabad,43,Female,Email
3293,2025-04-26,Chennai,25,Female,Email
3294,2026-05-10,Gurugram,34,Female,Influencer
3295,2025-10-21,Bengaluru,55,Male,Organic
3296,2026-03-14,Bengaluru,51,Male,Google Ads
3297,2025-12-13,Mumbai,47,Male,Affiliate
3298,2025-05-25,Chennai,20,Male,Meta Ads
3299,2025-11-24,Kolkata,35,Male,Organic
3300,2025-05-30,Mumbai,21,Female,Meta Ads
3301,2025-03-06,Noida,30,Male,Organic
3302,2025-05-19,Kolkata,51,Male,Influencer
3303,2025-05-31,Kolkata,33,Female,Google Ads
3304,2025-03-15,Jaipur,26,Male,Email
3305,2025-01-13,Gurugram,45,Other,Email
3306,2026-05-30,Chennai,47,Male,Meta Ads
3307,2025-10-07,Chennai,43,Male,Meta Ads
3308,2025-08-08,Chennai,49,Female,Organic
3309,2026-05-22,Kolkata,45,Female,Meta Ads
3310,2025-05-03,Jaipur,42,Female,Google Ads
3311,2025-08-08,Bengaluru,52,Male,Organic
3312,2026-04-07,Delhi,31,Male,Organic
3313,2025-12-11,Noida,36,Female,Meta Ads
3314,2025-08-06,Kolkata,40,Male,Influencer
3315,2025-05-20,Kolkata,44,Female,Affiliate
3316,2025-01-20,Delhi,37,Male,Influencer
3317,2025-02-16,Mumbai,35,Male,Email
3318,2025-03-30,Gurugram,25,Male,Google Ads
3319,2026-03-05,Mumbai,42,Female,Google Ads
3320,2025-12-15,Pune,24,Male,Influencer
3321,2025-08-25,Hyderabad,37,Other,Affiliate
3322,2026-03-03,Bengaluru,34,Male,Organic
3323,2025-03-29,Bengaluru,47,Male,Email
3324,2025-04-25,Pune,37,Male,Meta Ads
3325,2025-08-03,Pune,20,Female,Organic
3326,2026-05-15,Delhi,38,Female,Google Ads
3327,2025-12-01,Noida,27,Female,Email
3328,2026-04-09,Mumbai,33,Male,Organic
3329,2025-05-16,Bengaluru,30,Female,Organic
3330,2026-04-08,Jaipur,25,Male,Meta Ads
3331,2025-02-09,Kolkata,54,Female,Organic
3332,2025-05-05,Pune,29,Female,Google Ads
3333,2025-10-13,Delhi,38,Male,Google Ads
3334,2025-01-28,Noida,49,Female,Google Ads
3335,2026-04-13,Bengaluru,33,Female,Meta Ads
3336,2026-04-18,Hyderabad,53,Male,Meta Ads
3337,2025-10-23,Pune,34,Male,Meta Ads
3338,2025-06-16,Noida,54,Male,Meta Ads
3339,2025-02-23,Kolkata,36,Female,Meta Ads
3340,2025-12-04,Bengaluru,20,Female,Meta Ads
3341,2025-10-21,Hyderabad,51,Male,Organic
3342,2026-02-19,Delhi,51,Male,Google Ads
3343,2025-11-25,Kolkata,54,Male,Meta Ads
3344,2025-03-11,Hyderabad,24,Male,Google Ads
3345,2025-03-08,Gurugram,50,Male,Google Ads
3346,2026-03-02,Mumbai,32,Male,Organic
3347,2025-03-28,Mumbai,50,Male,Affiliate
3348,2026-05-27,Delhi,54,Female,Meta Ads
3349,2025-02-27,Jaipur,27,Female,Meta Ads
3350,2026-02-01,Kolkata,33,Male,Google Ads
3351,2025-08-29,Kolkata,29,Female,Google Ads
3352,2025-01-31,Mumbai,30,Male,Affiliate
3353,2026-04-23,Hyderabad,41,Male,Email
3354,2025-04-13,Bengaluru,34,Other,Organic
3355,2025-10-15,Bengaluru,43,Female,Affiliate
3356,2026-06-21,Hyderabad,44,Male,Email
3357,2026-02-10,Bengaluru,27,Male,Google Ads
3358,2025-01-26,Chennai,21,Female,Organic
3359,2026-03-24,Delhi,46,Male,Organic
3360,2025-03-29,Noida,26,Female,Meta Ads
3361,2026-02-13,Kolkata,27,Male,Organic
3362,2025-06-06,Kolkata,41,Male,Meta Ads
3363,2025-08-19,Kolkata,29,Female,Meta Ads
3364,2025-03-06,Mumbai,26,Female,Organic
3365,2026-06-22,Bengaluru,31,Male,Google Ads
3366,2025-05-10,Delhi,38,Female,Meta Ads
3367,2025-06-18,Gurugram,50,Female,Meta Ads
3368,2025-10-02,Chennai,55,Male,Organic
3369,2026-01-02,Mumbai,46,Male,Affiliate
3370,2025-10-03,Bengaluru,52,Male,Organic
3371,2025-10-03,Noida,39,Female,Organic
3372,2025-11-14,Bengaluru,34,Female,Meta Ads
3373,2026-04-13,Chennai,49,Male,Email
3374,2025-08-04,Hyderabad,30,Female,Google Ads
3375,2026-03-30,Hyderabad,49,Male,Meta Ads
3376,2026-03-05,Jaipur,55,Female,Organic
3377,2026-06-08,Gurugram,34,Female,Google Ads
3378,2026-05-13,Gurugram,42,Male,Influencer
3379,2026-03-12,Pune,48,Male,Meta Ads
3380,2025-05-15,Bengaluru,48,Male,Organic
3381,2026-02-26,Jaipur,27,Female,Meta Ads
3382,2026-02-06,Delhi,54,Male,Organic
3383,2025-06-07,Noida,38,Female,Email
3384,2026-01-05,Mumbai,21,Male,Google Ads
3385,2025-05-18,Bengaluru,24,Male,Influencer
3386,2025-10-13,Kolkata,46,Female,Organic
3387,2026-03-11,Bengaluru,35,Male,Meta Ads
3388,2025-04-13,Bengaluru,23,Female,Organic
3389,2025-07-03,Noida,38,Male,Meta Ads
3390,2026-03-10,Bengaluru,41,Male,Organic
3391,2025-09-05,Hyderabad,22,Male,Meta Ads
3392,2026-06-08,Hyderabad,32,Male,Affiliate
3393,2025-01-05,Pune,36,Female,Meta Ads
3394,2026-01-29,Bengaluru,48,Male,Affiliate
3395,2026-03-20,Noida,43,Male,Influencer
3396,2026-05-16,Noida,23,Male,Influencer
3397,2025-03-27,Noida,42,Female,Organic
3398,2026-06-21,Pune,52,Female,Organic
3399,2025-08-02,Kolkata,21,Female,Email
3400,2025-07-11,Kolkata,55,Other,Google Ads
3401,2025-07-13,Mumbai,23,Male,Email
3402,2025-12-14,Delhi,42,Male,Email
3403,2025-12-26,Pune,32,Female,Google Ads
3404,2025-09-16,Delhi,46,Male,Organic
3405,2025-02-08,Pune,50,Female,Google Ads
3406,2026-06-22,Mumbai,50,Female,Email
3407,2025-05-02,Kolkata,51,Male,Meta Ads
3408,2025-02-21,Pune,49,Female,Affiliate
3409,2025-11-22,Chennai,31,Male,Google Ads
3410,2025-08-13,Bengaluru,36,Female,Google Ads
3411,2025-12-02,Kolkata,45,Male,Email
3412,2026-04-23,Hyderabad,26,Female,Meta Ads
3413,2025-02-23,Pune,40,Male,Google Ads
3414,2025-06-04,Mumbai,39,Female,Organic
3415,2025-10-09,Bengaluru,55,Female,Influencer
3416,2026-03-06,Kolkata,21,Female,Organic
3417,2025-11-24,Mumbai,23,Female,Google Ads
3418,2025-07-28,Delhi,21,Female,Google Ads
3419,2025-11-29,Mumbai,39,Female,Email
3420,2026-06-19,Mumbai,39,Female,Organic
3421,2025-09-19,Bengaluru,41,Female,Influencer
3422,2026-04-27,Delhi,28,Female,Google Ads
3423,2026-03-02,Noida,31,Female,Email
3424,2025-06-14,Mumbai,35,Male,Influencer
3425,2025-05-16,Bengaluru,21,Female,Google Ads
3426,2026-02-24,Delhi,47,Male,Influencer
3427,2025-04-24,Mumbai,21,Male,Meta Ads
3428,2025-07-03,Mumbai,44,Other,Organic
3429,2025-05-09,Delhi,36,Male,Meta Ads
3430,2025-11-27,Gurugram,55,Male,Affiliate
3431,2025-06-10,Gurugram,44,Female,Influencer
3432,2025-12-25,Noida,37,Female,Google Ads
3433,2026-05-25,Chennai,45,Male,Organic
3434,2026-03-29,Delhi,24,Female,Google Ads
3435,2026-06-01,Hyderabad,26,Male,Meta Ads
3436,2025-01-14,Pune,37,Male,Email
3437,2025-09-06,Kolkata,50,Male,Organic
3438,2025-04-30,Hyderabad,49,Male,Meta Ads
3439,2026-05-16,Hyderabad,33,Female,Meta Ads
3440,2026-01-23,Chennai,30,Female,Google Ads
3441,2025-06-24,Kolkata,54,Female,Google Ads
3442,2025-11-04,Gurugram,40,Female,Google Ads
3443,2025-11-26,Chennai,24,Female,Meta Ads
3444,2025-09-28,Bengaluru,28,Female,Affiliate
3445,2025-09-16,Delhi,50,Male,Meta Ads
3446,2025-01-31,Pune,52,Female,Influencer
3447,2025-09-04,Jaipur,52,Female,Google Ads
3448,2025-07-09,Noida,20,Male,Meta Ads
3449,2026-03-22,Delhi,49,Male,Google Ads
3450,2026-04-17,Jaipur,24,Male,Google Ads
3451,2026-02-13,Hyderabad,49,Male,Organic
3452,2025-01-17,Gurugram,51,Female,Meta Ads
3453,2026-04-04,Chennai,33,Female,Meta Ads
3454,2025-08-05,Mumbai,26,Male,Meta Ads
3455,2025-08-15,Mumbai,45,Male,Organic
3456,2026-05-31,Gurugram,22,Female,Meta Ads
3457,2026-04-18,Hyderabad,40,Male,Google Ads
3458,2025-01-28,Noida,31,Male,Meta Ads
3459,2025-07-16,Mumbai,35,Female,Email
3460,2026-02-13,Mumbai,49,Female,Influencer
3461,2025-10-21,Delhi,55,Female,Google Ads
3462,2025-05-21,Chennai,34,Female,Meta Ads
3463,2025-10-14,Delhi,30,Male,Meta Ads
3464,2026-04-18,Jaipur,50,Female,Influencer
3465,2025-05-02,Delhi,34,Female,Google Ads
3466,2026-02-11,Mumbai,27,Female,Affiliate
3467,2026-02-05,Delhi,52,Male,Organic
3468,2026-04-28,Mumbai,55,Female,Meta Ads
3469,2025-06-12,Pune,30,Male,Organic
3470,2025-04-28,Delhi,25,Male,Email
3471,2025-10-26,Hyderabad,25,Female,Google Ads
3472,2025-10-17,Chennai,41,Female,Meta Ads
3473,2025-08-12,Bengaluru,31,Male,Meta Ads
3474,2026-03-01,Noida,42,Female,Meta Ads
3475,2026-03-12,Pune,47,Male,Organic
3476,2025-05-14,Noida,20,Female,Organic
3477,2026-03-10,Delhi,50,Male,Affiliate
3478,2025-05-06,Bengaluru,21,Male,Email
3479,2025-08-11,Gurugram,24,Female,Meta Ads
3480,2025-01-15,Delhi,46,Male,Google Ads
3481,2025-07-05,Chennai,42,Female,Affiliate
3482,2026-06-07,Hyderabad,55,Male,Google Ads
3483,2025-08-30,Jaipur,40,Female,Meta Ads
3484,2026-01-22,Bengaluru,35,Male,Organic
3485,2025-02-28,Bengaluru,44,Female,Organic
3486,2025-12-13,Kolkata,47,Female,Google Ads
3487,2025-07-22,Delhi,44,Female,Organic
3488,2026-02-10,Mumbai,33,Male,Google Ads
3489,2026-05-21,Chennai,54,Female,Organic
3490,2025-10-17,Gurugram,30,Female,Organic
3491,2025-02-26,Kolkata,32,Male,Organic
3492,2025-09-17,Gurugram,29,Female,Google Ads
3493,2025-03-09,Bengaluru,30,Female,Email
3494,2025-09-02,Kolkata,27,Female,Google Ads
3495,2025-02-03,Gurugram,40,Male,Meta Ads
3496,2025-12-16,Jaipur,46,Male,Influencer
3497,2025-06-19,Delhi,35,Female,Google Ads
3498,2025-04-20,Gurugram,53,Female,Email
3499,2025-01-10,Hyderabad,37,Female,Google Ads
3500,2026-04-29,Hyderabad,36,Other,Email
3501,2026-04-02,Jaipur,22,Male,Email
3502,2026-03-19,Jaipur,52,Male,Meta Ads
3503,2025-02-01,Pune,25,Female,Organic
3504,2025-07-10,Pune,25,Female,Influencer
3505,2026-06-14,Mumbai,53,Female,Affiliate
3506,2025-11-12,Kolkata,38,Female,Influencer
3507,2025-03-12,Pune,22,Male,Google Ads
3508,2025-03-18,Delhi,35,Male,Influencer
3509,2025-05-24,Kolkata,41,Male,Meta Ads
3510,2026-06-14,Mumbai,20,Female,Google Ads
3511,2025-04-03,Bengaluru,47,Male,Meta Ads
3512,2026-05-08,Bengaluru,44,Female,Google Ads
3513,2026-01-05,Kolkata,20,Male,Organic
3514,2026-05-18,Gurugram,42,Male,Google Ads
3515,2026-03-27,Mumbai,28,Male,Email
3516,2025-07-01,Delhi,46,Female,Meta Ads
3517,2026-03-28,Mumbai,33,Male,Google Ads
3518,2025-04-03,Delhi,27,Female,Affiliate
3519,2025-06-08,Hyderabad,38,Female,Email
3520,2025-04-26,Kolkata,35,Male,Meta Ads
3521,2025-03-14,Bengaluru,32,Female,Organic
3522,2025-02-19,Jaipur,51,Male,Affiliate
3523,2025-04-13,Jaipur,43,Male,Meta Ads
3524,2025-03-07,Delhi,37,Male,Google Ads
3525,2025-07-27,Hyderabad,28,Female,Influencer
3526,2025-02-08,Hyderabad,40,Female,Meta Ads
3527,2025-02-03,Mumbai,20,Male,Google Ads
3528,2026-06-24,Kolkata,51,Female,Google Ads
3529,2025-02-17,Mumbai,20,Female,Google Ads
3530,2025-02-10,Delhi,45,Female,Influencer
3531,2025-01-17,Hyderabad,32,Female,Influencer
3532,2025-03-14,Gurugram,45,Female,Email
3533,2025-10-15,Mumbai,33,Female,Organic
3534,2026-03-27,Hyderabad,20,Male,Affiliate
3535,2026-02-05,Chennai,54,Female,Email
3536,2025-11-13,Gurugram,47,Male,Organic
3537,2025-02-16,Mumbai,21,Female,Influencer
3538,2026-02-27,Delhi,21,Female,Google Ads
3539,2025-01-21,Mumbai,39,Male,Google Ads
3540,2025-12-10,Hyderabad,54,Male,Organic
3541,2025-08-12,Pune,40,Female,Organic
3542,2026-04-26,Gurugram,20,Female,Google Ads
3543,2025-06-17,Delhi,45,Female,Meta Ads
3544,2025-12-14,Hyderabad,35,Female,Organic
3545,2025-08-28,Pune,42,Male,Meta Ads
3546,2025-10-12,Delhi,32,Male,Affiliate
3547,2026-05-27,Hyderabad,20,Female,Affiliate
3548,2026-01-24,Delhi,20,Male,Meta Ads
3549,2025-08-14,Bengaluru,42,Female,Organic
3550,2025-09-01,Pune,42,Male,Organic
3551,2026-01-19,Chennai,31,Male,Google Ads
3552,2025-07-08,Chennai,22,Female,Meta Ads
3553,2025-04-02,Chennai,47,Female,Meta Ads
3554,2025-09-12,Gurugram,25,Female,Affiliate
3555,2025-02-07,Kolkata,26,Male,Affiliate
3556,2025-04-03,Mumbai,36,Female,Google Ads
3557,2025-08-18,Mumbai,45,Female,Affiliate
3558,2026-03-11,Chennai,55,Female,Organic
3559,2026-03-02,Mumbai,42,Female,Google Ads
3560,2025-05-23,Delhi,54,Male,Meta Ads
3561,2025-08-18,Chennai,43,Female,Affiliate
3562,2025-03-25,Pune,50,Female,Meta Ads
3563,2026-02-16,Hyderabad,26,Female,Organic
3564,2025-05-15,Noida,22,Female,Email
3565,2026-03-12,Pune,44,Male,Email
3566,2026-04-04,Noida,55,Female,Meta Ads
3567,2026-01-11,Hyderabad,46,Male,Meta Ads
3568,2025-06-29,Hyderabad,32,Male,Influencer
3569,2026-06-04,Chennai,37,Female,Meta Ads
3570,2026-01-09,Jaipur,24,Male,Google Ads
3571,2025-12-18,Noida,32,Other,Meta Ads
3572,2026-04-12,Noida,44,Male,Organic
3573,2026-04-26,Hyderabad,25,Male,Meta Ads
3574,2025-02-12,Jaipur,37,Male,Organic
3575,2026-04-26,Noida,30,Male,Google Ads
3576,2026-02-21,Bengaluru,37,Male,Email
3577,2025-04-23,Bengaluru,47,Male,Affiliate
3578,2025-06-17,Mumbai,51,Male,Email
3579,2026-02-15,Pune,34,Male,Organic
3580,2025-04-29,Gurugram,49,Male,Organic
3581,2025-09-04,Bengaluru,45,Male,Organic
3582,2026-01-11,Kolkata,53,Male,Meta Ads
3583,2025-12-21,Mumbai,46,Male,Organic
3584,2026-05-11,Delhi,39,Male,Meta Ads
3585,2025-03-02,Kolkata,44,Male,Meta Ads
3586,2025-06-10,Gurugram,31,Male,Meta Ads
3587,2026-06-21,Chennai,44,Male,Meta Ads
3588,2025-11-07,Chennai,45,Female,Google Ads
3589,2025-05-16,Hyderabad,41,Male,Organic
3590,2025-06-07,Delhi,23,Male,Email
3591,2025-07-04,Jaipur,38,Female,Google Ads
3592,2025-10-30,Pune,45,Female,Meta Ads
3593,2025-06-05,Bengaluru,27,Male,Organic
3594,2025-12-05,Kolkata,48,Female,Email
3595,2025-08-31,Chennai,50,Female,Organic
3596,2025-11-29,Chennai,39,Other,Meta Ads
3597,2025-03-26,Noida,54,Female,Affiliate
3598,2025-12-06,Pune,50,Female,Google Ads
3599,2026-05-19,Gurugram,36,Female,Organic
3600,2025-03-15,Delhi,51,Male,Meta Ads
3601,2025-06-28,Mumbai,53,Female,Meta Ads
3602,2026-01-13,Noida,23,Female,Influencer
3603,2025-12-03,Noida,55,Male,Affiliate
3604,2026-01-03,Chennai,20,Male,Google Ads
3605,2025-11-01,Hyderabad,37,Female,Google Ads
3606,2026-01-08,Mumbai,53,Female,Affiliate
3607,2025-11-29,Noida,46,Female,Google Ads
3608,2025-02-10,Chennai,29,Male,Influencer
3609,2026-02-14,Pune,43,Female,Meta Ads
3610,2025-09-01,Hyderabad,27,Male,Meta Ads
3611,2025-01-29,Noida,28,Female,Google Ads
3612,2025-08-11,Noida,52,Male,Email
3613,2025-08-26,Noida,21,Male,Google Ads
3614,2025-02-17,Delhi,54,Male,Meta Ads
3615,2026-06-27,Jaipur,36,Male,Influencer
3616,2025-05-02,Mumbai,22,Male,Meta Ads
3617,2025-06-30,Pune,48,Female,Organic
3618,2025-08-29,Jaipur,21,Male,Google Ads
3619,2026-03-30,Jaipur,31,Female,Organic
3620,2026-02-09,Mumbai,28,Female,Meta Ads
3621,2026-02-25,Bengaluru,48,Male,Organic
3622,2025-05-10,Bengaluru,34,Female,Organic
3623,2026-04-06,Delhi,43,Female,Affiliate
3624,2026-03-29,Chennai,22,Female,Influencer
3625,2025-09-10,Hyderabad,45,Female,Google Ads
3626,2025-10-25,Mumbai,45,Female,Google Ads
3627,2025-01-21,Hyderabad,30,Other,Google Ads
3628,2026-02-19,Chennai,51,Male,Organic
3629,2026-06-08,Delhi,36,Male,Google Ads
3630,2025-09-15,Pune,44,Female,Affiliate
3631,2025-10-22,Kolkata,26,Male,Influencer
3632,2025-09-30,Chennai,53,Female,Google Ads
3633,2025-02-15,Pune,28,Male,Meta Ads
3634,2025-12-04,Delhi,42,Male,Email
3635,2026-01-29,Chennai,23,Female,Meta Ads
3636,2026-05-21,Chennai,21,Male,Meta Ads
3637,2026-05-22,Bengaluru,24,Male,Google Ads
3638,2025-09-26,Hyderabad,53,Female,Affiliate
3639,2026-06-07,Pune,27,Female,Organic
3640,2025-10-16,Noida,51,Female,Google Ads
3641,2025-12-16,Gurugram,40,Male,Google Ads
3642,2025-11-25,Chennai,23,Female,Organic
3643,2026-06-29,Jaipur,35,Female,Google Ads
3644,2026-02-06,Gurugram,37,Female,Affiliate
3645,2025-03-07,Bengaluru,29,Male,Email
3646,2025-02-09,Jaipur,41,Male,Influencer
3647,2025-08-12,Noida,51,Female,Organic
3648,2025-10-09,Gurugram,51,Female,Affiliate
3649,2025-12-31,Delhi,38,Male,Organic
3650,2025-09-20,Gurugram,52,Female,Email
3651,2025-10-08,Pune,53,Female,Google Ads
3652,2026-05-18,Mumbai,23,Male,Organic
3653,2025-07-02,Jaipur,42,Female,Email
3654,2025-09-26,Kolkata,47,Male,Meta Ads
3655,2025-10-31,Kolkata,20,Female,Email
3656,2025-09-13,Chennai,41,Female,Google Ads
3657,2026-06-12,Chennai,52,Female,Meta Ads
3658,2026-06-09,Hyderabad,29,Female,Google Ads
3659,2025-10-07,Jaipur,50,Female,Meta Ads
3660,2025-09-03,Delhi,53,Male,Meta Ads
3661,2025-11-17,Chennai,42,Female,Affiliate
3662,2025-04-09,Noida,42,Female,Email
3663,2025-08-21,Mumbai,39,Male,Influencer
3664,2025-04-29,Gurugram,34,Female,Influencer
3665,2025-03-20,Pune,36,Male,Google Ads
3666,2025-02-21,Chennai,38,Female,Email
3667,2025-11-16,Delhi,37,Female,Meta Ads
3668,2025-01-01,Pune,49,Female,Affiliate
3669,2025-12-19,Gurugram,47,Female,Meta Ads
3670,2025-08-24,Delhi,32,Male,Google Ads
3671,2025-07-19,Bengaluru,38,Female,Google Ads
3672,2026-02-24,Hyderabad,27,Female,Organic
3673,2025-10-21,Gurugram,26,Male,Google Ads
3674,2026-02-04,Mumbai,33,Male,Meta Ads
3675,2026-01-22,Jaipur,22,Female,Affiliate
3676,2025-01-18,Mumbai,50,Female,Google Ads
3677,2025-04-28,Jaipur,24,Male,Organic
3678,2025-11-07,Kolkata,31,Male,Organic
3679,2026-06-16,Mumbai,29,Male,Meta Ads
3680,2025-03-26,Hyderabad,27,Female,Google Ads
3681,2025-02-27,Chennai,33,Male,Google Ads
3682,2026-05-28,Bengaluru,45,Female,Influencer
3683,2026-06-11,Bengaluru,52,Female,Organic
3684,2025-04-02,Mumbai,26,Male,Meta Ads
3685,2025-08-07,Noida,28,Female,Affiliate
3686,2025-12-08,Delhi,36,Male,Google Ads
3687,2025-04-17,Mumbai,31,Male,Google Ads
3688,2025-06-27,Chennai,48,Female,Google Ads
3689,2025-08-04,Gurugram,28,Female,Organic
3690,2025-12-16,Noida,34,Female,Meta Ads
3691,2025-06-17,Mumbai,39,Male,Organic
3692,2025-08-13,Hyderabad,33,Male,Google Ads
3693,2025-06-07,Gurugram,42,Male,Organic
3694,2026-02-19,Gurugram,48,Female,Affiliate
3695,2025-03-25,Noida,39,Male,Meta Ads
3696,2025-05-06,Mumbai,36,Female,Google Ads
3697,2025-05-17,Gurugram,54,Female,Organic
3698,2026-05-09,Kolkata,55,Female,Meta Ads
3699,2026-05-30,Jaipur,55,Male,Google Ads
3700,2025-09-30,Mumbai,20,Male,Organic
3701,2025-03-27,Delhi,50,Female,Email
3702,2026-02-17,Delhi,52,Female,Affiliate
3703,2025-09-26,Mumbai,48,Female,Meta Ads
3704,2026-04-09,Bengaluru,46,Female,Google Ads
3705,2025-07-16,Hyderabad,33,Male,Organic
3706,2026-06-29,Mumbai,46,Male,Organic
3707,2026-03-16,Mumbai,40,Male,Meta Ads
3708,2025-05-03,Gurugram,49,Female,Meta Ads
3709,2026-01-31,Hyderabad,32,Female,Google Ads
3710,2025-06-06,Pune,46,Female,Meta Ads
3711,2025-07-10,Delhi,48,Female,Influencer
3712,2025-05-17,Bengaluru,50,Male,Google Ads
3713,2026-01-07,Pune,26,Female,Email
3714,2025-05-24,Pune,51,Female,Google Ads
3715,2025-12-15,Hyderabad,27,Male,Meta Ads
3716,2025-11-14,Hyderabad,53,Female,Organic
3717,2026-02-14,Pune,21,Female,Email
3718,2026-06-26,Mumbai,28,Female,Google Ads
3719,2025-01-05,Hyderabad,41,Male,Meta Ads
3720,2026-06-24,Mumbai,39,Female,Google Ads
3721,2025-03-01,Bengaluru,44,Female,Meta Ads
3722,2025-10-15,Noida,34,Female,Organic
3723,2025-07-05,Mumbai,20,Male,Meta Ads
3724,2025-12-15,Noida,42,Male,Meta Ads
3725,2026-01-29,Gurugram,38,Female,Email
3726,2026-04-14,Bengaluru,38,Male,Affiliate
3727,2025-08-08,Hyderabad,33,Male,Google Ads
3728,2026-05-24,Jaipur,52,Female,Email
3729,2025-06-25,Delhi,48,Male,Google Ads
3730,2025-04-22,Kolkata,26,Male,Google Ads
3731,2025-07-26,Mumbai,21,Female,Google Ads
3732,2025-10-16,Chennai,26,Male,Organic
3733,2025-12-31,Pune,21,Female,Google Ads
3734,2026-03-30,Jaipur,45,Male,Influencer
3735,2025-05-03,Noida,42,Male,Meta Ads
3736,2025-06-15,Jaipur,36,Male,Affiliate
3737,2026-05-27,Delhi,41,Male,Google Ads
3738,2025-08-28,Kolkata,49,Male,Meta Ads
3739,2025-05-12,Pune,49,Female,Organic
3740,2026-06-22,Bengaluru,35,Female,Meta Ads
3741,2025-09-02,Mumbai,41,Male,Email
3742,2026-06-21,Delhi,40,Male,Affiliate
3743,2026-05-17,Kolkata,54,Female,Organic
3744,2026-05-09,Chennai,47,Female,Affiliate
3745,2025-11-14,Jaipur,31,Male,Google Ads
3746,2026-03-12,Chennai,51,Male,Organic
3747,2026-06-08,Jaipur,34,Male,Organic
3748,2025-05-27,Kolkata,47,Female,Organic
3749,2025-01-21,Bengaluru,55,Male,Email
3750,2025-06-24,Chennai,49,Female,Organic
3751,2025-12-14,Gurugram,23,Male,Affiliate
3752,2025-10-26,Chennai,27,Male,Google Ads
3753,2025-02-13,Pune,48,Female,Google Ads
3754,2025-11-02,Bengaluru,24,Male,Google Ads
3755,2025-04-06,Pune,20,Female,Google Ads
3756,2025-10-03,Gurugram,29,Female,Organic
3757,2025-11-10,Pune,37,Female,Meta Ads
3758,2025-12-13,Bengaluru,24,Male,Meta Ads
3759,2025-08-13,Mumbai,25,Male,Influencer
3760,2025-08-11,Jaipur,32,Male,Influencer
3761,2026-01-05,Delhi,41,Female,Email
3762,2026-02-13,Chennai,39,Female,Meta Ads
3763,2026-03-17,Gurugram,48,Male,Meta Ads
3764,2025-07-01,Gurugram,55,Male,Meta Ads
3765,2025-08-20,Noida,21,Male,Meta Ads
3766,2025-06-30,Noida,44,Male,Google Ads
3767,2025-10-15,Noida,25,Male,Organic
3768,2025-03-11,Kolkata,32,Female,Meta Ads
3769,2025-08-23,Jaipur,32,Female,Google Ads
3770,2025-04-13,Hyderabad,45,Male,Organic
3771,2025-10-18,Delhi,29,Male,Meta Ads
3772,2026-04-09,Kolkata,52,Male,Meta Ads
3773,2026-06-22,Pune,33,Male,Google Ads
3774,2025-09-01,Hyderabad,49,Female,Google Ads
3775,2025-01-31,Jaipur,54,Male,Email
3776,2025-05-05,Bengaluru,38,Other,Meta Ads
3777,2025-02-27,Mumbai,23,Female,Google Ads
3778,2026-02-18,Chennai,45,Female,Affiliate
3779,2026-06-21,Hyderabad,35,Female,Affiliate
3780,2025-10-29,Chennai,32,Female,Meta Ads
3781,2025-04-07,Pune,36,Other,Affiliate
3782,2025-01-12,Kolkata,30,Male,Meta Ads
3783,2026-06-16,Mumbai,30,Other,Google Ads
3784,2025-06-22,Delhi,55,Male,Email
3785,2025-03-03,Bengaluru,30,Male,Meta Ads
3786,2025-04-07,Pune,36,Female,Meta Ads
3787,2025-05-20,Kolkata,45,Male,Influencer
3788,2025-12-24,Gurugram,27,Male,Meta Ads
3789,2026-05-02,Chennai,42,Male,Google Ads
3790,2025-05-30,Kolkata,52,Male,Google Ads
3791,2026-01-10,Kolkata,49,Male,Affiliate
3792,2025-02-05,Kolkata,21,Male,Google Ads
3793,2025-01-06,Jaipur,34,Female,Influencer
3794,2025-01-30,Pune,20,Female,Google Ads
3795,2026-05-19,Mumbai,41,Male,Organic
3796,2025-11-14,Bengaluru,31,Female,Meta Ads
3797,2026-03-15,Chennai,52,Female,Google Ads
3798,2025-01-12,Gurugram,26,Female,Google Ads
3799,2025-01-13,Pune,50,Female,Google Ads
3800,2026-04-08,Hyderabad,32,Female,Google Ads
3801,2025-02-25,Pune,53,Male,Google Ads
3802,2025-03-26,Bengaluru,27,Female,Email
3803,2025-10-10,Chennai,29,Female,Email
3804,2025-11-27,Delhi,32,Female,Meta Ads
3805,2025-05-05,Chennai,55,Male,Organic
3806,2025-08-31,Kolkata,46,Female,Organic
3807,2026-01-03,Kolkata,49,Female,Influencer
3808,2025-08-30,Jaipur,39,Male,Meta Ads
3809,2025-07-28,Mumbai,48,Female,Meta Ads
3810,2025-02-09,Delhi,42,Female,Influencer
3811,2025-09-04,Pune,44,Female,Influencer
3812,2026-03-14,Delhi,50,Male,Influencer
3813,2025-12-08,Gurugram,55,Female,Organic
3814,2026-05-02,Chennai,40,Female,Organic
3815,2025-03-10,Hyderabad,35,Male,Influencer
3816,2025-01-07,Pune,43,Female,Meta Ads
3817,2025-10-26,Chennai,46,Male,Google Ads
3818,2025-04-08,Noida,55,Female,Influencer
3819,2025-11-20,Chennai,45,Female,Affiliate
3820,2026-05-08,Hyderabad,54,Female,Google Ads
3821,2025-07-03,Bengaluru,46,Female,Google Ads
3822,2025-10-27,Bengaluru,54,Male,Affiliate
3823,2026-01-07,Hyderabad,47,Female,Meta Ads
3824,2025-03-23,Hyderabad,51,Male,Organic
3825,2026-05-05,Mumbai,26,Female,Google Ads
3826,2025-04-21,Gurugram,55,Male,Google Ads
3827,2026-03-17,Noida,32,Female,Organic
3828,2025-12-26,Mumbai,48,Female,Influencer
3829,2025-03-18,Gurugram,34,Male,Email
3830,2026-01-31,Hyderabad,36,Male,Google Ads
3831,2025-04-18,Jaipur,46,Male,Google Ads
3832,2025-11-23,Noida,39,Male,Google Ads
3833,2026-06-08,Mumbai,45,Male,Influencer
3834,2026-06-04,Delhi,22,Female,Meta Ads
3835,2026-04-20,Jaipur,50,Female,Influencer
3836,2025-09-27,Chennai,34,Female,Affiliate
3837,2025-11-01,Gurugram,48,Male,Meta Ads
3838,2025-06-13,Bengaluru,30,Male,Google Ads
3839,2026-05-17,Chennai,41,Male,Influencer
3840,2025-09-18,Jaipur,41,Female,Google Ads
3841,2026-02-25,Hyderabad,25,Female,Affiliate
3842,2025-07-16,Gurugram,37,Female,Meta Ads
3843,2026-02-08,Pune,42,Female,Meta Ads
3844,2025-05-03,Pune,50,Female,Meta Ads
3845,2026-02-04,Pune,51,Female,Meta Ads
3846,2025-01-26,Delhi,33,Male,Organic
3847,2025-02-27,Chennai,43,Female,Email
3848,2025-07-11,Delhi,26,Female,Meta Ads
3849,2025-09-20,Jaipur,52,Male,Email
3850,2026-01-23,Kolkata,51,Female,Meta Ads
3851,2025-07-15,Hyderabad,55,Female,Influencer
3852,2025-01-11,Pune,37,Female,Affiliate
3853,2025-06-27,Delhi,32,Male,Organic
3854,2025-08-28,Kolkata,47,Male,Influencer
3855,2025-10-24,Gurugram,46,Female,Meta Ads
3856,2025-12-17,Gurugram,27,Male,Google Ads
3857,2025-05-15,Chennai,39,Male,Google Ads
3858,2025-11-29,Jaipur,43,Male,Affiliate
3859,2025-12-11,Bengaluru,36,Male,Meta Ads
3860,2026-02-28,Hyderabad,33,Female,Affiliate
3861,2025-10-12,Hyderabad,28,Female,Meta Ads
3862,2026-03-18,Gurugram,34,Male,Google Ads
3863,2025-05-01,Hyderabad,28,Female,Email
3864,2026-01-23,Jaipur,30,Male,Email
3865,2025-01-25,Mumbai,26,Male,Meta Ads
3866,2025-02-26,Chennai,33,Female,Affiliate
3867,2026-04-17,Chennai,42,Female,Organic
3868,2025-09-16,Kolkata,33,Male,Meta Ads
3869,2025-12-05,Chennai,25,Female,Organic
3870,2025-11-25,Jaipur,48,Male,Meta Ads
3871,2026-01-14,Chennai,35,Female,Affiliate
3872,2025-05-14,Jaipur,41,Male,Meta Ads
3873,2025-04-08,Chennai,38,Female,Organic
3874,2025-01-24,Kolkata,38,Female,Meta Ads
3875,2026-04-17,Kolkata,35,Male,Google Ads
3876,2025-05-02,Jaipur,47,Female,Organic
3877,2025-11-10,Hyderabad,50,Female,Meta Ads
3878,2025-09-05,Chennai,52,Male,Organic
3879,2025-03-30,Jaipur,35,Female,Email
3880,2025-08-14,Mumbai,32,Female,Google Ads
3881,2025-02-15,Noida,22,Male,Google Ads
3882,2025-04-07,Kolkata,35,Female,Organic
3883,2025-03-18,Pune,55,Male,Meta Ads
3884,2026-03-26,Bengaluru,29,Female,Meta Ads
3885,2025-11-06,Chennai,50,Female,Google Ads
3886,2026-05-20,Delhi,47,Other,Meta Ads
3887,2025-08-26,Bengaluru,43,Female,Organic
3888,2025-04-20,Gurugram,40,Female,Affiliate
3889,2025-11-28,Gurugram,47,Male,Email
3890,2026-05-22,Jaipur,23,Male,Email
3891,2025-10-18,Hyderabad,24,Female,Meta Ads
3892,2025-01-10,Noida,27,Male,Organic
3893,2025-06-15,Mumbai,47,Female,Affiliate
3894,2026-05-20,Gurugram,35,Male,Google Ads
3895,2025-10-10,Jaipur,27,Male,Organic
3896,2026-06-03,Gurugram,21,Male,Google Ads
3897,2025-10-05,Mumbai,37,Female,Google Ads
3898,2025-01-07,Mumbai,34,Male,Google Ads
3899,2026-04-21,Noida,26,Male,Google Ads
3900,2026-02-20,Chennai,20,Other,Meta Ads
3901,2026-01-25,Hyderabad,47,Female,Google Ads
3902,2026-06-13,Bengaluru,48,Female,Google Ads
3903,2025-04-17,Mumbai,28,Male,Google Ads
3904,2026-05-09,Pune,37,Male,Google Ads
3905,2025-05-07,Delhi,29,Female,Meta Ads
3906,2026-06-14,Jaipur,34,Male,Affiliate
3907,2025-04-15,Hyderabad,23,Male,Email
3908,2025-10-27,Gurugram,54,Female,Google Ads
3909,2026-03-07,Hyderabad,45,Male,Meta Ads
3910,2025-02-12,Kolkata,52,Female,Meta Ads
3911,2025-02-06,Noida,30,Male,Google Ads
3912,2026-04-09,Hyderabad,51,Male,Meta Ads
3913,2025-02-02,Hyderabad,38,Male,Meta Ads
3914,2025-12-01,Kolkata,27,Female,Meta Ads
3915,2026-05-27,Hyderabad,31,Female,Organic
3916,2025-12-02,Chennai,49,Female,Meta Ads
3917,2025-09-20,Chennai,47,Male,Google Ads
3918,2025-08-16,Kolkata,45,Female,Google Ads
3919,2025-12-14,Mumbai,28,Female,Affiliate
3920,2025-11-08,Chennai,43,Female,Organic
3921,2025-10-01,Gurugram,53,Female,Organic
3922,2025-03-25,Kolkata,21,Female,Influencer
3923,2025-12-28,Jaipur,31,Female,Email
3924,2026-02-08,Gurugram,22,Male,Google Ads
3925,2026-01-22,Hyderabad,23,Female,Organic
3926,2025-02-10,Kolkata,55,Male,Google Ads
3927,2026-01-19,Delhi,28,Other,Organic
3928,2026-02-02,Chennai,26,Male,Meta Ads
3929,2025-04-10,Kolkata,22,Male,Google Ads
3930,2026-04-08,Kolkata,55,Male,Google Ads
3931,2025-10-13,Noida,36,Female,Meta Ads
3932,2025-09-15,Chennai,48,Male,Email
3933,2026-01-29,Chennai,29,Female,Google Ads
3934,2025-10-05,Delhi,43,Female,Google Ads
3935,2025-10-24,Chennai,51,Male,Meta Ads
3936,2025-06-20,Pune,44,Female,Affiliate
3937,2026-05-21,Jaipur,38,Female,Affiliate
3938,2026-06-13,Delhi,27,Female,Organic
3939,2025-03-13,Jaipur,28,Male,Meta Ads
3940,2026-02-04,Hyderabad,41,Female,Meta Ads
3941,2025-01-13,Gurugram,36,Male,Google Ads
3942,2025-07-21,Mumbai,21,Female,Google Ads
3943,2026-06-13,Chennai,27,Female,Google Ads
3944,2025-04-06,Jaipur,35,Male,Affiliate
3945,2025-07-25,Mumbai,26,Male,Meta Ads
3946,2025-04-30,Jaipur,39,Female,Google Ads
3947,2026-02-01,Pune,30,Male,Email
3948,2025-09-10,Noida,30,Male,Meta Ads
3949,2025-11-20,Hyderabad,23,Male,Meta Ads
3950,2026-05-29,Kolkata,38,Female,Organic
3951,2025-10-11,Delhi,26,Male,Affiliate
3952,2026-02-05,Delhi,42,Female,Organic
3953,2025-02-23,Delhi,53,Other,Affiliate
3954,2025-04-28,Hyderabad,52,Female,Google Ads
3955,2026-06-01,Delhi,44,Female,Organic
3956,2026-04-14,Jaipur,49,Female,Affiliate
3957,2025-12-24,Noida,53,Male,Meta Ads
3958,2025-07-26,Delhi,44,Male,Affiliate
3959,2025-04-19,Gurugram,29,Male,Influencer
3960,2026-04-10,Chennai,38,Male,Organic
3961,2026-03-04,Jaipur,50,Male,Google Ads
3962,2025-05-12,Gurugram,44,Female,Meta Ads
3963,2025-11-18,Hyderabad,33,Male,Organic
3964,2025-12-04,Chennai,26,Male,Affiliate
3965,2025-09-18,Chennai,25,Female,Google Ads
3966,2026-05-21,Noida,33,Male,Meta Ads
3967,2025-03-09,Kolkata,48,Female,Google Ads
3968,2025-05-21,Kolkata,39,Male,Meta Ads
3969,2025-02-21,Chennai,22,Female,Organic
3970,2026-01-13,Hyderabad,53,Male,Email
3971,2025-12-17,Mumbai,34,Male,Email
3972,2026-06-23,Kolkata,34,Female,Organic
3973,2025-10-23,Kolkata,49,Male,Email
3974,2025-03-24,Hyderabad,33,Male,Organic
3975,2025-09-03,Chennai,42,Male,Google Ads
3976,2025-02-18,Mumbai,53,Female,Google Ads
3977,2026-01-01,Chennai,38,Male,Affiliate
3978,2026-01-03,Delhi,42,Female,Meta Ads
3979,2026-04-13,Jaipur,32,Female,Meta Ads
3980,2025-07-05,Hyderabad,52,Female,Meta Ads
3981,2025-06-19,Hyderabad,22,Female,Organic
3982,2025-02-08,Noida,29,Male,Google Ads
3983,2025-08-15,Hyderabad,55,Female,Email
3984,2025-09-17,Delhi,37,Male,Google Ads
3985,2026-02-16,Kolkata,26,Male,Affiliate
3986,2026-02-15,Chennai,34,Female,Email
3987,2025-03-18,Bengaluru,29,Female,Affiliate
3988,2025-06-05,Kolkata,38,Male,Organic
3989,2025-10-06,Kolkata,28,Other,Affiliate
3990,2025-07-02,Noida,34,Female,Meta Ads
3991,2025-01-14,Delhi,52,Male,Google Ads
3992,2026-04-06,Gurugram,22,Female,Affiliate
3993,2026-02-03,Delhi,47,Female,Affiliate
3994,2025-10-11,Hyderabad,22,Female,Affiliate
3995,2025-06-23,Hyderabad,36,Female,Influencer
3996,2026-04-05,Hyderabad,44,Male,Email
3997,2025-01-20,Delhi,54,Female,Email
3998,2025-09-01,Jaipur,29,Male,Affiliate
3999,2026-03-13,Jaipur,21,Female,Google Ads
4000,2026-06-04,Hyderabad,47,Female,Affiliate
4001,2025-05-18,Delhi,52,Female,Affiliate
4002,2025-12-21,Mumbai,40,Male,Email
4003,2025-04-14,Chennai,22,Female,Meta Ads
4004,2025-03-05,Chennai,38,Female,Organic
4005,2025-07-12,Gurugram,34,Male,Influencer
4006,2026-04-28,Kolkata,36,Male,Google Ads
4007,2026-01-11,Jaipur,21,Male,Meta Ads
4008,2025-09-24,Hyderabad,31,Female,Organic
4009,2025-06-04,Mumbai,55,Male,Affiliate
4010,2025-03-19,Hyderabad,21,Female,Organic
4011,2025-05-28,Delhi,52,Female,Email
4012,2025-03-25,Hyderabad,38,Female,Google Ads
4013,2025-04-12,Delhi,41,Female,Meta Ads
4014,2026-01-10,Delhi,53,Male,Affiliate
4015,2025-03-14,Hyderabad,27,Male,Meta Ads
4016,2025-01-26,Hyderabad,55,Male,Meta Ads
4017,2025-10-23,Jaipur,29,Female,Meta Ads
4018,2025-06-06,Hyderabad,32,Female,Meta Ads
4019,2025-09-05,Jaipur,36,Female,Meta Ads
4020,2025-03-18,Kolkata,41,Female,Organic
4021,2025-04-25,Mumbai,31,Female,Meta Ads
4022,2025-08-29,Jaipur,48,Other,Organic
4023,2026-01-12,Bengaluru,20,Female,Meta Ads
4024,2025-08-14,Hyderabad,43,Male,Affiliate
4025,2025-10-23,Noida,43,Male,Google Ads
4026,2025-10-12,Gurugram,39,Female,Google Ads
4027,2025-05-27,Hyderabad,42,Female,Meta Ads
4028,2025-06-02,Gurugram,46,Female,Influencer
4029,2025-08-21,Hyderabad,52,Male,Organic
4030,2025-01-18,Delhi,27,Female,Organic
4031,2026-01-09,Gurugram,37,Male,Meta Ads
4032,2025-12-01,Pune,40,Male,Meta Ads
4033,2025-06-16,Pune,32,Female,Influencer
4034,2025-07-23,Jaipur,55,Female,Meta Ads
4035,2025-06-29,Kolkata,38,Male,Organic
4036,2025-12-21,Kolkata,41,Male,Affiliate
4037,2026-02-19,Delhi,27,Female,Organic
4038,2025-03-01,Pune,34,Male,Google Ads
4039,2025-08-14,Gurugram,42,Male,Meta Ads
4040,2025-01-08,Gurugram,35,Female,Google Ads
4041,2025-09-04,Gurugram,47,Female,Influencer
4042,2025-05-16,Bengaluru,24,Male,Affiliate
4043,2025-07-03,Noida,25,Female,Meta Ads
4044,2025-09-06,Hyderabad,32,Female,Affiliate
4045,2025-06-26,Noida,31,Male,Google Ads
4046,2025-08-03,Hyderabad,49,Male,Google Ads
4047,2026-02-21,Pune,51,Male,Google Ads
4048,2026-03-18,Noida,36,Male,Affiliate
4049,2025-01-04,Noida,38,Female,Google Ads
4050,2025-07-25,Kolkata,30,Male,Google Ads
4051,2026-04-07,Chennai,39,Other,Google Ads
4052,2025-10-17,Gurugram,45,Male,Meta Ads
4053,2025-04-22,Kolkata,46,Female,Meta Ads
4054,2025-11-20,Gurugram,54,Female,Google Ads
4055,2025-03-20,Jaipur,40,Female,Affiliate
4056,2025-01-12,Noida,32,Female,Influencer
4057,2025-12-11,Pune,22,Female,Meta Ads
4058,2025-10-08,Delhi,44,Female,Influencer
4059,2026-02-17,Noida,48,Female,Affiliate
4060,2025-07-07,Bengaluru,39,Female,Affiliate
4061,2026-04-11,Delhi,53,Other,Google Ads
4062,2025-08-18,Bengaluru,31,Male,Affiliate
4063,2026-02-07,Gurugram,21,Male,Email
4064,2025-02-24,Delhi,42,Male,Google Ads
4065,2025-02-22,Jaipur,24,Female,Organic
4066,2026-03-03,Jaipur,23,Male,Google Ads
4067,2026-03-31,Jaipur,45,Male,Affiliate
4068,2026-05-29,Noida,35,Female,Organic
4069,2025-06-26,Mumbai,41,Male,Meta Ads
4070,2025-01-13,Mumbai,46,Female,Google Ads
4071,2026-06-19,Mumbai,33,Male,Affiliate
4072,2025-11-24,Bengaluru,41,Female,Google Ads
4073,2025-05-15,Hyderabad,39,Male,Affiliate
4074,2026-02-21,Bengaluru,40,Female,Organic
4075,2026-05-08,Gurugram,45,Female,Google Ads
4076,2025-06-05,Jaipur,33,Male,Email
4077,2026-02-24,Jaipur,38,Male,Influencer
4078,2026-03-06,Mumbai,41,Female,Influencer
4079,2025-10-01,Gurugram,25,Female,Google Ads
4080,2025-12-11,Hyderabad,27,Male,Google Ads
4081,2025-05-27,Mumbai,23,Female,Google Ads
4082,2026-05-22,Jaipur,27,Male,Organic
4083,2026-06-20,Bengaluru,35,Female,Google Ads
4084,2026-06-19,Delhi,53,Male,Google Ads
4085,2026-02-06,Noida,53,Female,Meta Ads
4086,2025-01-24,Delhi,47,Male,Influencer
4087,2025-07-19,Mumbai,40,Male,Meta Ads
4088,2025-08-31,Mumbai,27,Male,Organic
4089,2026-06-08,Kolkata,32,Male,Google Ads
4090,2025-10-26,Kolkata,47,Female,Organic
4091,2025-10-20,Noida,52,Female,Email
4092,2025-03-21,Jaipur,54,Male,Influencer
4093,2026-03-09,Hyderabad,33,Male,Organic
4094,2025-07-03,Mumbai,37,Female,Google Ads
4095,2025-02-20,Bengaluru,38,Female,Meta Ads
4096,2026-06-23,Bengaluru,22,Female,Google Ads
4097,2025-04-14,Noida,24,Male,Google Ads
4098,2025-01-09,Kolkata,21,Male,Influencer
4099,2025-02-12,Delhi,46,Male,Meta Ads
4100,2025-09-04,Delhi,28,Female,Affiliate
4101,2025-02-26,Gurugram,45,Female,Google Ads
4102,2026-04-05,Noida,33,Male,Affiliate
4103,2025-10-07,Delhi,48,Male,Affiliate
4104,2025-06-26,Mumbai,24,Female,Organic
4105,2025-01-02,Mumbai,31,Male,Google Ads
4106,2025-09-19,Noida,27,Female,Affiliate
4107,2025-03-24,Kolkata,35,Male,Affiliate
4108,2026-06-18,Kolkata,40,Male,Google Ads
4109,2025-06-08,Chennai,26,Male,Influencer
4110,2025-09-16,Hyderabad,44,Other,Affiliate
4111,2025-01-11,Jaipur,54,Male,Google Ads
4112,2025-03-13,Mumbai,21,Male,Meta Ads
4113,2025-01-29,Bengaluru,23,Female,Meta Ads
4114,2026-01-31,Delhi,54,Male,Meta Ads
4115,2026-05-31,Chennai,43,Male,Affiliate
4116,2026-06-22,Delhi,53,Male,Affiliate
4117,2025-05-25,Pune,45,Female,Google Ads
4118,2026-03-06,Chennai,45,Male,Email
4119,2025-10-02,Gurugram,25,Female,Email
4120,2025-01-25,Pune,38,Female,Meta Ads
4121,2025-02-19,Mumbai,33,Female,Organic
4122,2025-10-26,Mumbai,50,Male,Organic
4123,2025-08-19,Hyderabad,21,Female,Meta Ads
4124,2025-01-05,Gurugram,20,Female,Meta Ads
4125,2026-05-22,Chennai,40,Female,Affiliate
4126,2026-02-03,Mumbai,54,Male,Meta Ads
4127,2025-10-01,Bengaluru,55,Female,Meta Ads
4128,2026-06-22,Kolkata,41,Female,Influencer
4129,2026-06-14,Gurugram,35,Female,Affiliate
4130,2026-06-15,Bengaluru,29,Male,Organic
4131,2025-05-22,Jaipur,55,Female,Meta Ads
4132,2026-04-26,Mumbai,26,Female,Organic
4133,2025-10-02,Noida,24,Female,Organic
4134,2026-01-31,Gurugram,38,Female,Meta Ads
4135,2026-04-14,Jaipur,34,Female,Google Ads
4136,2025-03-31,Chennai,37,Male,Meta Ads
4137,2025-09-02,Kolkata,52,Male,Email
4138,2025-03-12,Gurugram,29,Male,Influencer
4139,2025-06-02,Kolkata,51,Female,Organic
4140,2025-08-14,Mumbai,27,Male,Google Ads
4141,2026-04-12,Chennai,31,Female,Meta Ads
4142,2026-04-16,Kolkata,20,Other,Email
4143,2025-08-01,Gurugram,44,Female,Meta Ads
4144,2025-06-29,Jaipur,50,Female,Google Ads
4145,2025-10-17,Pune,51,Female,Influencer
4146,2026-05-12,Chennai,26,Male,Influencer
4147,2026-06-17,Chennai,47,Female,Influencer
4148,2025-05-04,Noida,25,Female,Meta Ads
4149,2025-04-12,Chennai,42,Female,Affiliate
4150,2026-01-21,Gurugram,45,Male,Organic
4151,2025-06-14,Gurugram,25,Male,Email
4152,2025-04-19,Noida,23,Female,Google Ads
4153,2025-01-17,Noida,22,Female,Google Ads
4154,2025-08-08,Jaipur,45,Female,Google Ads
4155,2025-08-02,Mumbai,42,Female,Affiliate
4156,2025-11-03,Mumbai,24,Female,Organic
4157,2025-04-20,Bengaluru,38,Female,Influencer
4158,2026-01-25,Chennai,48,Female,Email
4159,2026-01-06,Hyderabad,28,Female,Google Ads
4160,2025-09-09,Hyderabad,41,Male,Meta Ads
4161,2025-04-09,Kolkata,30,Male,Google Ads
4162,2025-10-04,Bengaluru,29,Female,Influencer
4163,2026-01-03,Chennai,34,Male,Meta Ads
4164,2025-07-23,Jaipur,32,Female,Google Ads
4165,2025-05-24,Pune,37,Male,Email
4166,2025-10-04,Delhi,27,Female,Affiliate
4167,2025-07-13,Gurugram,34,Male,Email
4168,2025-08-07,Pune,42,Female,Google Ads
4169,2025-07-10,Bengaluru,33,Female,Organic
4170,2025-06-15,Gurugram,43,Male,Google Ads
4171,2026-01-26,Mumbai,24,Female,Organic
4172,2025-09-08,Delhi,24,Female,Organic
4173,2025-09-12,Gurugram,51,Female,Google Ads
4174,2025-12-22,Chennai,36,Other,Meta Ads
4175,2025-07-16,Delhi,41,Female,Google Ads
4176,2025-02-25,Kolkata,46,Female,Meta Ads
4177,2026-04-10,Mumbai,25,Female,Organic
4178,2025-01-31,Kolkata,55,Female,Meta Ads
4179,2025-11-08,Gurugram,35,Female,Google Ads
4180,2025-05-25,Kolkata,52,Male,Organic
4181,2025-04-27,Hyderabad,35,Female,Organic
4182,2025-01-23,Kolkata,34,Female,Affiliate
4183,2026-05-06,Delhi,41,Male,Affiliate
4184,2025-08-22,Chennai,26,Male,Meta Ads
4185,2025-07-06,Gurugram,41,Female,Meta Ads
4186,2026-02-08,Mumbai,55,Female,Email
4187,2025-01-22,Delhi,43,Male,Affiliate
4188,2025-11-04,Jaipur,22,Female,Meta Ads
4189,2025-09-27,Pune,45,Female,Influencer
4190,2025-10-29,Jaipur,21,Male,Organic
4191,2025-03-09,Hyderabad,23,Female,Meta Ads
4192,2026-06-04,Noida,30,Male,Affiliate
4193,2025-05-10,Mumbai,30,Female,Google Ads
4194,2026-01-05,Bengaluru,20,Male,Influencer
4195,2026-02-12,Noida,20,Female,Meta Ads
4196,2025-07-07,Jaipur,48,Male,Organic
4197,2025-03-13,Jaipur,36,Female,Organic
4198,2025-06-11,Hyderabad,27,Female,Google Ads
4199,2026-03-16,Hyderabad,35,Male,Organic
4200,2026-05-10,Chennai,44,Other,Meta Ads
4201,2026-05-26,Pune,46,Female,Meta Ads
4202,2025-05-04,Delhi,30,Female,Google Ads
4203,2025-11-27,Hyderabad,26,Female,Affiliate
4204,2025-03-24,Chennai,54,Female,Affiliate
4205,2026-01-23,Kolkata,42,Female,Google Ads
4206,2025-08-15,Hyderabad,55,Other,Affiliate
4207,2026-01-24,Kolkata,31,Male,Affiliate
4208,2026-01-09,Hyderabad,24,Male,Google Ads
4209,2026-06-26,Mumbai,33,Male,Influencer
4210,2025-09-24,Bengaluru,31,Male,Google Ads
4211,2025-07-06,Pune,45,Female,Affiliate
4212,2025-10-15,Kolkata,45,Male,Email
4213,2025-03-30,Gurugram,22,Female,Influencer
4214,2025-03-02,Gurugram,41,Male,Meta Ads
4215,2025-10-10,Pune,32,Male,Meta Ads
4216,2026-03-26,Chennai,42,Female,Affiliate
4217,2025-10-18,Mumbai,34,Male,Organic
4218,2026-03-03,Pune,39,Female,Organic
4219,2025-04-07,Delhi,45,Female,Organic
4220,2025-09-02,Gurugram,30,Female,Organic
4221,2025-12-01,Jaipur,27,Female,Google Ads
4222,2025-07-09,Hyderabad,45,Female,Google Ads
4223,2025-01-08,Kolkata,54,Male,Google Ads
4224,2025-02-10,Gurugram,35,Female,Google Ads
4225,2026-05-21,Gurugram,55,Male,Affiliate
4226,2025-11-26,Jaipur,26,Male,Meta Ads
4227,2025-05-25,Jaipur,49,Female,Meta Ads
4228,2025-05-22,Kolkata,55,Female,Google Ads
4229,2025-01-22,Mumbai,30,Female,Affiliate
4230,2026-05-30,Kolkata,25,Female,Google Ads
4231,2025-02-28,Bengaluru,43,Female,Google Ads
4232,2026-02-18,Kolkata,51,Female,Affiliate
4233,2025-05-11,Kolkata,22,Male,Google Ads
4234,2025-07-02,Bengaluru,43,Male,Affiliate
4235,2025-05-30,Mumbai,51,Female,Meta Ads
4236,2026-03-26,Jaipur,21,Female,Organic
4237,2025-01-18,Bengaluru,38,Male,Google Ads
4238,2025-07-11,Bengaluru,22,Male,Meta Ads
4239,2025-06-02,Pune,26,Male,Meta Ads
4240,2025-05-29,Jaipur,37,Female,Organic
4241,2025-04-16,Noida,31,Male,Affiliate
4242,2026-05-13,Jaipur,23,Male,Google Ads
4243,2025-07-26,Bengaluru,48,Male,Organic
4244,2025-08-16,Delhi,27,Male,Google Ads
4245,2025-07-29,Mumbai,51,Female,Affiliate
4246,2026-06-19,Bengaluru,26,Female,Influencer
4247,2025-07-04,Pune,38,Male,Google Ads
4248,2025-07-06,Hyderabad,46,Female,Google Ads
4249,2025-06-28,Noida,37,Female,Affiliate
4250,2025-06-28,Bengaluru,35,Female,Affiliate
4251,2025-02-18,Gurugram,47,Male,Organic
4252,2025-11-26,Gurugram,20,Male,Meta Ads
4253,2025-01-14,Chennai,49,Female,Organic
4254,2025-05-04,Kolkata,44,Female,Meta Ads
4255,2025-04-21,Noida,47,Male,Influencer
4256,2025-06-08,Pune,35,Female,Affiliate
4257,2026-02-17,Bengaluru,33,Male,Affiliate
4258,2025-11-23,Mumbai,40,Male,Affiliate
4259,2026-06-24,Chennai,43,Male,Influencer
4260,2025-07-11,Gurugram,53,Female,Google Ads
4261,2026-05-22,Chennai,50,Male,Influencer
4262,2025-01-25,Bengaluru,21,Male,Google Ads
4263,2025-10-02,Delhi,25,Male,Meta Ads
4264,2026-03-12,Chennai,54,Male,Meta Ads
4265,2025-10-17,Kolkata,33,Male,Google Ads
4266,2026-05-24,Hyderabad,40,Female,Meta Ads
4267,2025-06-21,Chennai,22,Female,Email
4268,2025-01-19,Noida,23,Male,Google Ads
4269,2026-02-26,Mumbai,34,Male,Meta Ads
4270,2025-02-07,Mumbai,45,Female,Meta Ads
4271,2026-02-21,Chennai,47,Male,Organic
4272,2026-02-04,Mumbai,52,Male,Email
4273,2026-04-06,Chennai,27,Female,Organic
4274,2025-09-19,Mumbai,27,Female,Affiliate
4275,2026-05-04,Pune,39,Male,Organic
4276,2025-04-03,Gurugram,39,Male,Google Ads
4277,2025-08-25,Hyderabad,21,Male,Email
4278,2025-03-08,Delhi,36,Male,Meta Ads
4279,2026-02-22,Chennai,52,Female,Google Ads
4280,2026-01-25,Delhi,25,Female,Affiliate
4281,2026-03-16,Jaipur,49,Male,Google Ads
4282,2026-02-21,Kolkata,36,Male,Influencer
4283,2025-06-18,Hyderabad,38,Male,Google Ads
4284,2025-02-07,Jaipur,43,Male,Organic
4285,2026-05-22,Kolkata,45,Female,Meta Ads
4286,2025-09-26,Noida,42,Male,Influencer
4287,2025-02-21,Chennai,23,Female,Affiliate
4288,2026-05-21,Mumbai,30,Female,Google Ads
4289,2026-06-26,Kolkata,50,Female,Google Ads
4290,2025-08-31,Kolkata,21,Female,Organic
4291,2026-02-24,Jaipur,45,Female,Google Ads
4292,2025-01-20,Bengaluru,38,Other,Google Ads
4293,2025-02-20,Noida,24,Male,Influencer
4294,2025-05-31,Noida,24,Male,Organic
4295,2025-12-24,Noida,55,Male,Google Ads
4296,2025-03-14,Jaipur,21,Female,Meta Ads
4297,2025-01-19,Hyderabad,20,Female,Google Ads
4298,2025-12-31,Mumbai,20,Male,Affiliate
4299,2026-02-24,Bengaluru,42,Female,Google Ads
4300,2026-02-07,Noida,53,Female,Meta Ads
4301,2026-03-12,Hyderabad,26,Female,Google Ads
4302,2026-03-14,Bengaluru,48,Male,Influencer
4303,2025-11-25,Chennai,45,Male,Google Ads
4304,2025-10-11,Delhi,28,Female,Organic
4305,2026-04-12,Jaipur,22,Male,Meta Ads
4306,2025-07-09,Delhi,37,Female,Affiliate
4307,2025-02-23,Bengaluru,22,Male,Google Ads
4308,2026-02-14,Mumbai,24,Male,Affiliate
4309,2025-05-31,Chennai,36,Male,Influencer
4310,2026-06-18,Pune,49,Female,Google Ads
4311,2025-08-14,Noida,55,Male,Google Ads
4312,2026-04-10,Bengaluru,42,Female,Influencer
4313,2025-01-24,Hyderabad,29,Male,Meta Ads
4314,2025-12-26,Bengaluru,31,Female,Affiliate
4315,2025-09-02,Delhi,42,Male,Affiliate
4316,2025-09-10,Noida,26,Male,Meta Ads
4317,2025-05-25,Hyderabad,38,Other,Google Ads
4318,2026-06-14,Gurugram,47,Female,Meta Ads
4319,2025-08-03,Hyderabad,50,Female,Email
4320,2026-04-09,Noida,22,Female,Meta Ads
4321,2025-08-20,Chennai,30,Male,Organic
4322,2025-01-27,Noida,29,Female,Email
4323,2026-04-25,Pune,39,Male,Affiliate
4324,2025-04-11,Kolkata,26,Female,Google Ads
4325,2025-05-28,Mumbai,54,Female,Meta Ads
4326,2026-04-15,Noida,53,Female,Google Ads
4327,2026-05-03,Delhi,31,Female,Google Ads
4328,2026-05-15,Mumbai,34,Female,Meta Ads
4329,2025-08-21,Noida,35,Female,Influencer
4330,2026-02-17,Kolkata,21,Male,Meta Ads
4331,2025-06-28,Jaipur,51,Female,Meta Ads
4332,2026-02-08,Jaipur,48,Female,Organic
4333,2025-10-01,Jaipur,31,Male,Organic
4334,2025-01-29,Hyderabad,39,Female,Meta Ads
4335,2025-08-16,Mumbai,33,Male,Meta Ads
4336,2025-09-12,Bengaluru,28,Female,Meta Ads
4337,2025-05-21,Gurugram,30,Female,Google Ads
4338,2025-07-24,Kolkata,23,Male,Meta Ads
4339,2025-10-01,Bengaluru,49,Male,Google Ads
4340,2025-01-28,Mumbai,43,Female,Organic
4341,2025-03-24,Pune,53,Male,Affiliate
4342,2026-02-22,Mumbai,20,Other,Meta Ads
4343,2025-07-11,Mumbai,42,Male,Google Ads
4344,2025-11-28,Gurugram,40,Male,Affiliate
4345,2025-11-05,Delhi,42,Male,Email
4346,2025-10-28,Delhi,55,Female,Organic
4347,2025-08-14,Bengaluru,34,Female,Affiliate
4348,2025-09-21,Jaipur,25,Female,Organic
4349,2026-03-26,Gurugram,20,Female,Organic
4350,2026-06-10,Pune,37,Female,Meta Ads
4351,2025-05-20,Mumbai,26,Male,Influencer
4352,2025-12-31,Mumbai,25,Male,Organic
4353,2026-06-13,Noida,25,Female,Google Ads
4354,2025-01-05,Hyderabad,29,Male,Email
4355,2026-03-04,Pune,24,Female,Google Ads
4356,2025-09-28,Mumbai,37,Female,Email
4357,2026-06-12,Hyderabad,43,Female,Google Ads
4358,2025-11-12,Bengaluru,30,Female,Organic
4359,2026-04-02,Gurugram,24,Female,Meta Ads
4360,2025-04-01,Pune,40,Female,Email
4361,2025-03-19,Hyderabad,23,Female,Organic
4362,2026-05-20,Delhi,46,Male,Meta Ads
4363,2025-10-14,Bengaluru,33,Female,Meta Ads
4364,2025-11-01,Mumbai,34,Male,Meta Ads
4365,2025-04-03,Chennai,28,Female,Email
4366,2025-05-04,Mumbai,30,Female,Influencer
4367,2026-03-22,Jaipur,25,Female,Meta Ads
4368,2025-06-15,Pune,40,Male,Email
4369,2025-11-15,Noida,25,Female,Influencer
4370,2025-06-22,Bengaluru,44,Male,Organic
4371,2025-05-24,Kolkata,29,Female,Meta Ads
4372,2025-04-01,Gurugram,40,Male,Meta Ads
4373,2026-05-22,Chennai,39,Female,Affiliate
4374,2026-05-28,Chennai,42,Female,Meta Ads
4375,2025-03-04,Pune,47,Male,Meta Ads
4376,2025-07-12,Delhi,40,Male,Email
4377,2025-11-04,Mumbai,50,Male,Google Ads
4378,2025-07-28,Mumbai,29,Male,Email
4379,2026-01-28,Mumbai,47,Male,Influencer
4380,2025-05-22,Kolkata,32,Male,Influencer
4381,2025-02-02,Delhi,42,Male,Organic
4382,2025-07-03,Hyderabad,37,Male,Affiliate
4383,2025-11-22,Jaipur,52,Female,Affiliate
4384,2025-04-09,Kolkata,29,Male,Influencer
4385,2026-03-21,Pune,38,Male,Affiliate
4386,2025-01-07,Jaipur,25,Female,Affiliate
4387,2025-02-06,Bengaluru,42,Male,Google Ads
4388,2025-10-05,Pune,21,Female,Google Ads
4389,2025-10-07,Hyderabad,34,Female,Google Ads
4390,2025-06-10,Delhi,20,Female,Organic
4391,2025-05-21,Delhi,31,Female,Influencer
4392,2025-02-08,Kolkata,37,Female,Influencer
4393,2025-12-28,Noida,31,Female,Affiliate
4394,2025-07-26,Mumbai,33,Female,Affiliate
4395,2025-03-06,Pune,25,Male,Email
4396,2025-08-06,Hyderabad,45,Female,Meta Ads
4397,2026-05-26,Hyderabad,48,Female,Organic
4398,2025-05-23,Jaipur,36,Female,Google Ads
4399,2026-05-03,Chennai,21,Male,Affiliate
4400,2025-05-22,Jaipur,22,Male,Organic
4401,2025-04-12,Pune,44,Female,Google Ads
4402,2025-05-23,Jaipur,53,Male,Organic
4403,2025-06-26,Pune,51,Female,Email
4404,2025-03-07,Hyderabad,34,Male,Affiliate
4405,2025-11-17,Kolkata,37,Male,Affiliate
4406,2025-07-01,Kolkata,25,Male,Meta Ads
4407,2026-01-27,Delhi,22,Female,Affiliate
4408,2025-09-25,Jaipur,47,Female,Google Ads
4409,2025-08-30,Pune,35,Female,Meta Ads
4410,2025-09-14,Kolkata,37,Female,Meta Ads
4411,2025-03-27,Chennai,32,Female,Affiliate
4412,2026-01-24,Jaipur,31,Female,Influencer
4413,2025-02-26,Gurugram,55,Male,Google Ads
4414,2026-01-29,Noida,49,Female,Organic
4415,2026-06-29,Noida,44,Female,Affiliate
4416,2026-02-21,Gurugram,34,Male,Influencer
4417,2025-09-06,Gurugram,45,Other,Meta Ads
4418,2025-06-21,Bengaluru,32,Male,Google Ads
4419,2025-05-21,Noida,38,Female,Meta Ads
4420,2025-09-20,Noida,25,Female,Influencer
4421,2026-02-25,Hyderabad,45,Male,Meta Ads
4422,2026-05-18,Chennai,22,Female,Email
4423,2026-05-17,Noida,46,Female,Influencer
4424,2025-02-17,Hyderabad,41,Female,Meta Ads
4425,2026-05-05,Pune,22,Female,Organic
4426,2025-03-04,Chennai,38,Male,Influencer
4427,2025-11-15,Noida,28,Male,Meta Ads
4428,2026-05-22,Chennai,37,Male,Meta Ads
4429,2025-12-23,Delhi,20,Male,Meta Ads
4430,2026-06-01,Gurugram,45,Male,Organic
4431,2025-07-07,Mumbai,38,Female,Google Ads
4432,2025-06-21,Kolkata,33,Male,Google Ads
4433,2025-06-27,Noida,51,Female,Meta Ads
4434,2025-07-13,Chennai,43,Male,Email
4435,2026-01-08,Jaipur,41,Male,Affiliate
4436,2025-09-04,Jaipur,25,Female,Email
4437,2026-02-06,Mumbai,38,Other,Affiliate
4438,2025-08-15,Delhi,45,Female,Influencer
4439,2025-06-17,Gurugram,53,Male,Organic
4440,2025-04-14,Chennai,41,Female,Organic
4441,2025-10-28,Noida,26,Male,Google Ads
4442,2026-05-05,Pune,44,Female,Meta Ads
4443,2026-04-14,Mumbai,22,Female,Meta Ads
4444,2025-05-19,Chennai,31,Male,Email
4445,2025-09-18,Pune,53,Female,Influencer
4446,2026-01-20,Hyderabad,48,Female,Meta Ads
4447,2025-11-30,Chennai,52,Male,Google Ads
4448,2025-02-06,Jaipur,32,Male,Affiliate
4449,2025-11-19,Mumbai,44,Female,Influencer
4450,2025-01-22,Hyderabad,45,Male,Affiliate
4451,2025-03-05,Pune,28,Male,Google Ads
4452,2025-12-23,Kolkata,53,Male,Email
4453,2025-02-25,Bengaluru,54,Female,Meta Ads
4454,2025-07-04,Mumbai,23,Male,Organic
4455,2025-11-17,Kolkata,47,Female,Organic
4456,2025-12-24,Jaipur,36,Female,Affiliate
4457,2025-08-31,Hyderabad,44,Male,Google Ads
4458,2025-02-21,Noida,39,Male,Influencer
4459,2026-03-12,Gurugram,28,Female,Google Ads
4460,2026-06-02,Bengaluru,23,Male,Google Ads
4461,2026-04-30,Chennai,38,Male,Affiliate
4462,2026-02-12,Pune,50,Male,Meta Ads
4463,2025-08-08,Kolkata,49,Female,Meta Ads
4464,2026-04-23,Delhi,29,Female,Meta Ads
4465,2025-09-24,Bengaluru,50,Female,Google Ads
4466,2025-03-16,Chennai,32,Male,Google Ads
4467,2026-04-09,Jaipur,40,Male,Organic
4468,2025-06-24,Noida,31,Female,Google Ads
4469,2026-05-27,Kolkata,38,Male,Influencer
4470,2025-07-20,Delhi,39,Other,Affiliate
4471,2026-04-19,Noida,45,Female,Affiliate
4472,2025-10-20,Kolkata,36,Male,Affiliate
4473,2025-09-12,Chennai,39,Female,Organic
4474,2025-06-11,Jaipur,43,Female,Meta Ads
4475,2026-04-01,Pune,35,Female,Influencer
4476,2025-02-03,Pune,38,Male,Meta Ads
4477,2025-09-13,Hyderabad,23,Female,Google Ads
4478,2025-07-21,Hyderabad,51,Male,Email
4479,2025-10-24,Hyderabad,24,Female,Google Ads
4480,2025-05-19,Gurugram,51,Male,Organic
4481,2025-12-29,Kolkata,47,Male,Influencer
4482,2025-07-30,Mumbai,54,Female,Organic
4483,2025-04-13,Pune,20,Female,Google Ads
4484,2025-04-18,Pune,27,Male,Google Ads
4485,2026-01-15,Hyderabad,21,Female,Meta Ads
4486,2025-05-23,Pune,35,Male,Google Ads
4487,2025-06-17,Delhi,52,Female,Email
4488,2025-12-08,Mumbai,47,Female,Affiliate
4489,2025-06-29,Bengaluru,45,Male,Organic
4490,2025-07-31,Mumbai,50,Female,Organic
4491,2025-05-14,Jaipur,20,Other,Meta Ads
4492,2025-07-08,Kolkata,48,Female,Google Ads
4493,2026-01-13,Chennai,31,Female,Organic
4494,2025-10-18,Mumbai,44,Female,Meta Ads
4495,2026-06-28,Delhi,47,Female,Meta Ads
4496,2026-02-25,Chennai,44,Male,Organic
4497,2025-01-10,Kolkata,35,Female,Meta Ads
4498,2025-07-26,Bengaluru,42,Male,Google Ads
4499,2025-06-07,Kolkata,36,Male,Meta Ads
4500,2025-11-17,Jaipur,42,Male,Meta Ads
4501,2025-05-25,Hyderabad,36,Female,Organic
4502,2026-06-11,Gurugram,34,Male,Google Ads
4503,2025-06-13,Delhi,27,Male,Affiliate
4504,2025-10-12,Chennai,33,Male,Meta Ads
4505,2025-03-08,Hyderabad,45,Male,Google Ads
4506,2026-05-11,Noida,51,Other,Google Ads
4507,2026-05-12,Delhi,23,Male,Influencer
4508,2026-03-09,Jaipur,26,Male,Email
4509,2025-07-11,Mumbai,38,Female,Organic
4510,2025-02-02,Mumbai,45,Male,Affiliate
4511,2026-01-23,Pune,26,Female,Meta Ads
4512,2025-08-22,Mumbai,31,Female,Email
4513,2026-06-24,Jaipur,21,Female,Organic
4514,2026-01-16,Pune,21,Male,Affiliate
4515,2025-10-21,Mumbai,25,Female,Meta Ads
4516,2026-06-22,Gurugram,46,Female,Influencer
4517,2026-03-13,Kolkata,51,Female,Organic
4518,2025-09-07,Hyderabad,37,Male,Affiliate
4519,2025-01-11,Jaipur,26,Female,Google Ads
4520,2025-02-20,Mumbai,53,Female,Meta Ads
4521,2025-08-30,Delhi,30,Female,Google Ads
4522,2025-11-03,Kolkata,25,Female,Influencer
4523,2025-01-17,Gurugram,24,Female,Google Ads
4524,2025-03-10,Kolkata,32,Female,Organic
4525,2026-01-19,Chennai,46,Male,Google Ads
4526,2026-02-14,Gurugram,34,Male,Google Ads
4527,2025-01-17,Chennai,36,Female,Meta Ads
4528,2025-10-04,Delhi,32,Male,Affiliate
4529,2025-02-14,Mumbai,53,Female,Meta Ads
4530,2026-01-30,Mumbai,44,Female,Affiliate
4531,2026-03-31,Pune,43,Female,Affiliate
4532,2026-04-19,Hyderabad,35,Male,Influencer
4533,2025-11-23,Pune,39,Female,Organic
4534,2025-12-09,Bengaluru,51,Female,Organic
4535,2026-05-20,Chennai,43,Female,Organic
4536,2025-11-30,Noida,49,Female,Google Ads
4537,2025-09-01,Chennai,21,Male,Email
4538,2026-02-16,Delhi,50,Female,Affiliate
4539,2025-11-19,Delhi,54,Male,Google Ads
4540,2026-04-05,Chennai,44,Female,Google Ads
4541,2025-10-13,Noida,54,Male,Organic
4542,2026-04-19,Chennai,40,Male,Affiliate
4543,2025-01-25,Noida,29,Male,Meta Ads
4544,2025-01-20,Noida,41,Male,Affiliate
4545,2025-02-23,Jaipur,42,Female,Meta Ads
4546,2025-10-31,Noida,25,Female,Meta Ads
4547,2026-01-22,Jaipur,27,Male,Influencer
4548,2025-04-28,Mumbai,30,Male,Meta Ads
4549,2025-03-26,Chennai,39,Female,Email
4550,2026-04-14,Jaipur,25,Male,Influencer
4551,2026-02-14,Noida,47,Male,Meta Ads
4552,2025-12-20,Mumbai,23,Male,Google Ads
4553,2025-09-24,Hyderabad,53,Female,Influencer
4554,2025-08-18,Kolkata,44,Other,Email
4555,2025-01-12,Noida,32,Male,Influencer
4556,2025-04-13,Noida,33,Female,Affiliate
4557,2026-05-04,Mumbai,44,Female,Email
4558,2025-07-04,Gurugram,23,Other,Meta Ads
4559,2026-01-19,Gurugram,45,Female,Meta Ads
4560,2026-01-19,Noida,39,Female,Google Ads
4561,2025-06-18,Kolkata,27,Female,Meta Ads
4562,2025-04-22,Chennai,52,Female,Affiliate
4563,2026-01-12,Noida,42,Male,Influencer
4564,2025-02-21,Hyderabad,25,Female,Influencer
4565,2025-09-27,Pune,43,Female,Influencer
4566,2026-04-29,Pune,34,Male,Google Ads
4567,2026-01-23,Jaipur,47,Male,Email
4568,2026-02-21,Pune,37,Male,Google Ads
4569,2025-02-15,Pune,55,Male,Organic
4570,2025-04-19,Delhi,53,Male,Influencer
4571,2025-05-30,Delhi,21,Male,Affiliate
4572,2025-06-09,Pune,34,Male,Affiliate
4573,2025-04-16,Jaipur,27,Female,Meta Ads
4574,2026-06-14,Mumbai,36,Male,Email
4575,2025-03-31,Pune,25,Male,Meta Ads
4576,2026-01-21,Gurugram,39,Male,Email
4577,2025-11-16,Bengaluru,25,Male,Meta Ads
4578,2025-11-29,Chennai,42,Male,Affiliate
4579,2025-04-27,Pune,36,Other,Meta Ads
4580,2025-06-17,Noida,55,Male,Organic
4581,2025-11-27,Kolkata,51,Male,Affiliate
4582,2025-06-13,Jaipur,41,Female,Meta Ads
4583,2026-01-14,Bengaluru,36,Female,Organic
4584,2025-01-22,Mumbai,45,Male,Affiliate
4585,2025-02-09,Hyderabad,44,Male,Influencer
4586,2026-02-02,Kolkata,25,Female,Google Ads
4587,2025-12-03,Bengaluru,33,Female,Organic
4588,2025-01-24,Delhi,55,Male,Meta Ads
4589,2026-05-05,Delhi,31,Other,Meta Ads
4590,2025-01-03,Kolkata,20,Other,Google Ads
4591,2026-06-05,Chennai,50,Female,Email
4592,2026-02-02,Chennai,53,Male,Meta Ads
4593,2026-06-23,Noida,43,Female,Organic
4594,2026-06-02,Noida,42,Female,Meta Ads
4595,2025-06-20,Mumbai,32,Female,Google Ads
4596,2026-02-17,Gurugram,32,Male,Organic
4597,2025-04-25,Mumbai,52,Male,Google Ads
4598,2025-09-15,Hyderabad,50,Male,Meta Ads
4599,2025-05-11,Gurugram,37,Female,Google Ads
4600,2025-09-22,Noida,31,Female,Meta Ads
4601,2026-04-21,Bengaluru,26,Male,Meta Ads
4602,2025-08-26,Chennai,20,Male,Affiliate
4603,2025-02-20,Pune,37,Male,Organic
4604,2025-06-26,Mumbai,39,Female,Google Ads
4605,2026-03-05,Mumbai,44,Male,Google Ads
4606,2025-10-12,Hyderabad,48,Male,Affiliate
4607,2025-11-02,Noida,33,Female,Google Ads
4608,2025-08-23,Kolkata,26,Female,Google Ads
4609,2025-06-09,Kolkata,50,Female,Google Ads
4610,2025-11-23,Delhi,47,Female,Organic
4611,2025-12-12,Jaipur,39,Male,Organic
4612,2026-05-05,Delhi,21,Male,Meta Ads
4613,2025-12-03,Bengaluru,36,Male,Google Ads
4614,2026-06-27,Pune,42,Female,Affiliate
4615,2026-03-27,Mumbai,50,Female,Google Ads
4616,2025-02-12,Gurugram,38,Male,Meta Ads
4617,2025-08-02,Delhi,36,Female,Affiliate
4618,2025-07-29,Chennai,33,Female,Google Ads
4619,2025-01-02,Delhi,34,Other,Meta Ads
4620,2025-04-09,Bengaluru,20,Male,Organic
4621,2026-02-20,Mumbai,23,Male,Organic
4622,2025-07-11,Jaipur,47,Female,Meta Ads
4623,2025-03-22,Jaipur,33,Female,Meta Ads
4624,2025-06-06,Kolkata,50,Female,Meta Ads
4625,2025-05-30,Chennai,34,Female,Meta Ads
4626,2025-04-06,Hyderabad,55,Male,Meta Ads
4627,2025-02-25,Mumbai,26,Female,Meta Ads
4628,2026-02-21,Noida,26,Male,Meta Ads
4629,2026-03-26,Jaipur,41,Male,Meta Ads
4630,2025-09-28,Mumbai,48,Male,Meta Ads
4631,2025-12-02,Bengaluru,25,Male,Email
4632,2026-05-16,Noida,38,Male,Organic
4633,2026-04-05,Gurugram,28,Female,Influencer
4634,2025-01-18,Pune,46,Female,Organic
4635,2026-06-04,Bengaluru,40,Male,Organic
4636,2025-02-06,Hyderabad,43,Male,Google Ads
4637,2025-01-15,Gurugram,29,Male,Organic
4638,2025-08-08,Delhi,30,Male,Email
4639,2026-02-11,Kolkata,43,Male,Affiliate
4640,2025-02-13,Bengaluru,32,Female,Influencer
4641,2025-06-09,Mumbai,44,Female,Google Ads
4642,2025-05-24,Gurugram,25,Female,Influencer
4643,2025-08-05,Pune,30,Female,Organic
4644,2026-06-22,Hyderabad,23,Female,Organic
4645,2025-06-30,Mumbai,23,Male,Meta Ads
4646,2025-04-24,Jaipur,29,Male,Meta Ads
4647,2025-03-08,Jaipur,37,Male,Affiliate
4648,2025-04-18,Noida,25,Male,Google Ads
4649,2025-03-14,Pune,23,Female,Email
4650,2025-11-09,Jaipur,51,Female,Google Ads
4651,2025-08-18,Bengaluru,38,Male,Meta Ads
4652,2025-09-29,Delhi,45,Male,Organic
4653,2026-03-30,Noida,46,Male,Organic
4654,2025-11-13,Pune,23,Female,Affiliate
4655,2025-03-26,Jaipur,42,Male,Organic
4656,2025-07-25,Noida,50,Female,Organic
4657,2025-06-20,Hyderabad,36,Male,Influencer
4658,2026-03-27,Bengaluru,51,Male,Email
4659,2025-06-17,Gurugram,54,Male,Organic
4660,2025-03-17,Pune,39,Female,Affiliate
4661,2026-02-06,Kolkata,23,Male,Organic
4662,2025-08-22,Gurugram,42,Female,Organic
4663,2025-02-22,Delhi,51,Male,Email
4664,2026-01-11,Mumbai,40,Female,Email
4665,2025-04-25,Mumbai,48,Female,Organic
4666,2026-04-19,Chennai,39,Female,Organic
4667,2026-03-30,Hyderabad,35,Male,Email
4668,2025-07-21,Delhi,54,Male,Google Ads
4669,2025-10-30,Mumbai,25,Female,Google Ads
4670,2025-11-06,Chennai,36,Female,Meta Ads
4671,2025-12-23,Bengaluru,25,Male,Google Ads
4672,2025-02-07,Hyderabad,43,Male,Meta Ads
4673,2025-06-27,Gurugram,53,Male,Google Ads
4674,2025-04-03,Mumbai,55,Male,Google Ads
4675,2026-01-16,Noida,28,Male,Affiliate
4676,2025-02-07,Delhi,46,Male,Email
4677,2025-10-09,Delhi,51,Male,Affiliate
4678,2026-02-01,Pune,50,Female,Google Ads
4679,2026-06-01,Noida,38,Female,Meta Ads
4680,2025-06-06,Hyderabad,26,Female,Google Ads
4681,2025-01-05,Jaipur,36,Female,Google Ads
4682,2026-01-30,Pune,47,Female,Google Ads
4683,2025-01-01,Hyderabad,42,Male,Email
4684,2025-02-06,Noida,33,Female,Google Ads
4685,2026-06-24,Bengaluru,27,Male,Affiliate
4686,2026-04-16,Kolkata,43,Male,Email
4687,2026-01-21,Mumbai,35,Female,Google Ads
4688,2026-04-01,Kolkata,36,Male,Affiliate
4689,2025-02-11,Chennai,53,Female,Email
4690,2025-02-18,Gurugram,20,Female,Meta Ads
4691,2025-06-13,Noida,28,Male,Email
4692,2025-01-13,Delhi,53,Male,Organic
4693,2026-04-30,Gurugram,53,Female,Email
4694,2025-01-31,Mumbai,30,Female,Influencer
4695,2025-10-24,Pune,55,Female,Meta Ads
4696,2026-04-11,Hyderabad,27,Male,Meta Ads
4697,2026-02-05,Bengaluru,21,Female,Affiliate
4698,2025-05-08,Chennai,31,Male,Organic
4699,2025-09-14,Chennai,39,Male,Influencer
4700,2025-10-26,Chennai,20,Female,Affiliate
4701,2026-02-23,Kolkata,26,Male,Email
4702,2025-08-21,Mumbai,48,Male,Organic
4703,2025-06-05,Kolkata,42,Male,Meta Ads
4704,2026-03-10,Bengaluru,41,Female,Google Ads
4705,2026-04-29,Noida,55,Female,Meta Ads
4706,2025-09-24,Noida,28,Female,Meta Ads
4707,2025-01-16,Delhi,52,Male,Organic
4708,2025-09-30,Jaipur,32,Male,Organic
4709,2026-04-30,Noida,53,Female,Influencer
4710,2026-06-24,Kolkata,48,Male,Google Ads
4711,2025-08-07,Chennai,27,Male,Meta Ads
4712,2025-03-23,Bengaluru,27,Male,Meta Ads
4713,2025-11-08,Jaipur,39,Female,Email
4714,2026-03-29,Jaipur,38,Female,Google Ads
4715,2026-05-31,Jaipur,28,Male,Meta Ads
4716,2025-01-29,Bengaluru,29,Male,Organic
4717,2025-06-08,Gurugram,52,Female,Meta Ads
4718,2025-09-18,Delhi,47,Female,Organic
4719,2025-02-23,Kolkata,26,Male,Meta Ads
4720,2026-04-29,Kolkata,46,Male,Meta Ads
4721,2025-03-03,Hyderabad,25,Female,Influencer
4722,2025-12-29,Delhi,36,Female,Google Ads
4723,2026-05-16,Kolkata,20,Female,Meta Ads
4724,2026-01-09,Gurugram,43,Female,Influencer
4725,2026-02-20,Hyderabad,26,Female,Google Ads
4726,2025-05-24,Pune,28,Male,Meta Ads
4727,2026-03-27,Noida,26,Male,Meta Ads
4728,2025-08-17,Delhi,26,Male,Organic
4729,2025-02-03,Delhi,22,Female,Organic
4730,2025-07-19,Jaipur,39,Male,Organic
4731,2025-07-10,Jaipur,51,Male,Influencer
4732,2025-10-12,Bengaluru,30,Male,Meta Ads
4733,2025-05-25,Bengaluru,48,Female,Meta Ads
4734,2025-09-09,Bengaluru,39,Female,Influencer
4735,2025-08-22,Mumbai,29,Male,Google Ads
4736,2025-06-28,Hyderabad,22,Male,Influencer
4737,2026-01-15,Mumbai,48,Female,Influencer
4738,2025-06-16,Pune,20,Male,Influencer
4739,2026-02-22,Mumbai,35,Female,Google Ads
4740,2025-05-17,Pune,21,Male,Email
4741,2026-04-17,Jaipur,47,Female,Affiliate
4742,2025-07-18,Gurugram,55,Male,Meta Ads
4743,2025-01-23,Delhi,31,Female,Email
4744,2025-03-23,Hyderabad,31,Male,Meta Ads
4745,2026-03-16,Noida,40,Male,Google Ads
4746,2026-04-21,Gurugram,38,Female,Affiliate
4747,2025-04-26,Chennai,33,Female,Influencer
4748,2025-11-25,Bengaluru,33,Female,Google Ads
4749,2025-11-10,Hyderabad,26,Female,Google Ads
4750,2025-03-14,Chennai,29,Female,Email
4751,2025-09-04,Noida,41,Female,Google Ads
4752,2026-01-14,Bengaluru,46,Male,Organic
4753,2026-06-12,Delhi,47,Female,Organic
4754,2026-04-07,Bengaluru,38,Male,Meta Ads
4755,2025-02-23,Gurugram,47,Male,Organic
4756,2025-05-10,Jaipur,41,Female,Google Ads
4757,2025-08-27,Gurugram,32,Male,Meta Ads
4758,2025-03-24,Gurugram,32,Male,Affiliate
4759,2025-11-08,Delhi,38,Male,Google Ads
4760,2025-01-05,Noida,31,Female,Meta Ads
4761,2025-03-03,Gurugram,47,Female,Organic
4762,2025-01-26,Gurugram,26,Male,Google Ads
4763,2025-06-11,Chennai,21,Male,Meta Ads
4764,2026-02-20,Kolkata,37,Male,Affiliate
4765,2025-04-07,Kolkata,22,Male,Meta Ads
4766,2025-05-27,Jaipur,26,Male,Meta Ads
4767,2025-01-25,Kolkata,33,Male,Google Ads
4768,2025-07-02,Bengaluru,20,Female,Organic
4769,2026-02-12,Mumbai,28,Female,Meta Ads
4770,2025-02-28,Pune,39,Male,Affiliate
4771,2025-02-09,Mumbai,33,Male,Google Ads
4772,2026-04-08,Pune,52,Male,Affiliate
4773,2025-11-19,Jaipur,23,Male,Affiliate
4774,2025-07-07,Noida,45,Male,Organic
4775,2026-02-17,Chennai,41,Female,Organic
4776,2026-04-06,Jaipur,43,Female,Google Ads
4777,2025-07-15,Hyderabad,44,Male,Meta Ads
4778,2025-11-02,Mumbai,21,Male,Meta Ads
4779,2025-01-06,Gurugram,48,Female,Google Ads
4780,2025-06-16,Noida,31,Female,Meta Ads
4781,2025-11-21,Mumbai,43,Male,Organic
4782,2025-04-18,Chennai,30,Female,Meta Ads
4783,2026-06-25,Hyderabad,34,Male,Influencer
4784,2026-06-14,Gurugram,45,Female,Organic
4785,2025-05-21,Hyderabad,53,Male,Meta Ads
4786,2025-08-05,Kolkata,51,Female,Meta Ads
4787,2025-04-14,Delhi,46,Male,Email
4788,2025-10-02,Delhi,39,Female,Meta Ads
4789,2025-03-09,Jaipur,38,Female,Google Ads
4790,2025-08-02,Chennai,54,Female,Email
4791,2025-10-30,Hyderabad,27,Female,Organic
4792,2025-11-30,Jaipur,54,Male,Meta Ads
4793,2025-11-22,Hyderabad,43,Female,Meta Ads
4794,2025-05-01,Hyderabad,42,Male,Google Ads
4795,2026-03-08,Gurugram,41,Female,Meta Ads
4796,2026-01-13,Kolkata,49,Male,Google Ads
4797,2026-02-15,Chennai,44,Male,Organic
4798,2025-09-12,Gurugram,23,Male,Organic
4799,2026-05-02,Chennai,48,Female,Meta Ads
4800,2025-08-01,Chennai,46,Female,Influencer
4801,2026-03-16,Delhi,52,Male,Organic
4802,2025-04-21,Noida,53,Female,Google Ads
4803,2025-05-15,Hyderabad,54,Male,Affiliate
4804,2025-10-15,Pune,21,Male,Organic
4805,2025-10-30,Pune,42,Male,Email
4806,2026-02-11,Mumbai,53,Female,Google Ads
4807,2025-06-12,Kolkata,54,Female,Affiliate
4808,2026-04-21,Bengaluru,39,Female,Google Ads
4809,2025-06-29,Gurugram,52,Male,Meta Ads
4810,2025-10-19,Noida,51,Male,Affiliate
4811,2026-05-23,Kolkata,20,Female,Affiliate
4812,2025-10-21,Chennai,51,Male,Organic
4813,2026-01-07,Bengaluru,42,Female,Google Ads
4814,2026-05-11,Gurugram,40,Other,Meta Ads
4815,2026-06-16,Delhi,26,Male,Affiliate
4816,2025-09-30,Noida,53,Male,Organic
4817,2025-08-16,Noida,30,Female,Affiliate
4818,2025-04-18,Hyderabad,35,Female,Google Ads
4819,2025-10-20,Noida,30,Female,Influencer
4820,2026-05-16,Noida,54,Female,Google Ads
4821,2025-09-23,Gurugram,37,Male,Meta Ads
4822,2025-07-09,Pune,24,Female,Affiliate
4823,2025-02-28,Bengaluru,20,Female,Meta Ads
4824,2025-08-01,Noida,55,Female,Organic
4825,2025-05-10,Chennai,28,Male,Email
4826,2026-06-17,Bengaluru,47,Female,Affiliate
4827,2025-10-15,Noida,21,Male,Google Ads
4828,2025-03-16,Pune,52,Male,Google Ads
4829,2025-02-06,Jaipur,43,Other,Organic
4830,2026-04-09,Hyderabad,28,Other,Affiliate
4831,2026-05-23,Noida,52,Female,Influencer
4832,2026-02-20,Mumbai,30,Female,Meta Ads
4833,2025-03-09,Hyderabad,55,Male,Organic
4834,2025-02-23,Jaipur,41,Female,Meta Ads
4835,2025-04-18,Jaipur,36,Female,Meta Ads
4836,2026-02-14,Jaipur,22,Female,Google Ads
4837,2026-02-22,Kolkata,29,Female,Meta Ads
4838,2026-04-02,Hyderabad,22,Female,Google Ads
4839,2025-02-22,Pune,50,Female,Meta Ads
4840,2025-03-25,Chennai,23,Male,Meta Ads
4841,2026-05-06,Chennai,24,Female,Affiliate
4842,2026-05-22,Pune,24,Male,Google Ads
4843,2026-01-31,Noida,55,Male,Affiliate
4844,2025-02-27,Kolkata,54,Female,Affiliate
4845,2025-02-07,Delhi,45,Female,Meta Ads
4846,2025-01-31,Bengaluru,22,Female,Organic
4847,2026-01-13,Bengaluru,38,Male,Meta Ads
4848,2026-04-07,Jaipur,54,Male,Google Ads
4849,2025-12-11,Delhi,23,Female,Organic
4850,2025-05-23,Bengaluru,48,Female,Organic
4851,2026-02-17,Mumbai,20,Other,Meta Ads
4852,2025-02-02,Delhi,48,Female,Affiliate
4853,2026-03-28,Gurugram,39,Female,Organic
4854,2026-05-02,Bengaluru,51,Female,Meta Ads
4855,2026-01-27,Jaipur,34,Male,Google Ads
4856,2026-04-25,Mumbai,48,Female,Affiliate
4857,2025-11-16,Kolkata,50,Female,Influencer
4858,2025-09-13,Chennai,31,Male,Organic
4859,2025-06-25,Kolkata,43,Female,Organic
4860,2026-05-18,Kolkata,36,Female,Email
4861,2026-01-16,Chennai,35,Male,Google Ads
4862,2025-04-14,Chennai,48,Male,Influencer
4863,2026-06-06,Noida,28,Female,Organic
4864,2025-02-02,Chennai,24,Female,Email
4865,2025-11-17,Delhi,37,Female,Organic
4866,2025-04-14,Chennai,49,Male,Email
4867,2025-12-29,Pune,25,Female,Google Ads
4868,2025-08-13,Chennai,32,Male,Organic
4869,2025-08-27,Pune,44,Male,Google Ads
4870,2026-01-01,Mumbai,37,Male,Google Ads
4871,2026-02-17,Mumbai,41,Female,Google Ads
4872,2025-07-27,Hyderabad,39,Male,Meta Ads
4873,2026-06-28,Bengaluru,49,Male,Influencer
4874,2025-09-29,Mumbai,51,Male,Google Ads
4875,2025-03-29,Bengaluru,36,Female,Meta Ads
4876,2025-01-04,Hyderabad,35,Male,Organic
4877,2025-04-21,Gurugram,30,Male,Affiliate
4878,2026-01-12,Pune,35,Female,Organic
4879,2025-10-21,Mumbai,50,Female,Influencer
4880,2025-07-04,Gurugram,38,Female,Organic
4881,2025-09-20,Bengaluru,44,Male,Organic
4882,2026-04-02,Noida,35,Female,Meta Ads
4883,2025-11-08,Pune,45,Female,Meta Ads
4884,2025-02-01,Chennai,45,Female,Meta Ads
4885,2025-01-27,Jaipur,39,Female,Organic
4886,2025-09-20,Gurugram,53,Male,Organic
4887,2025-08-09,Hyderabad,51,Male,Organic
4888,2026-04-09,Hyderabad,25,Male,Organic
4889,2025-11-14,Chennai,28,Male,Organic
4890,2026-02-17,Pune,54,Female,Google Ads
4891,2025-11-15,Kolkata,34,Male,Meta Ads
4892,2025-07-08,Kolkata,31,Female,Email
4893,2025-12-25,Noida,48,Other,Google Ads
4894,2025-12-05,Mumbai,41,Female,Influencer
4895,2026-01-28,Pune,24,Male,Google Ads
4896,2025-04-14,Hyderabad,23,Female,Google Ads
4897,2025-12-16,Bengaluru,49,Male,Organic
4898,2025-06-05,Noida,47,Male,Google Ads
4899,2026-03-07,Hyderabad,32,Male,Email
4900,2026-03-12,Chennai,51,Male,Google Ads
4901,2025-12-07,Delhi,24,Female,Google Ads
4902,2026-05-31,Hyderabad,51,Male,Organic
4903,2025-10-20,Jaipur,22,Female,Meta Ads
4904,2025-01-14,Hyderabad,42,Male,Email
4905,2025-11-27,Jaipur,50,Female,Google Ads
4906,2026-02-28,Mumbai,42,Male,Email
4907,2025-02-25,Delhi,48,Female,Meta Ads
4908,2025-02-27,Pune,32,Male,Google Ads
4909,2025-05-29,Gurugram,30,Female,Organic
4910,2026-04-06,Delhi,29,Female,Email
4911,2025-10-15,Noida,24,Female,Influencer
4912,2026-06-17,Jaipur,29,Male,Affiliate
4913,2026-04-21,Chennai,28,Female,Email
4914,2025-10-30,Gurugram,47,Female,Google Ads
4915,2026-01-06,Hyderabad,27,Female,Organic
4916,2025-06-30,Mumbai,25,Female,Email
4917,2025-02-19,Noida,46,Female,Affiliate
4918,2025-08-06,Jaipur,39,Other,Email
4919,2025-11-19,Kolkata,27,Female,Google Ads
4920,2025-04-10,Mumbai,45,Male,Affiliate
4921,2025-05-01,Mumbai,27,Male,Affiliate
4922,2025-01-09,Kolkata,48,Female,Google Ads
4923,2026-02-05,Bengaluru,21,Other,Organic
4924,2026-05-06,Mumbai,41,Male,Email
4925,2026-03-27,Mumbai,41,Male,Email
4926,2025-07-27,Bengaluru,33,Male,Affiliate
4927,2025-11-20,Hyderabad,44,Male,Google Ads
4928,2026-06-08,Delhi,33,Other,Google Ads
4929,2025-11-19,Bengaluru,43,Female,Google Ads
4930,2025-06-11,Bengaluru,28,Male,Influencer
4931,2025-07-04,Gurugram,40,Male,Google Ads
4932,2026-02-01,Mumbai,47,Male,Organic
4933,2025-09-01,Bengaluru,54,Female,Affiliate
4934,2026-04-02,Mumbai,32,Female,Affiliate
4935,2026-04-16,Jaipur,37,Male,Google Ads
4936,2025-01-20,Hyderabad,37,Male,Google Ads
4937,2026-01-30,Hyderabad,50,Female,Influencer
4938,2025-07-21,Gurugram,54,Female,Email
4939,2025-10-11,Jaipur,43,Female,Google Ads
4940,2025-05-25,Delhi,49,Female,Google Ads
4941,2025-07-20,Hyderabad,23,Other,Affiliate
4942,2025-06-30,Noida,47,Female,Influencer
4943,2025-01-28,Chennai,49,Female,Email
4944,2026-03-03,Mumbai,45,Male,Meta Ads
4945,2025-03-19,Gurugram,41,Male,Organic
4946,2025-07-24,Delhi,52,Male,Google Ads
4947,2025-04-16,Chennai,43,Female,Affiliate
4948,2025-03-29,Mumbai,50,Female,Meta Ads
4949,2025-07-23,Gurugram,26,Male,Google Ads
4950,2026-05-16,Kolkata,43,Other,Meta Ads
4951,2026-05-30,Delhi,35,Female,Google Ads
4952,2025-07-28,Bengaluru,51,Male,Meta Ads
4953,2025-10-03,Noida,51,Female,Organic
4954,2026-06-22,Noida,50,Female,Meta Ads
4955,2025-05-08,Delhi,27,Male,Organic
4956,2026-05-30,Noida,37,Female,Google Ads
4957,2025-02-27,Jaipur,20,Male,Meta Ads
4958,2025-05-04,Bengaluru,55,Female,Email
4959,2025-07-04,Jaipur,29,Female,Email
4960,2025-01-21,Gurugram,42,Female,Google Ads
4961,2026-03-21,Chennai,37,Female,Affiliate
4962,2026-04-12,Delhi,52,Male,Google Ads
4963,2025-07-28,Noida,49,Male,Google Ads
4964,2026-04-01,Delhi,47,Female,Google Ads
4965,2026-02-26,Kolkata,43,Male,Organic
4966,2026-03-13,Pune,24,Female,Google Ads
4967,2026-03-14,Chennai,53,Male,Google Ads
4968,2025-11-09,Jaipur,22,Male,Meta Ads
4969,2025-03-02,Mumbai,36,Female,Meta Ads
4970,2026-05-19,Chennai,33,Female,Google Ads
4971,2025-11-28,Hyderabad,34,Female,Organic
4972,2026-05-07,Hyderabad,55,Female,Organic
4973,2026-06-07,Pune,28,Male,Google Ads
4974,2025-04-13,Bengaluru,40,Female,Google Ads
4975,2025-08-08,Delhi,27,Female,Meta Ads
4976,2025-04-15,Delhi,52,Female,Influencer
4977,2025-01-28,Hyderabad,46,Male,Organic
4978,2026-06-11,Hyderabad,34,Female,Meta Ads
4979,2026-05-19,Chennai,22,Male,Influencer
4980,2026-05-23,Hyderabad,25,Female,Meta Ads
4981,2026-04-27,Noida,28,Male,Meta Ads
4982,2025-12-20,Mumbai,34,Female,Influencer
4983,2025-10-12,Bengaluru,51,Female,Organic
4984,2026-06-25,Jaipur,24,Female,Email
4985,2025-10-28,Hyderabad,40,Female,Organic
4986,2025-12-17,Pune,32,Female,Influencer
4987,2025-04-26,Chennai,21,Male,Google Ads
4988,2026-02-11,Mumbai,42,Female,Meta Ads
4989,2026-03-23,Jaipur,45,Other,Meta Ads
4990,2026-01-05,Pune,54,Male,Influencer
4991,2025-09-29,Kolkata,38,Male,Google Ads
4992,2025-04-18,Chennai,31,Female,Google Ads
4993,2025-01-19,Pune,50,Male,Meta Ads
4994,2025-12-08,Delhi,28,Female,Google Ads
4995,2026-01-08,Hyderabad,44,Female,Organic
4996,2026-02-26,Noida,53,Female,Meta Ads
4997,2026-06-03,Pune,20,Male,Affiliate
4998,2025-09-29,Chennai,53,Male,Organic
4999,2026-03-28,Hyderabad,27,Female,Meta Ads
5000,2026-01-26,Mumbai,37,Male,Affiliate
5001,2025-06-01,Delhi,29,Female,Google Ads
5002,2026-04-06,Pune,25,Male,Email
5003,2025-01-30,Pune,45,Male,Organic
5004,2025-11-23,Bengaluru,37,Male,Google Ads
5005,2026-05-28,Chennai,38,Male,Google Ads
5006,2025-12-26,Chennai,37,Female,Email
5007,2026-05-26,Hyderabad,46,Female,Email
5008,2025-01-31,Delhi,54,Female,Organic
5009,2025-10-18,Kolkata,38,Female,Google Ads
5010,2026-03-02,Bengaluru,25,Male,Google Ads
5011,2025-12-17,Pune,31,Male,Influencer
5012,2026-04-25,Jaipur,37,Female,Google Ads
5013,2025-09-10,Mumbai,23,Male,Influencer
5014,2026-01-08,Pune,28,Male,Organic
5015,2025-08-17,Delhi,27,Male,Organic
5016,2026-04-21,Kolkata,55,Female,Meta Ads
5017,2025-03-07,Delhi,34,Male,Affiliate
5018,2025-05-19,Hyderabad,51,Male,Influencer
5019,2025-02-22,Mumbai,39,Female,Organic
5020,2026-01-18,Delhi,38,Female,Organic
5021,2025-05-07,Bengaluru,53,Male,Meta Ads
5022,2025-06-22,Jaipur,44,Female,Google Ads
5023,2026-04-01,Noida,28,Male,Influencer
5024,2025-07-16,Gurugram,30,Male,Google Ads
5025,2025-03-21,Noida,43,Male,Meta Ads
5026,2025-01-12,Noida,20,Male,Meta Ads
5027,2025-05-04,Gurugram,25,Male,Organic
5028,2026-05-14,Hyderabad,22,Female,Organic
5029,2025-10-26,Chennai,45,Male,Organic
5030,2026-06-27,Pune,35,Female,Google Ads
5031,2025-04-28,Chennai,20,Male,Google Ads
5032,2025-07-11,Chennai,46,Male,Google Ads
5033,2025-03-30,Mumbai,43,Female,Influencer
5034,2025-08-06,Jaipur,45,Female,Google Ads
5035,2025-11-04,Noida,25,Male,Influencer
5036,2026-03-17,Pune,51,Male,Google Ads
5037,2025-07-20,Noida,26,Female,Affiliate
5038,2026-02-25,Chennai,40,Male,Email
5039,2025-12-08,Delhi,40,Female,Affiliate
5040,2025-06-09,Gurugram,27,Female,Organic
5041,2026-05-13,Mumbai,33,Male,Organic
5042,2025-08-25,Pune,21,Female,Organic
5043,2025-03-24,Delhi,36,Male,Meta Ads
5044,2026-06-09,Gurugram,44,Female,Influencer
5045,2026-05-13,Mumbai,31,Other,Organic
5046,2025-01-28,Chennai,39,Female,Google Ads
5047,2026-05-07,Jaipur,54,Other,Meta Ads
5048,2026-06-01,Pune,28,Female,Email
5049,2026-03-28,Hyderabad,30,Male,Affiliate
5050,2025-05-19,Mumbai,24,Male,Affiliate
5051,2025-12-11,Kolkata,39,Male,Meta Ads
5052,2025-10-21,Noida,27,Male,Organic
5053,2025-12-04,Noida,50,Female,Google Ads
5054,2025-12-02,Gurugram,30,Female,Meta Ads
5055,2025-12-15,Gurugram,43,Female,Affiliate
5056,2025-10-08,Bengaluru,26,Male,Google Ads
5057,2026-01-12,Jaipur,31,Male,Meta Ads
5058,2025-10-15,Pune,26,Male,Google Ads
5059,2025-01-09,Mumbai,39,Other,Google Ads
5060,2025-01-20,Gurugram,20,Male,Google Ads
5061,2026-06-07,Pune,22,Male,Google Ads
5062,2026-05-11,Gurugram,38,Male,Meta Ads
5063,2025-11-16,Jaipur,39,Other,Influencer
5064,2025-04-06,Bengaluru,31,Male,Google Ads
5065,2026-03-02,Hyderabad,35,Female,Affiliate
5066,2025-03-20,Jaipur,34,Male,Organic
5067,2025-07-25,Mumbai,47,Male,Google Ads
5068,2025-06-29,Bengaluru,36,Female,Meta Ads
5069,2025-01-07,Hyderabad,50,Female,Google Ads
5070,2026-03-16,Gurugram,27,Female,Affiliate
5071,2025-10-05,Delhi,27,Male,Organic
5072,2025-06-22,Gurugram,34,Other,Meta Ads
5073,2025-10-04,Noida,22,Female,Google Ads
5074,2025-01-01,Pune,44,Female,Google Ads
5075,2025-08-27,Delhi,34,Male,Organic
5076,2025-10-11,Mumbai,33,Male,Google Ads
5077,2025-07-05,Kolkata,39,Male,Email
5078,2026-03-29,Hyderabad,22,Female,Organic
5079,2025-05-17,Pune,33,Female,Organic
5080,2025-03-17,Pune,54,Female,Google Ads
5081,2025-10-15,Gurugram,42,Male,Meta Ads
5082,2026-04-29,Pune,40,Male,Meta Ads
5083,2025-07-24,Gurugram,38,Male,Affiliate
5084,2025-01-26,Pune,36,Female,Meta Ads
5085,2026-06-13,Pune,53,Male,Meta Ads
5086,2025-08-31,Kolkata,53,Male,Google Ads
5087,2025-04-05,Jaipur,34,Male,Organic
5088,2025-12-02,Delhi,53,Male,Organic
5089,2025-06-24,Gurugram,22,Other,Organic
5090,2026-05-27,Hyderabad,31,Male,Organic
5091,2025-06-10,Mumbai,30,Female,Affiliate
5092,2025-10-27,Pune,45,Female,Affiliate
5093,2025-10-24,Kolkata,41,Female,Meta Ads
5094,2025-05-13,Gurugram,37,Male,Google Ads
5095,2025-09-30,Kolkata,29,Female,Influencer
5096,2025-03-01,Kolkata,38,Female,Organic
5097,2025-12-17,Jaipur,29,Male,Influencer
5098,2026-02-18,Delhi,37,Female,Meta Ads
5099,2026-06-02,Gurugram,32,Male,Influencer
5100,2025-06-27,Noida,51,Male,Google Ads
5101,2025-06-05,Noida,46,Male,Email
5102,2025-10-27,Delhi,26,Female,Meta Ads
5103,2026-01-13,Bengaluru,53,Male,Google Ads
5104,2026-06-25,Delhi,43,Male,Google Ads
5105,2025-01-14,Gurugram,32,Male,Google Ads
5106,2025-05-10,Jaipur,39,Male,Google Ads
5107,2025-05-24,Kolkata,27,Male,Influencer
5108,2025-05-20,Jaipur,21,Female,Influencer
5109,2025-09-10,Delhi,35,Male,Affiliate
5110,2026-04-21,Pune,48,Female,Influencer
5111,2025-01-17,Pune,32,Female,Affiliate
5112,2026-03-21,Noida,33,Female,Influencer
5113,2025-12-03,Jaipur,55,Female,Google Ads
5114,2025-12-02,Bengaluru,55,Male,Meta Ads
5115,2026-01-05,Jaipur,36,Female,Affiliate
5116,2025-03-04,Noida,21,Male,Meta Ads
5117,2026-02-11,Pune,44,Male,Organic
5118,2025-05-16,Noida,45,Male,Email
5119,2025-10-09,Jaipur,52,Female,Meta Ads
5120,2026-01-04,Pune,54,Female,Meta Ads
5121,2025-11-26,Delhi,42,Male,Organic
5122,2025-06-26,Gurugram,23,Female,Email
5123,2025-08-04,Mumbai,28,Male,Meta Ads
5124,2025-09-17,Delhi,45,Male,Organic
5125,2025-01-23,Delhi,41,Male,Meta Ads
5126,2026-01-31,Jaipur,35,Female,Meta Ads
5127,2025-02-24,Jaipur,34,Female,Organic
5128,2025-09-07,Hyderabad,45,Male,Meta Ads
5129,2025-12-23,Jaipur,35,Male,Influencer
5130,2025-02-13,Pune,25,Female,Meta Ads
5131,2026-06-27,Delhi,55,Female,Influencer
5132,2025-07-25,Chennai,32,Male,Affiliate
5133,2025-01-09,Delhi,30,Female,Affiliate
5134,2025-12-25,Kolkata,22,Female,Organic
5135,2025-10-31,Mumbai,36,Male,Organic
5136,2025-12-15,Noida,55,Male,Email
5137,2026-02-14,Gurugram,25,Female,Email
5138,2025-09-17,Pune,28,Male,Google Ads
5139,2026-03-27,Kolkata,26,Male,Google Ads
5140,2025-07-21,Hyderabad,23,Female,Google Ads
5141,2025-10-25,Noida,41,Female,Organic
5142,2025-03-28,Jaipur,30,Female,Google Ads
5143,2025-12-04,Chennai,47,Female,Email
5144,2025-05-23,Bengaluru,34,Male,Google Ads
5145,2026-01-15,Hyderabad,42,Female,Google Ads
5146,2026-03-13,Jaipur,23,Male,Email
5147,2026-04-14,Mumbai,31,Female,Affiliate
5148,2026-05-22,Delhi,34,Male,Meta Ads
5149,2025-03-08,Noida,22,Male,Influencer
5150,2025-03-17,Pune,35,Male,Google Ads
5151,2026-05-20,Jaipur,36,Female,Meta Ads
5152,2025-07-27,Chennai,34,Female,Google Ads
5153,2025-01-15,Pune,38,Female,Meta Ads
5154,2025-06-06,Mumbai,48,Male,Google Ads
5155,2026-04-01,Bengaluru,47,Male,Google Ads
5156,2025-07-13,Delhi,20,Female,Organic
5157,2025-02-11,Mumbai,43,Male,Organic
5158,2026-01-29,Pune,52,Female,Google Ads
5159,2025-04-17,Jaipur,51,Female,Influencer
5160,2025-07-12,Jaipur,31,Female,Organic
5161,2025-01-03,Kolkata,48,Male,Meta Ads
5162,2025-11-25,Delhi,48,Female,Meta Ads
5163,2025-08-31,Kolkata,33,Female,Meta Ads
5164,2026-04-18,Gurugram,51,Female,Affiliate
5165,2025-07-02,Pune,42,Female,Meta Ads
5166,2025-04-22,Jaipur,47,Male,Google Ads
5167,2025-04-01,Kolkata,46,Female,Google Ads
5168,2025-04-20,Pune,48,Male,Meta Ads
5169,2025-09-03,Gurugram,54,Female,Meta Ads
5170,2025-02-17,Hyderabad,50,Female,Email
5171,2025-08-08,Chennai,35,Female,Influencer
5172,2026-04-11,Hyderabad,40,Male,Meta Ads
5173,2026-02-23,Bengaluru,43,Female,Meta Ads
5174,2025-12-14,Bengaluru,50,Male,Google Ads
5175,2026-05-02,Hyderabad,34,Male,Meta Ads
5176,2026-03-02,Delhi,31,Female,Organic
5177,2025-12-22,Jaipur,46,Female,Influencer
5178,2026-04-16,Noida,54,Male,Organic
5179,2025-03-09,Jaipur,52,Female,Google Ads
5180,2026-03-22,Delhi,25,Female,Affiliate
5181,2025-06-10,Hyderabad,53,Female,Affiliate
5182,2026-02-04,Bengaluru,48,Female,Google Ads
5183,2026-05-13,Hyderabad,25,Female,Influencer
5184,2025-09-28,Bengaluru,20,Male,Organic
5185,2025-02-18,Kolkata,27,Male,Affiliate
5186,2025-07-21,Delhi,53,Female,Meta Ads
5187,2025-08-10,Jaipur,47,Female,Google Ads
5188,2026-05-26,Pune,40,Male,Affiliate
5189,2026-05-29,Chennai,42,Male,Meta Ads
5190,2025-11-06,Noida,34,Female,Influencer
5191,2026-06-03,Delhi,52,Female,Google Ads
5192,2025-08-26,Mumbai,25,Female,Meta Ads
5193,2025-08-13,Mumbai,31,Female,Organic
5194,2026-04-01,Chennai,27,Female,Email
5195,2025-12-30,Kolkata,50,Female,Meta Ads
5196,2025-10-12,Bengaluru,39,Male,Organic
5197,2025-09-06,Chennai,44,Female,Organic
5198,2026-01-20,Delhi,53,Female,Email
5199,2026-02-15,Chennai,27,Female,Meta Ads
5200,2025-09-25,Delhi,54,Male,Organic
5201,2025-01-18,Pune,24,Female,Email
5202,2025-02-25,Mumbai,47,Female,Affiliate
5203,2025-03-20,Bengaluru,45,Male,Organic
5204,2025-09-09,Gurugram,49,Other,Meta Ads
5205,2025-12-01,Bengaluru,25,Female,Google Ads
5206,2026-03-15,Kolkata,54,Female,Google Ads
5207,2025-05-07,Kolkata,48,Female,Meta Ads
5208,2026-03-05,Mumbai,23,Male,Organic
5209,2025-12-29,Gurugram,40,Female,Affiliate
5210,2025-01-29,Hyderabad,49,Male,Influencer
5211,2025-07-11,Pune,37,Female,Email
5212,2025-06-14,Noida,33,Female,Organic
5213,2026-04-29,Chennai,29,Female,Organic
5214,2026-05-18,Jaipur,38,Female,Meta Ads
5215,2026-03-23,Kolkata,55,Female,Organic
5216,2025-10-15,Hyderabad,41,Male,Meta Ads
5217,2025-09-26,Mumbai,45,Male,Meta Ads
5218,2025-06-19,Mumbai,48,Male,Influencer
5219,2026-02-26,Chennai,48,Female,Email
5220,2025-02-17,Bengaluru,34,Female,Google Ads
5221,2025-05-28,Noida,47,Female,Email
5222,2025-03-15,Pune,31,Male,Influencer
5223,2025-09-27,Noida,41,Female,Google Ads
5224,2025-06-13,Jaipur,30,Male,Influencer
5225,2025-04-18,Bengaluru,53,Other,Influencer
5226,2025-07-25,Mumbai,46,Female,Email
5227,2026-04-15,Delhi,41,Female,Meta Ads
5228,2025-11-01,Noida,36,Female,Google Ads
5229,2026-03-25,Jaipur,38,Male,Google Ads
5230,2026-05-14,Hyderabad,48,Male,Meta Ads
5231,2026-05-07,Jaipur,29,Female,Affiliate
5232,2025-07-11,Jaipur,49,Female,Influencer
5233,2026-04-24,Delhi,30,Male,Google Ads
5234,2026-05-11,Mumbai,25,Male,Meta Ads
5235,2026-06-07,Kolkata,46,Female,Email
5236,2025-07-11,Bengaluru,45,Male,Meta Ads
5237,2025-05-05,Hyderabad,32,Male,Email
5238,2025-11-15,Hyderabad,43,Female,Influencer
5239,2026-05-23,Chennai,46,Female,Meta Ads
5240,2026-05-06,Jaipur,48,Male,Google Ads
5241,2025-11-08,Kolkata,54,Male,Organic
5242,2025-03-23,Pune,50,Male,Google Ads
5243,2025-08-19,Hyderabad,35,Male,Influencer
5244,2026-01-25,Mumbai,28,Female,Influencer
5245,2025-11-02,Noida,23,Male,Google Ads
5246,2025-07-08,Chennai,40,Male,Email
5247,2025-07-06,Delhi,43,Female,Affiliate
5248,2025-02-02,Pune,44,Female,Meta Ads
5249,2025-06-07,Bengaluru,20,Male,Meta Ads
5250,2025-12-31,Chennai,45,Male,Influencer
5251,2025-05-12,Jaipur,48,Female,Google Ads
5252,2026-06-26,Hyderabad,45,Female,Email
5253,2025-02-14,Hyderabad,38,Female,Google Ads
5254,2025-11-17,Bengaluru,20,Male,Meta Ads
5255,2025-09-28,Mumbai,37,Female,Affiliate
5256,2026-03-31,Delhi,43,Male,Organic
5257,2026-04-29,Delhi,40,Male,Organic
5258,2025-10-24,Chennai,40,Female,Google Ads
5259,2025-12-10,Jaipur,38,Female,Affiliate
5260,2026-01-16,Delhi,39,Male,Meta Ads
5261,2025-10-11,Mumbai,31,Male,Email
5262,2025-04-11,Pune,41,Female,Google Ads
5263,2025-08-22,Chennai,30,Male,Email
5264,2025-05-12,Chennai,37,Male,Email
5265,2025-09-11,Pune,34,Male,Meta Ads
5266,2025-12-02,Delhi,45,Male,Email
5267,2025-04-25,Gurugram,52,Female,Meta Ads
5268,2025-05-16,Bengaluru,42,Male,Organic
5269,2026-03-25,Delhi,24,Female,Email
5270,2025-07-25,Mumbai,44,Female,Affiliate
5271,2025-04-19,Mumbai,31,Male,Google Ads
5272,2026-01-24,Jaipur,21,Female,Google Ads
5273,2026-01-26,Mumbai,26,Male,Google Ads
5274,2026-03-27,Jaipur,55,Female,Google Ads
5275,2026-02-19,Chennai,35,Female,Email
5276,2026-06-25,Pune,27,Female,Google Ads
5277,2025-11-10,Kolkata,24,Male,Google Ads
5278,2025-06-06,Kolkata,43,Female,Meta Ads
5279,2026-04-16,Gurugram,47,Female,Email
5280,2025-05-25,Bengaluru,32,Male,Organic
5281,2025-06-08,Hyderabad,23,Male,Meta Ads
5282,2026-03-28,Jaipur,32,Male,Influencer
5283,2026-04-26,Delhi,43,Male,Google Ads
5284,2025-07-04,Bengaluru,24,Male,Email
5285,2026-02-02,Gurugram,29,Female,Meta Ads
5286,2026-05-18,Gurugram,20,Other,Affiliate
5287,2026-03-12,Chennai,36,Male,Google Ads
5288,2025-01-03,Gurugram,26,Female,Influencer
5289,2025-12-29,Chennai,27,Female,Organic
5290,2025-04-03,Jaipur,24,Female,Email
5291,2026-04-07,Chennai,46,Female,Email
5292,2025-02-06,Noida,37,Female,Meta Ads
5293,2026-06-26,Noida,54,Female,Google Ads
5294,2025-04-07,Bengaluru,34,Male,Influencer
5295,2025-08-17,Hyderabad,27,Male,Affiliate
5296,2025-05-08,Chennai,27,Female,Google Ads
5297,2026-03-20,Bengaluru,54,Male,Google Ads
5298,2025-08-03,Noida,41,Male,Meta Ads
5299,2026-02-10,Jaipur,31,Male,Organic
5300,2025-02-06,Jaipur,43,Female,Email
5301,2025-09-04,Pune,40,Male,Organic
5302,2026-05-12,Pune,24,Female,Google Ads
5303,2026-05-21,Jaipur,45,Male,Influencer
5304,2025-04-24,Bengaluru,24,Female,Google Ads
5305,2025-08-03,Noida,27,Female,Meta Ads
5306,2025-08-11,Pune,45,Female,Influencer
5307,2025-11-05,Bengaluru,36,Male,Organic
5308,2025-10-20,Chennai,27,Male,Email
5309,2025-02-27,Chennai,22,Female,Affiliate
5310,2026-02-20,Bengaluru,41,Female,Google Ads
5311,2025-05-04,Mumbai,45,Male,Google Ads
5312,2025-06-21,Bengaluru,27,Female,Google Ads
5313,2026-04-04,Pune,34,Female,Meta Ads
5314,2026-01-11,Pune,32,Male,Organic
5315,2025-08-05,Hyderabad,52,Female,Email
5316,2026-05-13,Hyderabad,48,Female,Meta Ads
5317,2025-08-03,Jaipur,29,Female,Affiliate
5318,2025-11-05,Gurugram,38,Male,Meta Ads
5319,2025-05-15,Noida,53,Male,Google Ads
5320,2025-04-10,Chennai,32,Male,Meta Ads
5321,2025-09-25,Jaipur,25,Male,Organic
5322,2025-11-03,Pune,30,Male,Meta Ads
5323,2026-03-16,Bengaluru,41,Female,Influencer
5324,2025-08-02,Mumbai,55,Female,Affiliate
5325,2026-05-03,Bengaluru,31,Male,Affiliate
5326,2025-11-28,Delhi,22,Female,Organic
5327,2025-02-08,Hyderabad,26,Male,Email
5328,2026-02-07,Gurugram,34,Male,Influencer
5329,2025-11-10,Gurugram,23,Female,Email
5330,2025-08-01,Hyderabad,21,Female,Meta Ads
5331,2025-09-12,Jaipur,43,Male,Google Ads
5332,2025-06-14,Gurugram,49,Female,Affiliate
5333,2025-12-01,Jaipur,28,Female,Meta Ads
5334,2025-11-05,Hyderabad,38,Female,Affiliate
5335,2025-09-01,Jaipur,40,Other,Influencer
5336,2025-06-05,Mumbai,44,Male,Meta Ads
5337,2025-08-06,Jaipur,55,Male,Meta Ads
5338,2025-09-29,Pune,51,Female,Google Ads
5339,2025-09-15,Pune,31,Female,Meta Ads
5340,2025-06-18,Hyderabad,55,Male,Organic
5341,2025-11-14,Bengaluru,21,Male,Meta Ads
5342,2025-05-04,Hyderabad,54,Male,Meta Ads
5343,2025-10-01,Kolkata,25,Male,Email
5344,2025-03-08,Chennai,24,Male,Meta Ads
5345,2025-09-15,Delhi,24,Other,Google Ads
5346,2026-03-04,Pune,24,Male,Google Ads
5347,2026-03-22,Kolkata,36,Female,Affiliate
5348,2026-01-14,Chennai,43,Male,Meta Ads
5349,2026-02-11,Bengaluru,46,Male,Google Ads
5350,2025-02-05,Mumbai,20,Female,Meta Ads
5351,2025-07-06,Pune,30,Male,Organic
5352,2025-12-23,Pune,24,Male,Organic
5353,2026-03-13,Mumbai,25,Female,Meta Ads
5354,2025-11-14,Bengaluru,46,Male,Email
5355,2026-04-11,Mumbai,43,Male,Organic
5356,2025-05-29,Delhi,27,Female,Affiliate
5357,2025-03-25,Delhi,30,Male,Organic
5358,2025-02-17,Delhi,53,Female,Organic
5359,2025-11-14,Bengaluru,40,Male,Google Ads
5360,2025-12-29,Hyderabad,28,Male,Meta Ads
5361,2025-06-05,Bengaluru,53,Male,Affiliate
5362,2026-03-04,Jaipur,27,Female,Google Ads
5363,2026-02-07,Gurugram,30,Male,Meta Ads
5364,2025-07-16,Mumbai,44,Female,Organic
5365,2025-05-11,Gurugram,38,Female,Influencer
5366,2026-02-09,Gurugram,22,Female,Google Ads
5367,2026-01-01,Hyderabad,49,Male,Affiliate
5368,2025-04-04,Mumbai,28,Female,Google Ads
5369,2025-05-20,Mumbai,44,Female,Affiliate
5370,2025-09-22,Pune,32,Male,Affiliate
5371,2025-10-06,Kolkata,47,Female,Organic
5372,2025-04-01,Gurugram,52,Female,Influencer
5373,2026-06-02,Noida,47,Female,Influencer
5374,2025-07-31,Gurugram,53,Female,Influencer
5375,2025-07-27,Hyderabad,39,Male,Email
5376,2025-02-02,Jaipur,22,Male,Meta Ads
5377,2026-04-23,Noida,39,Female,Google Ads
5378,2025-05-09,Delhi,36,Female,Google Ads
5379,2026-06-22,Hyderabad,45,Female,Organic
5380,2025-09-28,Jaipur,28,Male,Google Ads
5381,2026-04-22,Hyderabad,45,Female,Influencer
5382,2025-04-08,Jaipur,35,Female,Google Ads
5383,2025-04-01,Pune,44,Other,Google Ads
5384,2026-03-13,Delhi,35,Male,Google Ads
5385,2026-03-23,Bengaluru,33,Other,Google Ads
5386,2025-10-23,Chennai,27,Male,Google Ads
5387,2025-01-18,Hyderabad,49,Female,Email
5388,2026-05-30,Noida,22,Male,Meta Ads
5389,2025-08-03,Noida,28,Female,Affiliate
5390,2026-05-26,Pune,35,Male,Meta Ads
5391,2026-04-20,Bengaluru,25,Male,Organic
5392,2026-04-10,Hyderabad,53,Male,Organic
5393,2026-01-11,Mumbai,32,Female,Google Ads
5394,2026-01-02,Mumbai,28,Female,Google Ads
5395,2025-10-18,Pune,29,Female,Affiliate
5396,2025-01-14,Delhi,26,Female,Organic
5397,2025-07-31,Bengaluru,43,Male,Google Ads
5398,2026-02-03,Mumbai,37,Male,Organic
5399,2026-03-19,Chennai,28,Male,Meta Ads
5400,2025-11-01,Chennai,51,Male,Google Ads
5401,2026-01-22,Bengaluru,43,Female,Google Ads
5402,2025-01-12,Gurugram,34,Male,Organic
5403,2025-09-13,Gurugram,38,Female,Meta Ads
5404,2025-10-04,Gurugram,43,Female,Email
5405,2026-05-02,Gurugram,25,Female,Google Ads
5406,2025-06-19,Chennai,49,Male,Google Ads
5407,2025-05-06,Delhi,29,Female,Google Ads
5408,2025-07-12,Delhi,21,Female,Meta Ads
5409,2025-04-03,Hyderabad,38,Female,Affiliate
5410,2025-11-01,Gurugram,51,Female,Organic
5411,2025-12-17,Kolkata,46,Male,Google Ads
5412,2026-03-13,Chennai,31,Female,Google Ads
5413,2026-06-14,Chennai,34,Female,Google Ads
5414,2025-02-10,Bengaluru,41,Female,Affiliate
5415,2025-05-15,Bengaluru,28,Female,Email
5416,2025-06-13,Bengaluru,49,Female,Affiliate
5417,2025-05-17,Noida,30,Male,Meta Ads
5418,2026-03-27,Hyderabad,27,Male,Email
5419,2025-03-18,Kolkata,23,Female,Email
5420,2025-01-17,Gurugram,44,Female,Organic
5421,2026-04-15,Delhi,20,Female,Meta Ads
5422,2026-06-09,Hyderabad,48,Male,Google Ads
5423,2025-05-04,Mumbai,55,Female,Meta Ads
5424,2025-07-01,Chennai,24,Female,Influencer
5425,2025-10-02,Kolkata,23,Female,Meta Ads
5426,2025-10-14,Jaipur,53,Male,Organic
5427,2026-06-25,Mumbai,24,Male,Influencer
5428,2025-08-09,Jaipur,34,Female,Email
5429,2025-01-07,Noida,51,Female,Meta Ads
5430,2025-08-19,Mumbai,25,Male,Google Ads
5431,2025-10-31,Gurugram,43,Female,Organic
5432,2025-10-09,Jaipur,33,Male,Influencer
5433,2025-10-07,Pune,35,Male,Influencer
5434,2026-05-18,Mumbai,53,Male,Google Ads
5435,2026-03-17,Noida,43,Male,Influencer
5436,2025-05-18,Chennai,31,Female,Meta Ads
5437,2025-07-13,Pune,53,Male,Organic
5438,2025-12-30,Kolkata,40,Female,Google Ads
5439,2025-08-12,Bengaluru,23,Male,Google Ads
5440,2025-08-22,Noida,34,Male,Organic
5441,2025-04-02,Mumbai,28,Male,Meta Ads
5442,2025-05-19,Pune,43,Male,Influencer
5443,2026-02-08,Gurugram,50,Female,Meta Ads
5444,2026-04-05,Delhi,21,Female,Affiliate
5445,2026-03-04,Kolkata,48,Female,Meta Ads
5446,2025-06-17,Hyderabad,52,Female,Google Ads
5447,2025-03-16,Mumbai,55,Female,Google Ads
5448,2025-03-29,Hyderabad,43,Female,Organic
5449,2025-08-03,Chennai,31,Female,Affiliate
5450,2025-10-10,Delhi,25,Female,Google Ads
5451,2026-05-02,Bengaluru,54,Male,Meta Ads
5452,2026-05-05,Gurugram,34,Male,Meta Ads
5453,2025-01-02,Delhi,32,Female,Organic
5454,2026-01-21,Delhi,46,Female,Organic
5455,2025-06-12,Bengaluru,45,Male,Affiliate
5456,2025-04-18,Hyderabad,49,Female,Meta Ads
5457,2025-10-30,Hyderabad,51,Male,Google Ads
5458,2025-01-19,Chennai,51,Female,Google Ads
5459,2025-07-02,Bengaluru,26,Female,Influencer
5460,2025-10-28,Hyderabad,26,Male,Email
5461,2025-05-29,Kolkata,27,Female,Google Ads
5462,2025-11-20,Pune,42,Female,Affiliate
5463,2025-09-08,Jaipur,40,Female,Email
5464,2026-03-12,Gurugram,50,Female,Meta Ads
5465,2025-04-09,Chennai,50,Female,Google Ads
5466,2025-02-01,Pune,49,Female,Affiliate
5467,2025-10-16,Hyderabad,22,Female,Organic
5468,2025-05-21,Delhi,45,Male,Meta Ads
5469,2026-01-21,Hyderabad,50,Male,Meta Ads
5470,2025-02-20,Kolkata,55,Male,Meta Ads
5471,2025-11-10,Pune,32,Male,Organic
5472,2026-06-24,Delhi,47,Female,Meta Ads
5473,2025-02-20,Gurugram,34,Female,Meta Ads
5474,2025-06-14,Hyderabad,25,Other,Meta Ads
5475,2026-04-06,Kolkata,32,Male,Influencer
5476,2025-10-18,Bengaluru,29,Female,Meta Ads
5477,2025-04-06,Kolkata,52,Female,Meta Ads
5478,2025-04-27,Chennai,26,Male,Meta Ads
5479,2026-02-21,Gurugram,24,Female,Organic
5480,2026-04-15,Noida,40,Male,Affiliate
5481,2025-07-16,Jaipur,40,Female,Influencer
5482,2025-09-16,Hyderabad,40,Male,Meta Ads
5483,2026-03-03,Kolkata,25,Female,Meta Ads
5484,2025-04-07,Jaipur,37,Female,Meta Ads
5485,2025-04-23,Bengaluru,53,Female,Organic
5486,2026-02-27,Delhi,23,Male,Organic
5487,2025-04-12,Jaipur,48,Male,Meta Ads
5488,2026-02-25,Hyderabad,24,Other,Email
5489,2025-09-28,Noida,28,Male,Google Ads
5490,2026-06-24,Hyderabad,52,Male,Organic
5491,2025-01-18,Delhi,30,Other,Meta Ads
5492,2026-05-31,Gurugram,38,Female,Meta Ads
5493,2025-05-03,Mumbai,33,Female,Google Ads
5494,2025-01-20,Bengaluru,42,Male,Google Ads
5495,2026-01-30,Hyderabad,34,Female,Google Ads
5496,2025-10-18,Kolkata,35,Female,Organic
5497,2026-04-02,Mumbai,49,Male,Organic
5498,2025-03-01,Chennai,39,Male,Email
5499,2025-02-14,Jaipur,40,Male,Meta Ads
5500,2025-11-06,Chennai,49,Female,Affiliate
5501,2026-04-26,Gurugram,35,Male,Affiliate
5502,2025-08-10,Pune,49,Female,Organic
5503,2026-03-11,Gurugram,45,Male,Organic
5504,2026-05-09,Bengaluru,51,Male,Affiliate
5505,2026-04-19,Pune,36,Female,Organic
5506,2025-10-05,Gurugram,40,Female,Google Ads
5507,2026-01-16,Delhi,24,Female,Email
5508,2025-10-14,Kolkata,24,Female,Google Ads
5509,2026-01-03,Chennai,23,Male,Affiliate
5510,2025-11-06,Noida,42,Male,Organic
5511,2025-10-14,Mumbai,31,Male,Influencer
5512,2025-08-27,Gurugram,30,Male,Google Ads
5513,2025-12-22,Jaipur,41,Female,Email
5514,2026-02-14,Jaipur,34,Female,Organic
5515,2026-05-16,Pune,24,Male,Affiliate
5516,2025-12-01,Bengaluru,40,Male,Affiliate
5517,2025-02-24,Delhi,39,Other,Google Ads
5518,2025-11-17,Gurugram,25,Female,Influencer
5519,2025-06-22,Delhi,29,Male,Influencer
5520,2025-01-15,Chennai,28,Male,Influencer
5521,2025-02-09,Delhi,45,Male,Organic
5522,2025-11-19,Pune,28,Male,Affiliate
5523,2026-05-30,Jaipur,21,Male,Google Ads
5524,2025-10-03,Mumbai,29,Female,Meta Ads
5525,2025-08-31,Pune,36,Male,Google Ads
5526,2025-02-18,Kolkata,47,Female,Email
5527,2026-01-04,Bengaluru,21,Male,Influencer
5528,2025-01-31,Bengaluru,51,Male,Organic
5529,2026-04-04,Gurugram,31,Male,Meta Ads
5530,2026-03-21,Bengaluru,32,Female,Affiliate
5531,2026-06-25,Kolkata,20,Female,Email
5532,2025-06-04,Pune,29,Male,Meta Ads
5533,2025-03-30,Gurugram,36,Female,Organic
5534,2025-06-13,Hyderabad,42,Female,Email
5535,2026-03-12,Chennai,47,Female,Organic
5536,2025-04-30,Delhi,38,Female,Affiliate
5537,2026-04-29,Chennai,23,Other,Meta Ads
5538,2025-03-26,Gurugram,34,Male,Meta Ads
5539,2025-01-27,Gurugram,46,Female,Email
5540,2025-04-30,Bengaluru,43,Female,Influencer
5541,2026-02-15,Hyderabad,41,Female,Meta Ads
5542,2025-11-25,Jaipur,38,Male,Affiliate
5543,2025-07-13,Gurugram,38,Female,Organic
5544,2025-12-24,Gurugram,55,Male,Google Ads
5545,2025-12-20,Mumbai,41,Female,Meta Ads
5546,2025-10-30,Kolkata,41,Female,Google Ads
5547,2025-10-08,Jaipur,32,Male,Google Ads
5548,2025-02-25,Bengaluru,37,Other,Google Ads
5549,2025-05-22,Pune,45,Female,Organic
5550,2025-10-15,Jaipur,50,Female,Organic
5551,2025-03-15,Kolkata,48,Other,Email
5552,2025-09-17,Pune,43,Female,Meta Ads
5553,2025-03-05,Hyderabad,48,Male,Meta Ads
5554,2026-03-06,Jaipur,21,Female,Affiliate
5555,2025-02-26,Gurugram,29,Female,Influencer
5556,2025-02-20,Mumbai,28,Female,Organic
5557,2025-12-14,Chennai,43,Female,Meta Ads
5558,2025-05-01,Delhi,47,Female,Influencer
5559,2025-07-11,Hyderabad,25,Male,Affiliate
5560,2025-06-21,Kolkata,26,Male,Google Ads
5561,2025-04-29,Noida,37,Female,Meta Ads
5562,2026-02-20,Kolkata,54,Male,Meta Ads
5563,2026-01-13,Bengaluru,20,Male,Organic
5564,2025-05-11,Kolkata,51,Male,Email
5565,2026-01-10,Pune,26,Female,Meta Ads
5566,2026-01-24,Noida,29,Male,Google Ads
5567,2025-10-21,Chennai,42,Male,Meta Ads
5568,2025-11-12,Delhi,46,Male,Organic
5569,2026-05-25,Gurugram,51,Male,Email
5570,2025-09-05,Kolkata,20,Male,Meta Ads
5571,2025-07-30,Kolkata,21,Male,Organic
5572,2025-10-21,Delhi,37,Female,Influencer
5573,2026-04-01,Mumbai,40,Male,Google Ads
5574,2026-01-22,Delhi,29,Male,Email
5575,2025-02-10,Gurugram,42,Female,Meta Ads
5576,2025-09-08,Jaipur,29,Male,Google Ads
5577,2026-02-08,Noida,53,Male,Affiliate
5578,2025-05-03,Pune,26,Male,Influencer
5579,2026-06-23,Kolkata,43,Male,Meta Ads
5580,2026-03-17,Kolkata,39,Female,Meta Ads
5581,2026-04-07,Mumbai,23,Other,Google Ads
5582,2025-02-14,Pune,41,Male,Organic
5583,2025-11-12,Bengaluru,25,Female,Google Ads
5584,2025-10-15,Noida,39,Female,Meta Ads
5585,2025-12-08,Gurugram,42,Female,Google Ads
5586,2026-04-09,Chennai,22,Female,Organic
5587,2025-07-12,Pune,27,Female,Influencer
5588,2025-10-19,Hyderabad,30,Female,Google Ads
5589,2026-01-06,Chennai,53,Female,Organic
5590,2026-02-15,Pune,27,Male,Affiliate
5591,2026-02-24,Mumbai,53,Female,Google Ads
5592,2025-07-03,Gurugram,39,Female,Influencer
5593,2026-06-29,Jaipur,54,Female,Organic
5594,2025-01-06,Jaipur,49,Male,Email
5595,2025-09-26,Delhi,30,Male,Organic
5596,2025-11-28,Chennai,40,Male,Meta Ads
5597,2025-02-03,Noida,45,Female,Google Ads
5598,2025-09-03,Kolkata,22,Female,Meta Ads
5599,2025-11-21,Hyderabad,43,Female,Organic
5600,2025-11-28,Pune,36,Male,Influencer
5601,2025-03-06,Chennai,21,Male,Meta Ads
5602,2025-06-01,Pune,51,Male,Meta Ads
5603,2025-05-14,Gurugram,29,Male,Google Ads
5604,2025-12-15,Kolkata,51,Female,Influencer
5605,2025-06-29,Hyderabad,27,Female,Google Ads
5606,2025-11-08,Hyderabad,39,Female,Influencer
5607,2026-02-03,Mumbai,33,Female,Google Ads
5608,2026-03-11,Delhi,52,Male,Google Ads
5609,2025-04-11,Hyderabad,54,Female,Google Ads
5610,2026-05-08,Mumbai,47,Female,Meta Ads
5611,2025-04-01,Pune,50,Female,Meta Ads
5612,2025-01-12,Mumbai,47,Female,Influencer
5613,2025-01-25,Jaipur,30,Male,Email
5614,2025-04-20,Pune,53,Male,Google Ads
5615,2026-04-21,Bengaluru,39,Other,Organic
5616,2025-04-24,Chennai,32,Female,Meta Ads
5617,2026-01-13,Pune,26,Female,Organic
5618,2025-08-17,Pune,45,Male,Affiliate
5619,2025-01-22,Hyderabad,29,Female,Influencer
5620,2025-08-31,Jaipur,43,Male,Email
5621,2025-01-16,Mumbai,22,Female,Meta Ads
5622,2025-09-17,Bengaluru,42,Male,Meta Ads
5623,2025-11-01,Gurugram,43,Female,Meta Ads
5624,2025-10-12,Hyderabad,38,Male,Meta Ads
5625,2025-06-03,Jaipur,43,Male,Google Ads
5626,2026-02-22,Pune,55,Male,Google Ads
5627,2025-11-22,Gurugram,50,Female,Influencer
5628,2025-05-19,Jaipur,35,Female,Influencer
5629,2025-08-25,Chennai,51,Other,Google Ads
5630,2025-03-01,Bengaluru,54,Female,Influencer
5631,2026-05-19,Noida,25,Female,Affiliate
5632,2026-02-15,Bengaluru,32,Female,Google Ads
5633,2025-06-06,Kolkata,46,Male,Influencer
5634,2026-01-03,Hyderabad,38,Female,Influencer
5635,2026-01-06,Noida,24,Female,Organic
5636,2025-11-29,Noida,37,Female,Affiliate
5637,2025-01-30,Jaipur,33,Male,Meta Ads
5638,2026-04-24,Bengaluru,46,Male,Email
5639,2026-06-05,Pune,38,Male,Organic
5640,2026-06-15,Mumbai,25,Female,Email
5641,2026-06-19,Delhi,21,Female,Meta Ads
5642,2026-05-22,Bengaluru,30,Female,Organic
5643,2026-02-07,Pune,25,Female,Affiliate
5644,2025-01-31,Mumbai,51,Female,Affiliate
5645,2025-09-11,Pune,29,Male,Google Ads
5646,2025-05-14,Bengaluru,42,Male,Meta Ads
5647,2025-04-30,Mumbai,24,Female,Google Ads
5648,2026-03-29,Gurugram,35,Male,Organic
5649,2026-03-19,Gurugram,53,Male,Google Ads
5650,2025-10-12,Gurugram,43,Male,Influencer
5651,2026-02-06,Chennai,30,Male,Organic
5652,2025-03-12,Mumbai,46,Female,Meta Ads
5653,2025-05-01,Chennai,38,Female,Organic
5654,2026-04-14,Mumbai,28,Other,Google Ads
5655,2025-09-03,Mumbai,55,Female,Google Ads
5656,2025-10-25,Jaipur,53,Male,Google Ads
5657,2025-09-10,Kolkata,40,Male,Email
5658,2025-04-21,Bengaluru,21,Female,Affiliate
5659,2026-03-27,Gurugram,34,Male,Google Ads
5660,2026-02-18,Chennai,38,Other,Organic
5661,2026-01-08,Delhi,53,Male,Google Ads
5662,2025-07-12,Bengaluru,46,Female,Meta Ads
5663,2025-12-17,Hyderabad,28,Female,Organic
5664,2026-06-04,Pune,38,Female,Affiliate
5665,2025-12-21,Noida,26,Female,Influencer
5666,2025-09-27,Delhi,37,Female,Organic
5667,2025-05-28,Gurugram,39,Male,Meta Ads
5668,2025-10-12,Noida,38,Female,Google Ads
5669,2025-07-22,Hyderabad,35,Female,Meta Ads
5670,2025-11-30,Jaipur,35,Female,Influencer
5671,2025-01-25,Gurugram,48,Female,Email
5672,2025-04-14,Bengaluru,38,Male,Meta Ads
5673,2026-03-05,Gurugram,21,Male,Google Ads
5674,2025-07-27,Delhi,46,Female,Google Ads
5675,2025-08-24,Chennai,42,Male,Organic
5676,2025-10-24,Gurugram,45,Female,Meta Ads
5677,2025-08-27,Hyderabad,45,Female,Influencer
5678,2026-02-18,Pune,26,Female,Meta Ads
5679,2025-05-14,Kolkata,54,Male,Affiliate
5680,2026-02-18,Noida,55,Male,Google Ads
5681,2025-04-25,Hyderabad,25,Female,Google Ads
5682,2025-07-21,Jaipur,27,Female,Meta Ads
5683,2025-11-17,Bengaluru,28,Female,Google Ads
5684,2026-04-28,Delhi,54,Male,Influencer
5685,2025-05-07,Gurugram,53,Male,Affiliate
5686,2025-11-17,Chennai,29,Female,Meta Ads
5687,2025-02-04,Chennai,42,Female,Email
5688,2025-02-11,Mumbai,28,Female,Email
5689,2026-02-23,Noida,21,Other,Organic
5690,2026-01-27,Gurugram,28,Female,Google Ads
5691,2025-07-25,Gurugram,22,Female,Meta Ads
5692,2025-12-06,Chennai,50,Female,Google Ads
5693,2025-07-27,Kolkata,48,Female,Influencer
5694,2025-06-01,Delhi,26,Female,Meta Ads
5695,2025-08-24,Chennai,40,Male,Organic
5696,2025-06-19,Chennai,27,Female,Influencer
5697,2026-03-21,Pune,40,Female,Meta Ads
5698,2025-08-13,Kolkata,52,Female,Google Ads
5699,2025-06-24,Delhi,51,Male,Meta Ads
5700,2025-10-20,Pune,49,Male,Organic
5701,2026-02-18,Noida,28,Female,Meta Ads
5702,2025-05-30,Kolkata,26,Female,Google Ads
5703,2026-05-28,Bengaluru,25,Male,Google Ads
5704,2025-09-10,Delhi,24,Male,Organic
5705,2025-12-27,Chennai,42,Female,Organic
5706,2026-06-06,Chennai,43,Other,Google Ads
5707,2025-08-24,Bengaluru,51,Male,Affiliate
5708,2025-04-19,Mumbai,23,Male,Meta Ads
5709,2026-02-12,Delhi,29,Male,Google Ads
5710,2025-01-04,Jaipur,46,Male,Meta Ads
5711,2025-09-07,Noida,44,Male,Organic
5712,2026-06-19,Kolkata,35,Female,Organic
5713,2025-08-14,Hyderabad,25,Female,Meta Ads
5714,2026-01-08,Pune,37,Male,Meta Ads
5715,2025-10-14,Pune,26,Male,Meta Ads
5716,2025-04-28,Kolkata,39,Other,Meta Ads
5717,2025-06-23,Delhi,52,Male,Meta Ads
5718,2025-10-13,Jaipur,27,Female,Meta Ads
5719,2025-02-26,Delhi,24,Male,Meta Ads
5720,2025-08-15,Jaipur,46,Female,Google Ads
5721,2025-08-15,Gurugram,20,Female,Meta Ads
5722,2026-04-01,Kolkata,55,Male,Google Ads
5723,2025-03-09,Delhi,47,Female,Organic
5724,2026-04-05,Bengaluru,34,Female,Meta Ads
5725,2025-08-12,Hyderabad,33,Male,Organic
5726,2025-12-21,Jaipur,33,Female,Google Ads
5727,2025-10-31,Noida,34,Male,Meta Ads
5728,2025-06-13,Delhi,50,Female,Google Ads
5729,2026-05-23,Pune,48,Other,Google Ads
5730,2025-05-03,Delhi,27,Male,Organic
5731,2025-01-20,Chennai,26,Male,Google Ads
5732,2026-02-13,Delhi,39,Male,Google Ads
5733,2025-12-05,Jaipur,43,Other,Meta Ads
5734,2026-05-01,Hyderabad,46,Male,Meta Ads
5735,2025-09-07,Jaipur,31,Male,Influencer
5736,2025-01-10,Noida,37,Female,Influencer
5737,2025-01-12,Gurugram,23,Female,Meta Ads
5738,2025-08-25,Bengaluru,36,Female,Google Ads
5739,2025-05-17,Delhi,44,Other,Meta Ads
5740,2026-05-18,Noida,30,Male,Meta Ads
5741,2025-03-06,Mumbai,31,Female,Meta Ads
5742,2026-04-26,Chennai,36,Female,Google Ads
5743,2025-04-29,Chennai,51,Male,Google Ads
5744,2025-03-07,Delhi,41,Female,Google Ads
5745,2025-05-30,Delhi,53,Female,Meta Ads
5746,2025-03-20,Pune,22,Male,Email
5747,2025-08-07,Mumbai,50,Male,Affiliate
5748,2025-06-30,Chennai,21,Male,Google Ads
5749,2025-10-16,Gurugram,31,Female,Organic
5750,2025-10-20,Mumbai,35,Male,Google Ads
5751,2025-01-01,Gurugram,28,Female,Google Ads
5752,2025-03-10,Gurugram,55,Male,Organic
5753,2025-03-30,Chennai,52,Other,Google Ads
5754,2025-04-17,Bengaluru,40,Female,Influencer
5755,2025-02-20,Pune,36,Male,Influencer
5756,2025-06-21,Delhi,47,Male,Google Ads
5757,2025-10-27,Hyderabad,45,Female,Google Ads
5758,2025-06-18,Bengaluru,37,Male,Google Ads
5759,2025-06-29,Jaipur,49,Male,Influencer
5760,2025-09-13,Bengaluru,26,Female,Google Ads
5761,2025-10-26,Noida,29,Female,Organic
5762,2025-06-30,Pune,20,Female,Meta Ads
5763,2025-05-01,Noida,24,Female,Email
5764,2025-08-12,Jaipur,27,Female,Google Ads
5765,2025-01-14,Mumbai,42,Female,Affiliate
5766,2025-09-26,Chennai,50,Male,Organic
5767,2026-05-29,Pune,41,Female,Google Ads
5768,2025-08-05,Bengaluru,36,Female,Google Ads
5769,2025-03-01,Hyderabad,29,Female,Meta Ads
5770,2026-01-21,Noida,23,Other,Email
5771,2025-03-11,Delhi,41,Male,Affiliate
5772,2025-04-16,Chennai,25,Female,Meta Ads
5773,2025-03-21,Jaipur,48,Female,Influencer
5774,2026-04-27,Kolkata,34,Male,Google Ads
5775,2026-06-19,Mumbai,32,Male,Affiliate
5776,2025-11-07,Mumbai,20,Other,Influencer
5777,2025-12-03,Mumbai,28,Male,Organic
5778,2025-12-18,Chennai,20,Female,Influencer
5779,2025-11-29,Pune,46,Female,Meta Ads
5780,2025-10-24,Chennai,37,Female,Organic
5781,2026-06-22,Jaipur,48,Female,Google Ads
5782,2026-02-04,Mumbai,40,Male,Meta Ads
5783,2025-02-18,Pune,54,Male,Email
5784,2025-08-02,Hyderabad,48,Female,Affiliate
5785,2026-06-16,Jaipur,25,Male,Influencer
5786,2025-08-08,Mumbai,24,Female,Email
5787,2025-04-22,Noida,52,Male,Affiliate
5788,2026-04-19,Mumbai,29,Male,Affiliate
5789,2025-12-06,Pune,47,Other,Organic
5790,2025-11-03,Jaipur,42,Female,Google Ads
5791,2025-08-17,Kolkata,45,Female,Meta Ads
5792,2025-03-09,Delhi,29,Male,Meta Ads
5793,2025-07-29,Hyderabad,31,Other,Affiliate
5794,2025-08-27,Noida,39,Female,Email
5795,2026-05-23,Mumbai,20,Female,Affiliate
5796,2025-06-17,Jaipur,31,Male,Influencer
5797,2025-03-23,Jaipur,38,Male,Email
5798,2025-08-22,Noida,27,Female,Affiliate
5799,2026-06-28,Noida,30,Female,Email
5800,2025-09-20,Pune,55,Male,Organic
5801,2025-07-26,Bengaluru,30,Male,Meta Ads
5802,2025-12-30,Bengaluru,52,Female,Influencer
5803,2025-12-20,Kolkata,53,Other,Affiliate
5804,2025-06-13,Jaipur,44,Female,Organic
5805,2026-06-12,Jaipur,25,Female,Meta Ads
5806,2025-11-20,Chennai,27,Female,Meta Ads
5807,2025-02-01,Jaipur,53,Female,Affiliate
5808,2025-08-11,Chennai,20,Female,Influencer
5809,2026-05-18,Kolkata,38,Male,Influencer
5810,2025-08-03,Hyderabad,41,Female,Organic
5811,2025-11-06,Delhi,50,Female,Organic
5812,2025-11-30,Kolkata,52,Female,Google Ads
5813,2026-01-19,Jaipur,30,Male,Organic
5814,2026-04-21,Mumbai,38,Female,Meta Ads
5815,2025-03-23,Bengaluru,42,Female,Affiliate
5816,2025-10-09,Hyderabad,54,Male,Google Ads
5817,2025-10-18,Pune,40,Female,Influencer
5818,2025-03-25,Pune,24,Male,Meta Ads
5819,2026-01-03,Mumbai,53,Male,Google Ads
5820,2025-03-06,Kolkata,38,Male,Organic
5821,2025-09-06,Kolkata,26,Female,Organic
5822,2025-06-29,Jaipur,26,Male,Organic
5823,2025-03-26,Hyderabad,27,Female,Organic
5824,2026-03-25,Delhi,45,Female,Email
5825,2025-05-14,Kolkata,54,Female,Google Ads
5826,2025-05-20,Delhi,35,Female,Affiliate
5827,2026-04-11,Noida,23,Female,Influencer
5828,2026-04-24,Gurugram,51,Male,Organic
5829,2025-01-19,Noida,42,Male,Google Ads
5830,2025-06-01,Chennai,40,Male,Organic
5831,2026-01-22,Bengaluru,22,Female,Meta Ads
5832,2026-03-01,Gurugram,54,Male,Influencer
5833,2026-06-29,Delhi,22,Female,Google Ads
5834,2025-10-30,Gurugram,41,Female,Google Ads
5835,2025-01-05,Pune,41,Female,Google Ads
5836,2026-04-22,Chennai,38,Male,Organic
5837,2025-03-29,Gurugram,39,Male,Organic
5838,2025-03-07,Delhi,34,Male,Organic
5839,2026-01-03,Hyderabad,40,Female,Meta Ads
5840,2025-11-26,Chennai,33,Female,Affiliate
5841,2025-02-02,Delhi,37,Female,Meta Ads
5842,2025-04-03,Chennai,44,Female,Google Ads
5843,2025-11-18,Noida,46,Female,Organic
5844,2025-05-20,Gurugram,25,Male,Email
5845,2026-01-08,Pune,55,Male,Email
5846,2025-08-13,Delhi,23,Male,Meta Ads
5847,2025-11-17,Mumbai,29,Male,Organic
5848,2025-09-16,Noida,32,Male,Google Ads
5849,2025-07-19,Gurugram,31,Female,Meta Ads
5850,2025-07-06,Chennai,32,Male,Meta Ads
5851,2026-01-16,Gurugram,31,Male,Organic
5852,2025-10-08,Delhi,35,Male,Meta Ads
5853,2025-11-20,Gurugram,47,Male,Google Ads
5854,2025-11-11,Delhi,49,Male,Meta Ads
5855,2025-04-24,Pune,32,Male,Meta Ads
5856,2026-05-13,Jaipur,29,Male,Google Ads
5857,2025-11-03,Noida,44,Other,Organic
5858,2026-01-27,Chennai,22,Male,Meta Ads
5859,2026-04-26,Mumbai,36,Male,Meta Ads
5860,2026-05-19,Delhi,27,Female,Email
5861,2025-12-30,Pune,41,Male,Meta Ads
5862,2026-03-05,Gurugram,22,Female,Organic
5863,2025-09-15,Hyderabad,49,Male,Organic
5864,2026-02-07,Hyderabad,29,Female,Organic
5865,2025-06-25,Hyderabad,38,Female,Email
5866,2026-01-23,Noida,40,Female,Meta Ads
5867,2025-02-16,Gurugram,37,Male,Google Ads
5868,2026-05-14,Chennai,36,Male,Meta Ads
5869,2025-05-14,Jaipur,29,Male,Affiliate
5870,2025-12-24,Delhi,47,Female,Google Ads
5871,2025-01-07,Bengaluru,38,Male,Google Ads
5872,2025-03-26,Kolkata,27,Female,Organic
5873,2026-06-22,Gurugram,29,Male,Email
5874,2026-03-31,Bengaluru,35,Female,Influencer
5875,2025-05-02,Jaipur,50,Male,Google Ads
5876,2025-03-13,Jaipur,54,Male,Affiliate
5877,2026-03-21,Pune,33,Female,Organic
5878,2026-06-24,Pune,34,Female,Organic
5879,2025-04-02,Pune,24,Male,Meta Ads
5880,2025-12-28,Gurugram,39,Male,Meta Ads
5881,2025-06-04,Kolkata,28,Female,Google Ads
5882,2026-02-10,Delhi,49,Female,Affiliate
5883,2025-08-16,Delhi,39,Female,Google Ads
5884,2025-03-10,Pune,27,Female,Google Ads
5885,2025-06-26,Kolkata,52,Female,Meta Ads
5886,2025-10-21,Kolkata,49,Female,Affiliate
5887,2026-03-12,Pune,30,Male,Meta Ads
5888,2025-01-12,Mumbai,24,Female,Meta Ads
5889,2026-06-06,Mumbai,29,Female,Organic
5890,2025-12-21,Bengaluru,33,Male,Affiliate
5891,2026-04-23,Gurugram,34,Female,Affiliate
5892,2026-05-22,Bengaluru,49,Male,Email
5893,2025-03-25,Noida,54,Male,Google Ads
5894,2025-02-21,Mumbai,46,Female,Google Ads
5895,2026-02-28,Jaipur,50,Female,Meta Ads
5896,2025-04-13,Chennai,24,Male,Meta Ads
5897,2025-03-22,Noida,25,Female,Meta Ads
5898,2025-09-13,Gurugram,52,Male,Email
5899,2026-05-13,Gurugram,42,Female,Meta Ads
5900,2026-03-10,Gurugram,28,Male,Organic
5901,2025-10-10,Pune,48,Female,Google Ads
5902,2025-04-18,Kolkata,26,Male,Influencer
5903,2025-07-03,Chennai,47,Male,Affiliate
5904,2026-01-11,Bengaluru,51,Female,Meta Ads
5905,2025-03-27,Noida,37,Male,Meta Ads
5906,2025-10-13,Noida,43,Male,Influencer
5907,2025-01-07,Kolkata,46,Male,Influencer
5908,2025-06-27,Pune,51,Female,Meta Ads
5909,2025-05-16,Hyderabad,41,Male,Google Ads
5910,2026-01-07,Hyderabad,30,Female,Influencer
5911,2026-05-14,Kolkata,27,Male,Organic
5912,2025-03-21,Kolkata,32,Female,Organic
5913,2026-03-11,Delhi,22,Female,Meta Ads
5914,2025-12-24,Mumbai,45,Male,Affiliate
5915,2026-06-13,Delhi,33,Female,Email
5916,2026-05-12,Mumbai,45,Male,Meta Ads
5917,2025-02-24,Pune,22,Male,Organic
5918,2026-02-10,Gurugram,31,Female,Meta Ads
5919,2025-11-19,Noida,34,Female,Meta Ads
5920,2025-03-03,Bengaluru,23,Female,Organic
5921,2025-05-21,Hyderabad,49,Female,Organic
5922,2026-05-21,Chennai,41,Male,Influencer
5923,2025-10-23,Delhi,50,Female,Email
5924,2025-07-04,Gurugram,48,Male,Meta Ads
5925,2025-06-24,Chennai,21,Other,Meta Ads
5926,2026-04-02,Pune,51,Female,Email
5927,2025-06-04,Kolkata,22,Male,Google Ads
5928,2025-03-28,Kolkata,51,Female,Email
5929,2025-11-09,Kolkata,44,Female,Meta Ads
5930,2026-06-25,Hyderabad,49,Female,Meta Ads
5931,2025-04-10,Jaipur,37,Female,Google Ads
5932,2025-05-20,Bengaluru,25,Female,Meta Ads
5933,2025-09-13,Jaipur,25,Female,Google Ads
5934,2025-04-19,Mumbai,24,Female,Organic
5935,2025-12-21,Bengaluru,48,Female,Meta Ads
5936,2025-05-19,Pune,39,Male,Influencer
5937,2025-03-11,Mumbai,27,Male,Email
5938,2025-05-23,Noida,24,Other,Affiliate
5939,2026-05-23,Kolkata,22,Female,Affiliate
5940,2026-05-25,Bengaluru,29,Female,Affiliate
5941,2025-10-03,Jaipur,46,Male,Affiliate
5942,2025-08-07,Mumbai,52,Male,Google Ads
5943,2026-03-23,Jaipur,41,Female,Meta Ads
5944,2025-04-16,Pune,55,Male,Organic
5945,2025-12-23,Chennai,34,Male,Email
5946,2026-01-06,Chennai,31,Male,Organic
5947,2026-01-22,Gurugram,44,Female,Organic
5948,2025-04-29,Kolkata,24,Female,Google Ads
5949,2026-01-26,Jaipur,52,Male,Google Ads
5950,2025-11-30,Pune,48,Female,Organic
5951,2026-04-22,Jaipur,21,Male,Organic
5952,2025-04-06,Kolkata,26,Female,Affiliate
5953,2025-12-01,Pune,42,Female,Organic
5954,2026-03-29,Bengaluru,46,Female,Google Ads
5955,2025-06-01,Kolkata,27,Male,Google Ads
5956,2026-02-10,Noida,46,Male,Meta Ads
5957,2025-02-24,Hyderabad,37,Male,Meta Ads
5958,2026-01-27,Kolkata,44,Female,Organic
5959,2025-11-27,Jaipur,35,Male,Organic
5960,2025-04-15,Gurugram,36,Female,Affiliate
5961,2025-02-06,Delhi,34,Male,Email
5962,2026-02-11,Mumbai,25,Other,Meta Ads
5963,2025-05-12,Kolkata,26,Female,Email
5964,2025-09-29,Hyderabad,26,Male,Google Ads
5965,2025-02-03,Delhi,48,Female,Google Ads
5966,2026-06-10,Noida,35,Female,Meta Ads
5967,2025-10-27,Mumbai,33,Female,Meta Ads
5968,2026-05-23,Mumbai,50,Other,Google Ads
5969,2025-03-29,Noida,51,Female,Organic
5970,2025-04-23,Bengaluru,28,Female,Organic
5971,2025-11-29,Bengaluru,32,Female,Google Ads
5972,2025-11-26,Noida,34,Male,Organic
5973,2026-03-08,Gurugram,50,Female,Google Ads
5974,2026-05-21,Pune,44,Female,Email
5975,2026-03-24,Jaipur,39,Male,Organic
5976,2025-03-18,Jaipur,28,Female,Meta Ads
5977,2025-06-18,Hyderabad,33,Male,Organic
5978,2026-05-14,Delhi,21,Male,Meta Ads
5979,2025-10-27,Kolkata,45,Female,Google Ads
5980,2026-04-18,Jaipur,53,Male,Meta Ads
5981,2025-11-03,Gurugram,48,Female,Meta Ads
5982,2025-01-28,Bengaluru,31,Male,Google Ads
5983,2025-09-15,Delhi,37,Female,Meta Ads
5984,2026-03-26,Kolkata,54,Female,Google Ads
5985,2025-12-24,Chennai,35,Female,Meta Ads
5986,2025-03-14,Delhi,50,Female,Email
5987,2025-04-25,Chennai,40,Male,Affiliate
5988,2026-04-11,Bengaluru,37,Male,Affiliate
5989,2026-06-18,Hyderabad,41,Female,Organic
5990,2026-02-15,Gurugram,28,Female,Affiliate
5991,2025-02-23,Kolkata,35,Female,Email
5992,2025-12-04,Bengaluru,30,Female,Organic
5993,2026-03-28,Kolkata,47,Male,Organic
5994,2025-12-15,Noida,42,Male,Affiliate
5995,2025-11-20,Hyderabad,34,Female,Organic
5996,2025-09-12,Mumbai,49,Female,Influencer
5997,2025-05-14,Jaipur,36,Female,Meta Ads
5998,2025-06-03,Hyderabad,54,Female,Influencer
5999,2026-02-11,Chennai,41,Female,Meta Ads
6000,2025-02-08,Delhi,51,Female,Google Ads
6001,2025-02-16,Pune,55,Male,Google Ads
6002,2025-08-05,Noida,31,Female,Email
6003,2026-02-27,Mumbai,29,Male,Google Ads
6004,2025-12-25,Gurugram,50,Male,Google Ads
6005,2025-11-18,Delhi,28,Female,Meta Ads
6006,2025-10-19,Hyderabad,47,Male,Organic
6007,2025-03-02,Gurugram,26,Male,Google Ads
6008,2025-06-30,Hyderabad,51,Female,Email
6009,2025-02-13,Chennai,44,Other,Organic
6010,2026-02-18,Noida,38,Male,Organic
6011,2026-02-14,Chennai,36,Female,Organic
6012,2025-05-21,Gurugram,42,Female,Meta Ads
6013,2025-06-09,Mumbai,33,Male,Influencer
6014,2025-06-23,Hyderabad,34,Female,Affiliate
6015,2026-04-30,Pune,27,Female,Meta Ads
6016,2025-09-24,Pune,25,Female,Google Ads
6017,2026-02-20,Noida,52,Female,Email
6018,2025-09-02,Hyderabad,46,Other,Affiliate
6019,2026-01-16,Gurugram,35,Female,Affiliate
6020,2025-10-15,Gurugram,49,Male,Affiliate
6021,2025-06-01,Jaipur,41,Female,Influencer
6022,2026-04-23,Noida,41,Female,Organic
6023,2026-01-22,Bengaluru,24,Male,Google Ads
6024,2026-02-24,Bengaluru,39,Female,Google Ads
6025,2026-06-01,Gurugram,23,Female,Google Ads
6026,2025-05-16,Chennai,44,Male,Google Ads
6027,2025-02-19,Bengaluru,22,Male,Google Ads
6028,2025-11-14,Chennai,38,Female,Meta Ads
6029,2025-06-27,Mumbai,33,Male,Affiliate
6030,2025-08-26,Kolkata,24,Female,Google Ads
6031,2025-05-08,Chennai,37,Male,Affiliate
6032,2025-08-06,Mumbai,27,Female,Influencer
6033,2025-08-03,Jaipur,28,Female,Google Ads
6034,2025-07-11,Kolkata,52,Male,Google Ads
6035,2026-02-09,Hyderabad,32,Female,Meta Ads
6036,2025-11-19,Delhi,34,Male,Affiliate
6037,2025-09-16,Hyderabad,20,Male,Organic
6038,2025-03-03,Pune,30,Female,Google Ads
6039,2025-11-08,Mumbai,32,Male,Organic
6040,2025-04-06,Noida,45,Female,Affiliate
6041,2025-06-21,Hyderabad,24,Female,Meta Ads
6042,2025-08-15,Kolkata,53,Male,Organic
6043,2025-03-19,Mumbai,24,Male,Meta Ads
6044,2025-08-01,Bengaluru,43,Female,Google Ads
6045,2025-05-26,Delhi,20,Male,Influencer
6046,2026-04-09,Chennai,49,Female,Google Ads
6047,2026-04-14,Kolkata,45,Male,Affiliate
6048,2025-01-03,Chennai,50,Female,Organic
6049,2025-11-25,Bengaluru,53,Male,Google Ads
6050,2025-12-16,Delhi,50,Female,Organic
6051,2025-07-26,Bengaluru,42,Female,Google Ads
6052,2025-09-13,Jaipur,50,Male,Google Ads
6053,2026-03-07,Delhi,23,Female,Meta Ads
6054,2025-07-25,Gurugram,43,Male,Affiliate
6055,2025-02-05,Kolkata,55,Male,Influencer
6056,2025-07-23,Hyderabad,33,Male,Meta Ads
6057,2025-05-19,Noida,55,Female,Meta Ads
6058,2025-07-28,Delhi,38,Female,Influencer
6059,2025-05-06,Bengaluru,36,Male,Organic
6060,2025-03-23,Hyderabad,30,Female,Google Ads
6061,2026-06-22,Kolkata,23,Female,Meta Ads
6062,2025-03-12,Kolkata,51,Male,Meta Ads
6063,2026-01-20,Bengaluru,45,Male,Meta Ads
6064,2026-01-27,Bengaluru,34,Male,Email
6065,2025-12-03,Jaipur,54,Male,Organic
6066,2026-05-12,Chennai,26,Female,Organic
6067,2025-01-03,Gurugram,48,Female,Meta Ads
6068,2025-06-14,Pune,36,Male,Organic
6069,2025-04-11,Chennai,42,Female,Email
6070,2025-11-11,Gurugram,21,Male,Organic
6071,2025-12-13,Jaipur,41,Female,Google Ads
6072,2026-05-05,Gurugram,44,Female,Meta Ads
6073,2025-07-26,Hyderabad,55,Male,Meta Ads
6074,2025-05-09,Bengaluru,32,Female,Meta Ads
6075,2026-05-19,Pune,22,Male,Organic
6076,2026-01-02,Jaipur,22,Other,Email
6077,2026-02-21,Mumbai,25,Male,Meta Ads
6078,2025-08-31,Mumbai,30,Female,Email
6079,2025-09-01,Chennai,49,Other,Organic
6080,2025-08-01,Jaipur,27,Female,Organic
6081,2026-02-13,Jaipur,25,Female,Organic
6082,2025-04-25,Chennai,21,Female,Affiliate
6083,2026-06-16,Chennai,33,Male,Organic
6084,2025-04-06,Chennai,41,Female,Google Ads
6085,2025-09-09,Jaipur,30,Male,Affiliate
6086,2025-06-21,Delhi,37,Female,Meta Ads
6087,2025-12-17,Hyderabad,28,Female,Organic
6088,2026-01-06,Delhi,48,Male,Influencer
6089,2026-05-16,Hyderabad,20,Male,Meta Ads
6090,2026-03-07,Mumbai,27,Male,Meta Ads
6091,2025-05-16,Mumbai,40,Male,Google Ads
6092,2025-04-23,Kolkata,50,Female,Influencer
6093,2026-04-29,Chennai,34,Male,Meta Ads
6094,2025-09-23,Hyderabad,22,Female,Affiliate
6095,2025-02-23,Kolkata,39,Male,Google Ads
6096,2026-03-26,Delhi,29,Female,Google Ads
6097,2025-12-20,Pune,30,Male,Google Ads
6098,2025-01-14,Noida,53,Male,Affiliate
6099,2026-03-03,Gurugram,53,Female,Google Ads
6100,2025-11-28,Noida,29,Male,Influencer
6101,2025-12-01,Hyderabad,41,Female,Organic
6102,2026-04-17,Pune,39,Female,Influencer
6103,2025-09-28,Chennai,54,Male,Meta Ads
6104,2025-09-09,Bengaluru,54,Male,Email
6105,2025-12-03,Jaipur,32,Male,Google Ads
6106,2025-04-18,Mumbai,20,Male,Meta Ads
6107,2025-03-24,Noida,20,Female,Email
6108,2026-04-05,Delhi,20,Male,Google Ads
6109,2025-04-28,Noida,48,Male,Influencer
6110,2025-10-02,Bengaluru,46,Female,Google Ads
6111,2025-05-28,Bengaluru,49,Male,Meta Ads
6112,2025-05-06,Kolkata,25,Female,Organic
6113,2025-11-22,Noida,22,Female,Meta Ads
6114,2026-03-14,Gurugram,26,Female,Google Ads
6115,2025-08-29,Jaipur,42,Female,Influencer
6116,2025-03-17,Delhi,20,Male,Google Ads
6117,2025-05-14,Bengaluru,43,Male,Email
6118,2025-03-31,Noida,52,Female,Google Ads
6119,2026-04-27,Hyderabad,25,Male,Google Ads
6120,2025-06-24,Jaipur,46,Male,Meta Ads
6121,2025-07-23,Gurugram,39,Female,Affiliate
6122,2025-02-08,Mumbai,53,Female,Email
6123,2025-09-01,Bengaluru,28,Female,Meta Ads
6124,2026-05-14,Chennai,28,Male,Google Ads
6125,2025-08-12,Jaipur,20,Female,Influencer
6126,2025-12-21,Delhi,45,Male,Google Ads
6127,2025-04-10,Bengaluru,51,Female,Email
6128,2025-03-19,Chennai,20,Male,Google Ads
6129,2026-02-03,Delhi,37,Female,Google Ads
6130,2025-02-05,Kolkata,46,Female,Google Ads
6131,2025-09-02,Gurugram,48,Male,Google Ads
6132,2025-06-22,Hyderabad,53,Female,Email
6133,2025-01-09,Jaipur,46,Male,Meta Ads
6134,2025-10-17,Pune,53,Male,Affiliate
6135,2026-06-10,Jaipur,55,Male,Google Ads
6136,2025-02-07,Pune,53,Female,Meta Ads
6137,2026-03-21,Gurugram,35,Male,Meta Ads
6138,2025-10-21,Pune,34,Female,Google Ads
6139,2026-01-30,Pune,35,Other,Google Ads
6140,2025-02-22,Mumbai,54,Female,Google Ads
6141,2026-04-19,Delhi,30,Male,Google Ads
6142,2025-01-07,Pune,47,Female,Meta Ads
6143,2026-05-10,Hyderabad,42,Male,Google Ads
6144,2025-12-25,Chennai,22,Male,Meta Ads
6145,2025-07-03,Noida,37,Female,Meta Ads
6146,2025-01-04,Hyderabad,27,Other,Meta Ads
6147,2025-11-29,Kolkata,46,Male,Google Ads
6148,2025-02-17,Kolkata,36,Male,Meta Ads
6149,2025-11-28,Jaipur,32,Male,Meta Ads
6150,2026-02-26,Gurugram,22,Male,Influencer
6151,2025-05-26,Noida,24,Male,Google Ads
6152,2025-05-11,Hyderabad,47,Male,Google Ads
6153,2025-05-01,Bengaluru,51,Male,Affiliate
6154,2025-05-03,Gurugram,30,Male,Meta Ads
6155,2025-03-04,Noida,49,Female,Google Ads
6156,2025-05-17,Noida,39,Female,Affiliate
6157,2025-12-26,Mumbai,32,Female,Email
6158,2025-06-14,Chennai,36,Male,Organic
6159,2026-03-02,Delhi,44,Female,Google Ads
6160,2026-03-23,Noida,52,Male,Meta Ads
6161,2026-02-19,Gurugram,37,Female,Meta Ads
6162,2025-10-22,Kolkata,32,Male,Organic
6163,2025-06-22,Jaipur,47,Female,Meta Ads
6164,2026-05-22,Bengaluru,38,Male,Email
6165,2025-04-22,Delhi,34,Female,Influencer
6166,2025-09-11,Delhi,36,Male,Influencer
6167,2025-09-05,Kolkata,39,Female,Google Ads
6168,2026-02-11,Bengaluru,25,Female,Email
6169,2025-10-26,Delhi,22,Male,Organic
6170,2026-03-12,Kolkata,43,Female,Affiliate
6171,2026-05-16,Hyderabad,26,Male,Influencer
6172,2025-08-01,Mumbai,39,Female,Organic
6173,2026-04-22,Bengaluru,48,Male,Organic
6174,2025-04-03,Gurugram,27,Female,Google Ads
6175,2026-05-15,Jaipur,33,Female,Email
6176,2025-04-08,Chennai,55,Male,Email
6177,2026-04-09,Noida,21,Female,Organic
6178,2025-08-01,Chennai,47,Female,Email
6179,2026-06-10,Noida,26,Female,Meta Ads
6180,2025-03-12,Bengaluru,52,Male,Meta Ads
6181,2025-09-11,Chennai,34,Male,Influencer
6182,2026-05-07,Delhi,20,Male,Meta Ads
6183,2025-01-26,Chennai,45,Male,Affiliate
6184,2025-05-25,Gurugram,25,Male,Organic
6185,2025-02-15,Pune,33,Female,Meta Ads
6186,2025-06-25,Bengaluru,38,Female,Meta Ads
6187,2025-08-01,Delhi,46,Female,Email
6188,2025-12-04,Chennai,35,Male,Affiliate
6189,2025-05-21,Gurugram,50,Male,Google Ads
6190,2025-03-28,Jaipur,37,Female,Influencer
6191,2025-04-03,Kolkata,32,Female,Organic
6192,2026-05-27,Noida,32,Female,Meta Ads
6193,2026-06-04,Pune,48,Female,Google Ads
6194,2025-05-01,Mumbai,43,Male,Google Ads
6195,2025-04-17,Pune,24,Female,Google Ads
6196,2025-01-30,Hyderabad,47,Female,Google Ads
6197,2026-06-07,Gurugram,34,Male,Google Ads
6198,2026-01-20,Pune,32,Female,Influencer
6199,2026-02-19,Gurugram,23,Male,Organic
6200,2025-06-08,Jaipur,55,Male,Affiliate
6201,2025-12-16,Jaipur,21,Male,Email
6202,2025-02-02,Noida,55,Female,Organic
6203,2026-01-04,Chennai,22,Female,Affiliate
6204,2025-11-12,Jaipur,38,Male,Meta Ads
6205,2025-06-30,Noida,23,Female,Organic
6206,2026-01-23,Chennai,37,Female,Affiliate
6207,2025-12-19,Jaipur,50,Male,Influencer
6208,2025-08-28,Gurugram,41,Male,Meta Ads
6209,2025-04-12,Hyderabad,39,Male,Affiliate
6210,2025-01-13,Chennai,24,Male,Email
6211,2026-05-27,Mumbai,54,Female,Meta Ads
6212,2025-06-03,Gurugram,33,Female,Meta Ads
6213,2025-06-14,Mumbai,39,Male,Meta Ads
6214,2026-01-07,Mumbai,52,Female,Meta Ads
6215,2025-05-20,Chennai,42,Male,Google Ads
6216,2025-07-24,Mumbai,46,Male,Google Ads
6217,2026-01-23,Mumbai,26,Male,Affiliate
6218,2025-11-21,Jaipur,36,Male,Affiliate
6219,2025-12-24,Hyderabad,39,Male,Affiliate
6220,2025-01-03,Jaipur,26,Male,Email
6221,2025-09-03,Chennai,33,Male,Influencer
6222,2025-09-17,Kolkata,49,Male,Meta Ads
6223,2025-12-11,Noida,53,Female,Meta Ads
6224,2025-03-24,Jaipur,49,Male,Meta Ads
6225,2025-03-28,Jaipur,53,Female,Meta Ads
6226,2026-02-20,Delhi,55,Male,Organic
6227,2026-01-02,Mumbai,27,Female,Meta Ads
6228,2026-03-19,Bengaluru,50,Male,Influencer
6229,2025-05-28,Bengaluru,42,Female,Google Ads
6230,2026-06-28,Chennai,50,Male,Google Ads
6231,2025-05-29,Pune,42,Male,Meta Ads
6232,2025-12-21,Gurugram,24,Female,Google Ads
6233,2025-03-30,Pune,40,Female,Influencer
6234,2026-05-16,Jaipur,47,Other,Email
6235,2025-07-01,Bengaluru,24,Female,Meta Ads
6236,2026-03-14,Jaipur,38,Male,Organic
6237,2025-06-30,Pune,43,Female,Meta Ads
6238,2026-03-08,Jaipur,36,Male,Google Ads
6239,2025-09-05,Jaipur,48,Female,Meta Ads
6240,2025-02-04,Delhi,24,Female,Meta Ads
6241,2025-04-14,Kolkata,32,Male,Organic
6242,2026-01-08,Noida,54,Female,Affiliate
6243,2025-04-16,Kolkata,38,Male,Meta Ads
6244,2025-05-31,Kolkata,26,Male,Organic
6245,2025-10-23,Gurugram,24,Other,Organic
6246,2025-05-18,Delhi,41,Male,Meta Ads
6247,2025-03-12,Bengaluru,53,Male,Meta Ads
6248,2025-12-07,Mumbai,21,Female,Meta Ads
6249,2026-01-11,Hyderabad,23,Male,Meta Ads
6250,2026-02-04,Delhi,33,Male,Meta Ads
6251,2026-05-30,Delhi,27,Male,Meta Ads
6252,2025-03-09,Bengaluru,24,Female,Meta Ads
6253,2025-08-21,Chennai,30,Male,Organic
6254,2025-05-08,Mumbai,43,Female,Meta Ads
6255,2026-05-07,Mumbai,49,Male,Influencer
6256,2025-10-22,Noida,31,Female,Google Ads
6257,2025-02-23,Gurugram,45,Male,Meta Ads
6258,2026-01-13,Gurugram,49,Male,Organic
6259,2025-01-24,Gurugram,20,Female,Email
6260,2025-05-30,Mumbai,50,Female,Influencer
6261,2026-01-29,Gurugram,26,Male,Meta Ads
6262,2025-10-03,Pune,44,Male,Meta Ads
6263,2026-02-19,Mumbai,47,Female,Email
6264,2025-11-08,Chennai,50,Male,Email
6265,2026-04-05,Pune,34,Male,Affiliate
6266,2025-11-03,Pune,43,Female,Affiliate
6267,2025-01-31,Hyderabad,20,Female,Google Ads
6268,2025-02-08,Jaipur,36,Female,Organic
6269,2026-02-28,Gurugram,54,Female,Organic
6270,2025-01-22,Jaipur,25,Female,Email
6271,2025-07-25,Gurugram,25,Male,Meta Ads
6272,2025-01-09,Noida,45,Female,Influencer
6273,2025-06-15,Kolkata,38,Male,Organic
6274,2025-11-21,Kolkata,36,Female,Meta Ads
6275,2025-04-05,Delhi,28,Female,Meta Ads
6276,2025-09-12,Hyderabad,26,Male,Organic
6277,2026-06-27,Hyderabad,46,Female,Influencer
6278,2025-02-08,Gurugram,32,Female,Meta Ads
6279,2025-02-04,Hyderabad,47,Male,Affiliate
6280,2025-05-28,Pune,35,Male,Meta Ads
6281,2026-03-27,Hyderabad,34,Male,Meta Ads
6282,2025-08-10,Hyderabad,28,Female,Organic
6283,2025-12-15,Kolkata,43,Female,Google Ads
6284,2025-01-19,Gurugram,30,Male,Google Ads
6285,2026-02-05,Pune,52,Male,Organic
6286,2025-02-06,Mumbai,34,Female,Google Ads
6287,2026-01-23,Jaipur,49,Male,Google Ads
6288,2025-03-22,Gurugram,36,Male,Google Ads
6289,2026-04-13,Kolkata,34,Male,Google Ads
6290,2025-06-11,Pune,36,Female,Meta Ads
6291,2025-04-11,Gurugram,35,Female,Meta Ads
6292,2025-07-03,Chennai,37,Female,Influencer
6293,2025-01-01,Gurugram,51,Male,Organic
6294,2025-03-31,Gurugram,45,Female,Organic
6295,2025-11-23,Mumbai,21,Male,Google Ads
6296,2025-06-13,Pune,22,Female,Google Ads
6297,2025-07-12,Mumbai,20,Male,Affiliate
6298,2026-03-16,Hyderabad,44,Female,Organic
6299,2025-03-09,Hyderabad,27,Female,Affiliate
6300,2025-08-04,Noida,33,Female,Meta Ads
6301,2025-04-12,Gurugram,49,Male,Email
6302,2025-09-21,Mumbai,24,Female,Email
6303,2025-06-30,Gurugram,25,Female,Google Ads
6304,2025-01-26,Jaipur,22,Male,Affiliate
6305,2025-02-08,Mumbai,30,Female,Meta Ads
6306,2026-04-10,Bengaluru,23,Female,Meta Ads
6307,2025-02-01,Pune,42,Female,Google Ads
6308,2026-03-03,Chennai,46,Female,Organic
6309,2026-05-15,Pune,26,Male,Affiliate
6310,2025-09-11,Hyderabad,38,Female,Meta Ads
6311,2025-06-20,Jaipur,30,Male,Influencer
6312,2026-02-28,Kolkata,22,Male,Meta Ads
6313,2026-06-20,Gurugram,36,Female,Affiliate
6314,2025-03-07,Noida,45,Female,Organic
6315,2026-06-10,Mumbai,28,Female,Influencer
6316,2026-05-30,Kolkata,48,Female,Organic
6317,2025-03-19,Jaipur,55,Male,Meta Ads
6318,2025-01-30,Chennai,22,Female,Meta Ads
6319,2026-01-25,Pune,25,Male,Affiliate
6320,2025-02-12,Gurugram,30,Other,Affiliate
6321,2025-11-24,Hyderabad,50,Female,Email
6322,2025-02-05,Noida,25,Female,Organic
6323,2026-01-12,Hyderabad,36,Female,Meta Ads
6324,2025-05-07,Noida,39,Female,Google Ads
6325,2025-02-22,Delhi,24,Female,Google Ads
6326,2025-02-06,Jaipur,21,Female,Organic
6327,2025-04-13,Kolkata,24,Male,Organic
6328,2025-10-22,Pune,22,Female,Organic
6329,2025-02-11,Pune,38,Male,Email
6330,2026-03-14,Gurugram,53,Female,Meta Ads
6331,2025-11-26,Hyderabad,32,Female,Google Ads
6332,2025-06-12,Chennai,29,Female,Google Ads
6333,2026-06-22,Hyderabad,28,Female,Google Ads
6334,2025-12-25,Gurugram,55,Female,Organic
6335,2026-01-02,Mumbai,54,Female,Organic
6336,2025-04-05,Kolkata,43,Male,Influencer
6337,2026-01-23,Gurugram,36,Male,Google Ads
6338,2025-11-01,Jaipur,25,Male,Affiliate
6339,2026-06-21,Chennai,53,Female,Email
6340,2025-09-18,Kolkata,20,Female,Meta Ads
6341,2026-01-05,Hyderabad,25,Female,Organic
6342,2025-07-05,Gurugram,44,Male,Influencer
6343,2025-01-22,Delhi,26,Male,Meta Ads
6344,2025-03-11,Hyderabad,23,Female,Organic
6345,2026-04-18,Mumbai,41,Female,Meta Ads
6346,2026-02-07,Noida,20,Male,Google Ads
6347,2025-07-18,Jaipur,29,Male,Google Ads
6348,2026-01-16,Jaipur,43,Male,Google Ads
6349,2025-01-03,Mumbai,26,Female,Organic
6350,2025-01-21,Pune,47,Female,Google Ads
6351,2025-10-04,Bengaluru,23,Female,Organic
6352,2025-12-07,Bengaluru,42,Female,Affiliate
6353,2026-05-26,Pune,22,Female,Affiliate
6354,2026-02-19,Bengaluru,46,Male,Meta Ads
6355,2025-05-21,Kolkata,47,Male,Google Ads
6356,2026-03-21,Noida,48,Male,Meta Ads
6357,2025-09-25,Pune,30,Other,Google Ads
6358,2026-03-27,Jaipur,28,Female,Meta Ads
6359,2025-04-05,Kolkata,55,Female,Email
6360,2025-01-15,Delhi,46,Female,Organic
6361,2025-02-01,Noida,26,Male,Google Ads
6362,2026-06-25,Pune,21,Male,Google Ads
6363,2025-02-13,Jaipur,32,Female,Affiliate
6364,2026-05-27,Kolkata,43,Other,Influencer
6365,2026-02-01,Jaipur,33,Male,Organic
6366,2025-03-21,Noida,49,Male,Email
6367,2026-04-16,Hyderabad,38,Female,Organic
6368,2025-03-20,Chennai,55,Female,Google Ads
6369,2025-03-20,Pune,51,Female,Affiliate
6370,2025-11-10,Chennai,36,Male,Google Ads
6371,2025-06-07,Gurugram,50,Male,Organic
6372,2025-06-08,Bengaluru,36,Male,Google Ads
6373,2025-04-17,Bengaluru,20,Male,Organic
6374,2025-11-28,Jaipur,31,Female,Organic
6375,2025-01-15,Gurugram,34,Female,Organic
6376,2025-05-14,Mumbai,55,Female,Meta Ads
6377,2025-10-29,Delhi,49,Male,Organic
6378,2025-09-23,Noida,25,Male,Email
6379,2026-01-17,Jaipur,20,Female,Organic
6380,2025-04-28,Kolkata,39,Male,Meta Ads
6381,2025-12-20,Gurugram,39,Male,Email
6382,2026-02-19,Chennai,46,Male,Organic
6383,2025-07-31,Hyderabad,29,Male,Google Ads
6384,2025-05-20,Jaipur,49,Male,Organic
6385,2025-10-30,Mumbai,34,Male,Google Ads
6386,2025-11-12,Jaipur,32,Female,Organic
6387,2025-02-21,Mumbai,35,Male,Meta Ads
6388,2025-11-04,Chennai,54,Female,Affiliate
6389,2025-03-26,Mumbai,34,Female,Google Ads
6390,2025-11-07,Pune,40,Female,Meta Ads
6391,2026-05-23,Mumbai,52,Female,Google Ads
6392,2025-10-20,Kolkata,20,Male,Affiliate
6393,2026-02-20,Pune,39,Male,Google Ads
6394,2025-06-18,Gurugram,45,Female,Meta Ads
6395,2026-05-18,Jaipur,52,Female,Google Ads
6396,2026-03-19,Chennai,22,Male,Affiliate
6397,2026-05-15,Bengaluru,46,Male,Meta Ads
6398,2026-02-09,Noida,48,Other,Email
6399,2025-12-20,Jaipur,32,Female,Google Ads
6400,2025-10-14,Chennai,46,Female,Meta Ads
6401,2026-05-21,Pune,37,Female,Google Ads
6402,2026-04-08,Kolkata,43,Female,Email
6403,2025-08-16,Pune,34,Female,Google Ads
6404,2025-02-16,Gurugram,26,Female,Influencer
6405,2025-01-02,Gurugram,49,Female,Meta Ads
6406,2025-05-08,Delhi,27,Male,Organic
6407,2025-02-04,Delhi,26,Female,Meta Ads
6408,2025-04-26,Chennai,51,Other,Meta Ads
6409,2025-03-01,Kolkata,53,Female,Affiliate
6410,2026-06-19,Noida,41,Male,Organic
6411,2025-02-21,Hyderabad,40,Female,Organic
6412,2025-12-08,Noida,32,Male,Organic
6413,2025-07-11,Bengaluru,42,Female,Google Ads
6414,2025-04-05,Chennai,41,Male,Influencer
6415,2026-01-18,Kolkata,38,Female,Meta Ads
6416,2026-06-13,Jaipur,43,Female,Affiliate
6417,2026-03-07,Mumbai,39,Male,Organic
6418,2026-06-16,Jaipur,51,Female,Meta Ads
6419,2025-11-18,Chennai,44,Female,Email
6420,2026-01-03,Mumbai,33,Male,Influencer
6421,2025-03-21,Mumbai,43,Male,Google Ads
6422,2026-04-10,Noida,28,Male,Meta Ads
6423,2026-02-12,Jaipur,27,Female,Organic
6424,2025-05-19,Gurugram,49,Female,Meta Ads
6425,2025-07-13,Gurugram,40,Male,Meta Ads
6426,2025-11-29,Bengaluru,21,Male,Organic
6427,2025-01-08,Noida,32,Male,Influencer
6428,2026-03-22,Kolkata,55,Male,Email
6429,2025-06-02,Pune,42,Female,Influencer
6430,2025-02-10,Noida,51,Male,Google Ads
6431,2025-06-30,Noida,39,Female,Google Ads
6432,2026-04-01,Delhi,21,Female,Google Ads
6433,2025-05-30,Jaipur,26,Female,Meta Ads
6434,2025-10-21,Bengaluru,23,Male,Organic
6435,2026-03-19,Pune,46,Female,Google Ads
6436,2025-01-19,Noida,47,Female,Meta Ads
6437,2026-02-19,Gurugram,36,Female,Organic
6438,2025-06-07,Hyderabad,46,Male,Organic
6439,2026-01-15,Gurugram,39,Male,Organic
6440,2025-04-13,Pune,46,Female,Organic
6441,2025-03-17,Jaipur,44,Female,Influencer
6442,2026-03-06,Mumbai,36,Female,Organic
6443,2026-03-17,Pune,43,Female,Influencer
6444,2026-06-19,Jaipur,31,Female,Influencer
6445,2026-01-05,Kolkata,46,Other,Affiliate
6446,2025-09-11,Delhi,52,Female,Google Ads
6447,2025-04-17,Noida,27,Male,Email
6448,2025-06-10,Jaipur,44,Male,Meta Ads
6449,2025-12-20,Jaipur,23,Female,Google Ads
6450,2025-07-08,Mumbai,33,Male,Email
6451,2025-09-21,Hyderabad,44,Female,Google Ads
6452,2025-04-02,Hyderabad,29,Male,Email
6453,2025-08-28,Pune,28,Male,Affiliate
6454,2025-05-10,Chennai,33,Female,Meta Ads
6455,2025-03-03,Mumbai,24,Female,Influencer
6456,2025-03-13,Kolkata,42,Female,Organic
6457,2025-10-10,Delhi,24,Male,Affiliate
6458,2025-07-19,Delhi,31,Male,Google Ads
6459,2025-02-24,Jaipur,31,Female,Influencer
6460,2025-10-08,Noida,54,Female,Google Ads
6461,2025-03-31,Jaipur,55,Male,Affiliate
6462,2025-01-09,Gurugram,22,Female,Google Ads
6463,2025-03-14,Mumbai,25,Male,Google Ads
6464,2025-09-02,Delhi,46,Female,Meta Ads
6465,2026-06-04,Jaipur,30,Male,Organic
6466,2025-05-12,Mumbai,43,Other,Affiliate
6467,2025-06-05,Noida,53,Male,Organic
6468,2025-05-13,Bengaluru,25,Female,Organic
6469,2025-07-13,Noida,54,Female,Meta Ads
6470,2026-01-26,Chennai,21,Male,Influencer
6471,2025-06-25,Delhi,28,Male,Meta Ads
6472,2025-12-25,Bengaluru,38,Female,Influencer
6473,2026-05-05,Mumbai,51,Female,Organic
6474,2026-05-31,Delhi,39,Female,Meta Ads
6475,2025-11-03,Delhi,25,Female,Meta Ads
6476,2026-01-24,Hyderabad,28,Male,Organic
6477,2026-05-16,Mumbai,47,Female,Influencer
6478,2026-03-05,Noida,40,Male,Organic
6479,2025-06-13,Noida,20,Female,Affiliate
6480,2025-03-13,Kolkata,38,Female,Influencer
6481,2025-03-04,Chennai,34,Female,Meta Ads
6482,2026-04-26,Pune,20,Male,Email
6483,2025-10-31,Kolkata,28,Male,Organic
6484,2025-06-11,Delhi,53,Female,Google Ads
6485,2025-07-08,Pune,45,Male,Affiliate
6486,2025-06-03,Chennai,22,Female,Meta Ads
6487,2026-03-14,Gurugram,20,Female,Organic
6488,2025-11-30,Hyderabad,32,Male,Email
6489,2026-04-25,Chennai,36,Male,Affiliate
6490,2025-06-14,Pune,36,Female,Email
6491,2025-09-15,Gurugram,45,Female,Email
6492,2025-03-08,Pune,26,Male,Google Ads
6493,2026-06-14,Chennai,21,Male,Affiliate
6494,2025-10-06,Delhi,44,Male,Meta Ads
6495,2025-10-29,Hyderabad,52,Female,Email
6496,2025-08-14,Hyderabad,26,Female,Affiliate
6497,2025-05-28,Mumbai,33,Female,Meta Ads
6498,2026-06-01,Delhi,42,Female,Meta Ads
6499,2025-09-24,Delhi,25,Female,Meta Ads
6500,2026-01-03,Chennai,50,Female,Email
6501,2025-01-21,Kolkata,28,Male,Meta Ads
6502,2025-05-31,Bengaluru,39,Female,Meta Ads
6503,2026-03-15,Jaipur,32,Female,Google Ads
6504,2025-02-17,Jaipur,44,Female,Meta Ads
6505,2025-02-25,Pune,27,Female,Meta Ads
6506,2026-03-18,Hyderabad,23,Male,Email
6507,2025-06-18,Jaipur,38,Female,Email
6508,2025-05-30,Pune,51,Female,Email
6509,2025-11-05,Jaipur,42,Female,Meta Ads
6510,2025-04-17,Jaipur,47,Male,Influencer
6511,2025-01-24,Noida,35,Other,Email
6512,2025-01-03,Pune,25,Female,Affiliate
6513,2025-02-13,Chennai,35,Female,Email
6514,2025-03-28,Kolkata,55,Male,Meta Ads
6515,2026-01-15,Mumbai,48,Female,Organic
6516,2025-06-12,Kolkata,45,Female,Google Ads
6517,2025-02-09,Bengaluru,30,Female,Influencer
6518,2025-01-08,Mumbai,41,Other,Email
6519,2025-09-18,Noida,42,Male,Google Ads
6520,2026-04-03,Mumbai,43,Female,Meta Ads
6521,2025-07-04,Jaipur,52,Male,Organic
6522,2025-02-04,Chennai,44,Male,Google Ads
6523,2025-05-05,Chennai,27,Male,Meta Ads
6524,2025-09-30,Kolkata,27,Male,Influencer
6525,2025-04-13,Gurugram,42,Male,Meta Ads
6526,2026-06-18,Pune,51,Male,Google Ads
6527,2026-02-21,Mumbai,54,Male,Google Ads
6528,2025-07-07,Kolkata,41,Female,Organic
6529,2026-06-03,Bengaluru,39,Male,Email
6530,2025-06-27,Kolkata,49,Male,Organic
6531,2025-03-18,Chennai,55,Male,Influencer
6532,2026-05-27,Chennai,21,Male,Google Ads
6533,2026-06-08,Jaipur,31,Male,Google Ads
6534,2025-06-20,Chennai,32,Female,Google Ads
6535,2025-11-21,Mumbai,40,Female,Meta Ads
6536,2025-04-05,Hyderabad,30,Male,Google Ads
6537,2025-12-16,Bengaluru,31,Female,Meta Ads
6538,2026-01-12,Delhi,20,Male,Affiliate
6539,2026-01-22,Hyderabad,20,Female,Google Ads
6540,2025-11-06,Bengaluru,36,Female,Influencer
6541,2026-01-19,Mumbai,55,Male,Influencer
6542,2025-10-30,Noida,30,Male,Email
6543,2026-03-23,Hyderabad,28,Female,Affiliate
6544,2025-04-08,Hyderabad,29,Male,Organic
6545,2025-09-21,Noida,55,Male,Meta Ads
6546,2025-08-15,Pune,43,Female,Email
6547,2025-10-18,Noida,43,Female,Google Ads
6548,2025-03-19,Noida,26,Male,Meta Ads
6549,2025-06-26,Bengaluru,52,Female,Affiliate
6550,2026-06-05,Mumbai,27,Male,Email
6551,2025-02-27,Jaipur,54,Male,Meta Ads
6552,2025-12-13,Delhi,54,Female,Organic
6553,2025-12-29,Mumbai,40,Female,Influencer
6554,2025-09-16,Chennai,51,Female,Google Ads
6555,2025-01-19,Gurugram,55,Female,Meta Ads
6556,2025-01-19,Jaipur,40,Female,Google Ads
6557,2025-05-31,Chennai,47,Female,Influencer
6558,2025-02-25,Jaipur,41,Female,Email
6559,2025-02-21,Jaipur,38,Male,Google Ads
6560,2025-04-14,Noida,32,Female,Organic
6561,2026-04-02,Bengaluru,43,Male,Email
6562,2025-12-15,Chennai,29,Female,Google Ads
6563,2025-01-17,Delhi,26,Male,Affiliate
6564,2025-12-09,Bengaluru,29,Female,Organic
6565,2025-03-16,Pune,20,Female,Google Ads
6566,2025-08-18,Chennai,53,Female,Influencer
6567,2025-01-21,Bengaluru,29,Male,Google Ads
6568,2025-02-19,Kolkata,48,Male,Google Ads
6569,2025-03-14,Pune,35,Female,Meta Ads
6570,2025-08-25,Delhi,32,Other,Google Ads
6571,2025-09-10,Gurugram,28,Male,Email
6572,2025-07-12,Jaipur,49,Male,Meta Ads
6573,2025-12-04,Delhi,38,Male,Google Ads
6574,2026-01-28,Noida,36,Female,Influencer
6575,2026-02-02,Mumbai,43,Male,Meta Ads
6576,2025-11-12,Jaipur,48,Female,Meta Ads
6577,2025-10-25,Chennai,43,Female,Meta Ads
6578,2025-09-25,Noida,36,Male,Affiliate
6579,2025-05-10,Mumbai,52,Male,Google Ads
6580,2025-09-23,Jaipur,52,Male,Google Ads
6581,2025-01-06,Gurugram,54,Female,Affiliate
6582,2026-06-11,Hyderabad,23,Male,Google Ads
6583,2025-07-21,Bengaluru,52,Male,Affiliate
6584,2026-02-17,Chennai,26,Female,Email
6585,2026-06-06,Chennai,42,Male,Affiliate
6586,2025-09-28,Kolkata,43,Female,Google Ads
6587,2026-04-15,Noida,27,Female,Influencer
6588,2025-09-19,Bengaluru,20,Male,Meta Ads
6589,2025-03-14,Pune,53,Male,Google Ads
6590,2025-01-15,Bengaluru,52,Female,Organic
6591,2025-03-15,Pune,26,Male,Google Ads
6592,2026-05-29,Pune,41,Male,Meta Ads
6593,2025-09-16,Mumbai,25,Female,Email
6594,2025-06-23,Noida,40,Female,Google Ads
6595,2025-09-01,Jaipur,31,Female,Google Ads
6596,2025-05-20,Kolkata,47,Male,Meta Ads
6597,2026-04-20,Kolkata,40,Male,Meta Ads
6598,2026-06-29,Gurugram,37,Male,Email
6599,2025-02-16,Mumbai,44,Male,Organic
6600,2026-01-27,Mumbai,37,Female,Meta Ads
6601,2025-07-02,Delhi,20,Male,Meta Ads
6602,2025-01-26,Noida,41,Male,Meta Ads
6603,2026-05-18,Mumbai,48,Male,Meta Ads
6604,2025-02-03,Jaipur,37,Male,Google Ads
6605,2025-04-23,Gurugram,26,Male,Email
6606,2025-01-14,Hyderabad,20,Female,Google Ads
6607,2025-09-14,Hyderabad,30,Male,Organic
6608,2025-11-23,Mumbai,47,Female,Google Ads
6609,2025-06-24,Jaipur,31,Male,Google Ads
6610,2025-02-09,Delhi,54,Male,Meta Ads
6611,2025-03-05,Kolkata,31,Female,Meta Ads
6612,2026-05-24,Chennai,35,Female,Organic
6613,2026-03-16,Mumbai,47,Male,Organic
6614,2026-05-26,Chennai,42,Male,Influencer
6615,2025-10-17,Bengaluru,21,Female,Meta Ads
6616,2025-10-25,Jaipur,22,Female,Google Ads
6617,2026-03-05,Delhi,27,Male,Affiliate
6618,2025-12-03,Delhi,51,Male,Organic
6619,2025-08-26,Hyderabad,20,Male,Google Ads
6620,2025-06-09,Jaipur,22,Female,Google Ads
6621,2025-09-22,Delhi,48,Female,Meta Ads
6622,2025-02-04,Chennai,42,Male,Meta Ads
6623,2025-04-15,Jaipur,55,Male,Email
6624,2026-02-06,Bengaluru,27,Male,Google Ads
6625,2026-04-19,Kolkata,43,Female,Influencer
6626,2025-02-25,Chennai,24,Female,Email
6627,2025-02-22,Gurugram,41,Female,Organic
6628,2025-02-16,Kolkata,23,Female,Google Ads
6629,2026-03-08,Pune,52,Male,Organic
6630,2025-06-19,Delhi,34,Female,Affiliate
6631,2025-06-28,Hyderabad,29,Male,Google Ads
6632,2025-01-07,Pune,55,Male,Email
6633,2026-06-15,Kolkata,22,Female,Google Ads
6634,2025-08-25,Chennai,48,Female,Meta Ads
6635,2026-01-21,Bengaluru,38,Male,Affiliate
6636,2025-03-19,Gurugram,44,Male,Organic
6637,2026-03-13,Noida,29,Female,Organic
6638,2025-10-27,Delhi,51,Female,Google Ads
6639,2025-11-26,Pune,36,Female,Affiliate
6640,2025-04-20,Jaipur,35,Male,Organic
6641,2026-04-07,Delhi,36,Female,Google Ads
6642,2026-05-23,Chennai,30,Male,Affiliate
6643,2025-08-10,Hyderabad,31,Male,Google Ads
6644,2025-02-20,Noida,25,Male,Google Ads
6645,2026-04-08,Gurugram,37,Male,Affiliate
6646,2026-04-29,Gurugram,37,Female,Google Ads
6647,2025-10-04,Pune,33,Female,Google Ads
6648,2025-11-12,Gurugram,55,Male,Google Ads
6649,2025-05-02,Kolkata,24,Other,Affiliate
6650,2025-02-06,Mumbai,52,Female,Google Ads
6651,2026-05-30,Noida,51,Female,Meta Ads
6652,2025-09-21,Delhi,20,Male,Google Ads
6653,2025-05-30,Bengaluru,45,Male,Meta Ads
6654,2026-01-13,Bengaluru,27,Female,Meta Ads
6655,2025-01-15,Chennai,21,Female,Affiliate
6656,2025-02-13,Bengaluru,50,Male,Organic
6657,2025-05-13,Noida,24,Female,Affiliate
6658,2025-09-03,Gurugram,30,Male,Organic
6659,2025-07-19,Hyderabad,23,Male,Meta Ads
6660,2025-04-13,Mumbai,25,Male,Google Ads
6661,2025-07-11,Pune,22,Male,Email
6662,2025-07-01,Jaipur,50,Male,Meta Ads
6663,2025-10-13,Mumbai,22,Female,Organic
6664,2025-11-03,Hyderabad,47,Female,Google Ads
6665,2026-04-27,Kolkata,25,Male,Organic
6666,2026-03-16,Gurugram,52,Male,Meta Ads
6667,2025-06-09,Hyderabad,50,Female,Meta Ads
6668,2026-05-07,Mumbai,42,Male,Influencer
6669,2025-10-11,Pune,49,Female,Google Ads
6670,2025-04-13,Chennai,30,Female,Google Ads
6671,2025-07-05,Noida,48,Female,Google Ads
6672,2026-02-09,Noida,27,Male,Meta Ads
6673,2026-03-24,Delhi,42,Other,Email
6674,2025-07-23,Delhi,53,Female,Influencer
6675,2025-03-27,Delhi,46,Female,Affiliate
6676,2025-04-15,Chennai,29,Female,Organic
6677,2025-02-26,Jaipur,46,Male,Organic
6678,2026-01-16,Bengaluru,51,Male,Meta Ads
6679,2025-10-02,Kolkata,52,Female,Influencer
6680,2025-09-03,Chennai,46,Female,Email
6681,2026-01-02,Kolkata,46,Female,Google Ads
6682,2026-03-28,Chennai,48,Female,Influencer
6683,2026-03-10,Noida,46,Female,Email
6684,2025-03-16,Hyderabad,24,Male,Google Ads
6685,2025-11-18,Hyderabad,48,Male,Organic
6686,2026-04-26,Pune,26,Female,Google Ads
6687,2026-02-26,Chennai,40,Male,Google Ads
6688,2025-06-29,Noida,32,Male,Meta Ads
6689,2025-08-03,Pune,27,Female,Email
6690,2026-05-01,Kolkata,30,Female,Meta Ads
6691,2025-01-18,Noida,23,Female,Google Ads
6692,2025-10-14,Bengaluru,35,Male,Meta Ads
6693,2025-03-05,Kolkata,35,Male,Google Ads
6694,2026-05-03,Delhi,34,Female,Email
6695,2025-01-22,Noida,23,Female,Meta Ads
6696,2025-01-13,Kolkata,41,Male,Google Ads
6697,2025-06-29,Noida,26,Female,Google Ads
6698,2025-04-20,Chennai,50,Female,Meta Ads
6699,2025-09-28,Jaipur,20,Female,Meta Ads
6700,2025-06-13,Bengaluru,21,Female,Affiliate
6701,2025-07-14,Bengaluru,30,Male,Google Ads
6702,2025-11-04,Bengaluru,34,Female,Google Ads
6703,2025-11-02,Mumbai,54,Male,Google Ads
6704,2026-05-25,Mumbai,38,Male,Organic
6705,2025-09-19,Hyderabad,33,Male,Meta Ads
6706,2025-11-04,Kolkata,50,Male,Organic
6707,2026-01-05,Jaipur,28,Female,Organic
6708,2025-04-05,Kolkata,52,Female,Google Ads
6709,2025-12-30,Noida,34,Male,Meta Ads
6710,2026-04-15,Mumbai,31,Male,Influencer
6711,2025-06-23,Chennai,30,Female,Meta Ads
6712,2025-04-08,Hyderabad,20,Male,Email
6713,2025-07-08,Mumbai,44,Male,Email
6714,2025-05-30,Mumbai,40,Female,Meta Ads
6715,2025-11-15,Noida,42,Female,Organic
6716,2026-04-16,Mumbai,43,Female,Google Ads
6717,2025-11-22,Bengaluru,20,Male,Google Ads
6718,2025-03-10,Bengaluru,51,Female,Email
6719,2025-06-21,Hyderabad,38,Female,Influencer
6720,2026-01-11,Gurugram,44,Female,Google Ads
6721,2025-06-30,Gurugram,21,Male,Organic
6722,2025-11-16,Kolkata,47,Female,Google Ads
6723,2026-01-14,Bengaluru,44,Female,Organic
6724,2025-06-29,Gurugram,33,Male,Meta Ads
6725,2025-12-19,Pune,53,Male,Meta Ads
6726,2025-08-05,Hyderabad,43,Male,Influencer
6727,2025-03-15,Hyderabad,52,Female,Organic
6728,2025-07-22,Gurugram,49,Male,Google Ads
6729,2025-08-29,Chennai,27,Female,Influencer
6730,2025-01-02,Noida,55,Male,Meta Ads
6731,2026-05-02,Kolkata,46,Female,Organic
6732,2025-10-15,Bengaluru,26,Female,Organic
6733,2025-01-20,Bengaluru,48,Female,Affiliate
6734,2026-04-19,Mumbai,35,Female,Meta Ads
6735,2026-04-12,Bengaluru,51,Female,Organic
6736,2025-01-07,Pune,26,Female,Organic
6737,2025-03-30,Bengaluru,29,Female,Meta Ads
6738,2025-07-18,Noida,32,Female,Influencer
6739,2025-10-04,Hyderabad,36,Female,Meta Ads
6740,2026-01-31,Gurugram,42,Female,Google Ads
6741,2025-08-20,Noida,27,Male,Organic
6742,2025-11-30,Kolkata,45,Female,Google Ads
6743,2025-01-06,Mumbai,20,Female,Affiliate
6744,2025-12-25,Hyderabad,31,Female,Meta Ads
6745,2026-05-14,Noida,43,Female,Meta Ads
6746,2025-10-14,Mumbai,29,Male,Organic
6747,2025-09-05,Mumbai,35,Female,Affiliate
6748,2025-06-11,Noida,41,Male,Organic
6749,2026-06-05,Jaipur,28,Female,Google Ads
6750,2025-01-19,Mumbai,54,Male,Meta Ads
6751,2025-06-06,Hyderabad,50,Male,Organic
6752,2025-03-17,Hyderabad,54,Female,Influencer
6753,2026-04-18,Bengaluru,37,Male,Organic
6754,2025-09-21,Hyderabad,32,Male,Email
6755,2026-05-18,Hyderabad,55,Male,Meta Ads
6756,2025-12-29,Delhi,46,Other,Meta Ads
6757,2025-10-31,Pune,48,Female,Meta Ads
6758,2025-10-10,Noida,26,Other,Google Ads
6759,2025-04-21,Bengaluru,51,Male,Google Ads
6760,2025-11-03,Mumbai,39,Male,Organic
6761,2026-01-09,Bengaluru,47,Male,Email
6762,2026-06-11,Delhi,49,Male,Google Ads
6763,2025-10-27,Chennai,23,Male,Affiliate
6764,2026-05-27,Bengaluru,23,Male,Google Ads
6765,2026-05-30,Delhi,22,Male,Organic
6766,2025-10-12,Delhi,43,Female,Affiliate
6767,2025-08-28,Hyderabad,52,Male,Affiliate
6768,2025-03-19,Pune,21,Female,Affiliate
6769,2025-05-27,Hyderabad,24,Male,Affiliate
6770,2026-04-25,Chennai,37,Female,Meta Ads
6771,2025-03-17,Chennai,34,Female,Organic
6772,2025-08-05,Kolkata,23,Female,Affiliate
6773,2026-01-16,Jaipur,41,Female,Meta Ads
6774,2025-05-12,Kolkata,52,Male,Organic
6775,2026-06-15,Chennai,27,Male,Google Ads
6776,2025-12-20,Bengaluru,20,Female,Email
6777,2025-01-16,Hyderabad,28,Female,Google Ads
6778,2025-05-15,Pune,26,Female,Organic
6779,2026-02-08,Noida,36,Female,Meta Ads
6780,2026-04-16,Pune,23,Female,Google Ads
6781,2026-05-21,Hyderabad,32,Other,Meta Ads
6782,2026-04-09,Hyderabad,24,Male,Organic
6783,2025-02-10,Kolkata,44,Male,Influencer
6784,2026-02-02,Pune,36,Female,Google Ads
6785,2025-03-02,Jaipur,22,Female,Google Ads
6786,2025-02-11,Jaipur,21,Male,Organic
6787,2026-01-13,Kolkata,37,Male,Email
6788,2025-09-18,Gurugram,41,Female,Meta Ads
6789,2025-12-20,Noida,26,Female,Organic
6790,2026-04-10,Gurugram,31,Female,Affiliate
6791,2025-02-07,Chennai,41,Male,Meta Ads
6792,2025-10-15,Kolkata,36,Male,Meta Ads
6793,2026-03-31,Kolkata,24,Female,Google Ads
6794,2025-08-28,Pune,34,Male,Influencer
6795,2025-10-13,Pune,27,Female,Affiliate
6796,2025-09-29,Jaipur,53,Female,Email
6797,2026-05-10,Pune,48,Male,Influencer
6798,2025-01-28,Noida,31,Female,Google Ads
6799,2026-04-24,Hyderabad,28,Male,Organic
6800,2026-03-21,Mumbai,24,Female,Organic
6801,2026-03-19,Pune,46,Female,Affiliate
6802,2025-08-13,Pune,53,Female,Organic
6803,2025-10-09,Gurugram,29,Female,Google Ads
6804,2025-07-21,Gurugram,43,Male,Google Ads
6805,2025-05-18,Delhi,28,Female,Google Ads
6806,2026-04-23,Gurugram,53,Male,Affiliate
6807,2025-10-03,Kolkata,30,Other,Meta Ads
6808,2026-01-30,Pune,23,Male,Email
6809,2025-02-24,Jaipur,51,Female,Google Ads
6810,2026-03-06,Jaipur,54,Male,Meta Ads
6811,2025-12-26,Kolkata,34,Male,Meta Ads
6812,2026-06-28,Noida,52,Male,Email
6813,2025-03-15,Mumbai,28,Male,Meta Ads
6814,2025-10-22,Delhi,29,Male,Google Ads
6815,2025-10-06,Delhi,39,Male,Google Ads
6816,2025-10-21,Gurugram,41,Female,Influencer
6817,2025-01-30,Gurugram,33,Male,Organic
6818,2025-09-15,Delhi,48,Male,Organic
6819,2025-06-13,Kolkata,48,Female,Influencer
6820,2025-12-03,Hyderabad,24,Female,Email
6821,2025-05-07,Pune,55,Male,Organic
6822,2025-08-26,Pune,25,Male,Email
6823,2025-12-04,Jaipur,38,Female,Google Ads
6824,2025-02-04,Noida,35,Female,Meta Ads
6825,2026-03-05,Mumbai,36,Female,Affiliate
6826,2026-01-26,Mumbai,24,Female,Meta Ads
6827,2025-02-01,Hyderabad,32,Other,Google Ads
6828,2025-02-05,Hyderabad,21,Female,Affiliate
6829,2026-04-09,Chennai,55,Other,Google Ads
6830,2025-06-04,Hyderabad,25,Female,Organic
6831,2026-04-15,Gurugram,37,Female,Organic
6832,2025-09-30,Hyderabad,27,Female,Meta Ads
6833,2025-07-06,Jaipur,26,Female,Google Ads
6834,2025-05-30,Hyderabad,34,Male,Meta Ads
6835,2025-12-26,Hyderabad,54,Male,Organic
6836,2025-03-01,Noida,37,Male,Affiliate
6837,2025-08-08,Delhi,54,Male,Affiliate
6838,2025-07-08,Gurugram,49,Female,Google Ads
6839,2025-03-26,Delhi,35,Female,Google Ads
6840,2025-07-12,Bengaluru,52,Male,Organic
6841,2025-10-16,Kolkata,32,Male,Organic
6842,2026-01-05,Bengaluru,38,Male,Google Ads
6843,2025-02-17,Pune,44,Female,Google Ads
6844,2026-04-21,Kolkata,41,Female,Google Ads
6845,2026-04-24,Chennai,49,Male,Meta Ads
6846,2026-01-13,Pune,25,Male,Organic
6847,2026-05-19,Chennai,37,Female,Influencer
6848,2025-08-22,Gurugram,43,Female,Google Ads
6849,2026-03-24,Bengaluru,31,Female,Email
6850,2026-02-01,Mumbai,51,Male,Meta Ads
6851,2025-11-03,Chennai,30,Male,Meta Ads
6852,2025-04-08,Bengaluru,30,Female,Google Ads
6853,2025-10-31,Jaipur,31,Male,Meta Ads
6854,2026-05-07,Noida,44,Female,Meta Ads
6855,2026-06-21,Noida,24,Female,Organic
6856,2025-09-02,Chennai,25,Male,Organic
6857,2025-05-16,Chennai,48,Female,Organic
6858,2026-02-12,Pune,27,Female,Email
6859,2025-02-11,Mumbai,23,Female,Meta Ads
6860,2025-03-24,Delhi,29,Male,Google Ads
6861,2025-11-03,Mumbai,34,Female,Google Ads
6862,2026-06-24,Bengaluru,21,Male,Google Ads
6863,2025-06-29,Bengaluru,50,Female,Google Ads
6864,2025-08-30,Jaipur,24,Female,Influencer
6865,2025-06-25,Kolkata,34,Male,Influencer
6866,2025-08-29,Chennai,27,Female,Organic
6867,2025-01-04,Delhi,30,Female,Organic
6868,2025-11-21,Noida,21,Female,Organic
6869,2025-11-21,Bengaluru,54,Male,Organic
6870,2025-06-21,Pune,53,Female,Organic
6871,2025-05-24,Pune,24,Female,Google Ads
6872,2026-02-20,Gurugram,27,Male,Influencer
6873,2025-04-13,Noida,51,Male,Organic
6874,2025-01-26,Mumbai,34,Female,Google Ads
6875,2025-01-23,Chennai,22,Female,Email
6876,2026-04-26,Jaipur,24,Male,Affiliate
6877,2025-07-18,Jaipur,34,Female,Influencer
6878,2025-02-25,Hyderabad,40,Male,Meta Ads
6879,2026-04-25,Delhi,42,Female,Meta Ads
6880,2025-03-22,Jaipur,25,Female,Meta Ads
6881,2025-07-03,Noida,33,Male,Meta Ads
6882,2025-01-12,Gurugram,29,Other,Google Ads
6883,2026-01-06,Jaipur,39,Female,Google Ads
6884,2026-01-17,Hyderabad,31,Male,Meta Ads
6885,2026-02-17,Noida,27,Female,Meta Ads
6886,2025-05-24,Hyderabad,49,Female,Organic
6887,2025-06-28,Delhi,40,Female,Email
6888,2026-05-27,Mumbai,37,Male,Meta Ads
6889,2026-03-24,Jaipur,24,Male,Meta Ads
6890,2025-01-21,Gurugram,22,Female,Affiliate
6891,2026-01-13,Kolkata,48,Female,Meta Ads
6892,2026-03-19,Hyderabad,54,Male,Email
6893,2025-11-01,Pune,41,Male,Google Ads
6894,2025-12-15,Chennai,21,Male,Google Ads
6895,2025-01-01,Hyderabad,37,Male,Influencer
6896,2025-01-17,Delhi,30,Female,Meta Ads
6897,2025-01-20,Jaipur,21,Male,Meta Ads
6898,2025-03-28,Bengaluru,25,Female,Google Ads
6899,2026-06-25,Pune,37,Female,Email
6900,2025-12-12,Hyderabad,35,Male,Organic
6901,2026-03-03,Pune,40,Female,Organic
6902,2025-06-11,Mumbai,44,Male,Affiliate
6903,2026-05-26,Kolkata,29,Male,Meta Ads
6904,2025-04-19,Gurugram,30,Female,Meta Ads
6905,2026-05-07,Pune,44,Female,Influencer
6906,2025-01-17,Hyderabad,27,Male,Meta Ads
6907,2025-01-12,Hyderabad,22,Female,Affiliate
6908,2025-02-12,Delhi,50,Male,Organic
6909,2026-03-08,Mumbai,27,Male,Google Ads
6910,2025-05-21,Delhi,24,Female,Influencer
6911,2025-09-03,Hyderabad,46,Female,Meta Ads
6912,2025-09-14,Pune,39,Female,Organic
6913,2026-03-07,Hyderabad,25,Male,Meta Ads
6914,2025-07-10,Chennai,50,Male,Email
6915,2025-01-04,Mumbai,28,Male,Email
6916,2025-07-30,Mumbai,44,Female,Meta Ads
6917,2025-06-07,Bengaluru,43,Female,Influencer
6918,2026-02-03,Gurugram,49,Male,Google Ads
6919,2026-02-14,Kolkata,46,Female,Meta Ads
6920,2025-02-20,Kolkata,45,Female,Google Ads
6921,2026-03-09,Bengaluru,21,Male,Organic
6922,2025-02-08,Chennai,53,Male,Meta Ads
6923,2025-12-04,Delhi,24,Female,Email
6924,2025-08-01,Noida,29,Male,Organic
6925,2025-06-14,Gurugram,36,Male,Organic
6926,2025-09-21,Mumbai,30,Male,Influencer
6927,2025-06-19,Gurugram,41,Female,Affiliate
6928,2026-03-09,Hyderabad,21,Female,Meta Ads
6929,2026-06-11,Chennai,36,Female,Organic
6930,2026-03-21,Bengaluru,32,Male,Google Ads
6931,2025-08-28,Bengaluru,43,Female,Google Ads
6932,2025-10-02,Delhi,38,Male,Meta Ads
6933,2025-09-01,Gurugram,47,Female,Meta Ads
6934,2026-03-09,Kolkata,25,Other,Email
6935,2025-10-29,Kolkata,54,Female,Meta Ads
6936,2025-09-13,Noida,34,Male,Organic
6937,2025-08-12,Delhi,32,Female,Influencer
6938,2025-07-24,Kolkata,39,Male,Google Ads
6939,2025-10-29,Noida,25,Male,Meta Ads
6940,2026-01-11,Hyderabad,49,Female,Google Ads
6941,2025-08-24,Kolkata,29,Male,Google Ads
6942,2026-03-16,Chennai,53,Male,Influencer
6943,2026-03-27,Hyderabad,25,Female,Google Ads
6944,2025-08-22,Mumbai,51,Female,Google Ads
6945,2026-05-11,Chennai,34,Female,Meta Ads
6946,2025-04-05,Pune,41,Male,Meta Ads
6947,2026-05-24,Kolkata,51,Female,Email
6948,2025-06-10,Hyderabad,24,Male,Influencer
6949,2025-11-04,Jaipur,32,Female,Organic
6950,2025-06-04,Chennai,54,Male,Meta Ads
6951,2025-08-29,Delhi,25,Male,Organic
6952,2025-07-05,Gurugram,23,Female,Affiliate
6953,2026-01-20,Chennai,38,Male,Google Ads
6954,2025-02-14,Noida,20,Female,Organic
6955,2026-04-02,Chennai,55,Male,Organic
6956,2026-05-08,Mumbai,52,Male,Organic
6957,2025-11-03,Gurugram,26,Male,Google Ads
6958,2025-10-26,Hyderabad,26,Male,Organic
6959,2026-01-17,Jaipur,48,Male,Affiliate
6960,2025-04-19,Kolkata,38,Male,Organic
6961,2026-02-13,Bengaluru,49,Male,Google Ads
6962,2025-04-30,Delhi,54,Female,Google Ads
6963,2026-01-04,Kolkata,34,Female,Organic
6964,2025-06-16,Kolkata,29,Male,Organic
6965,2026-02-11,Pune,42,Male,Influencer
6966,2026-03-08,Pune,42,Male,Meta Ads
6967,2025-04-24,Hyderabad,35,Male,Google Ads
6968,2025-12-03,Delhi,30,Female,Organic
6969,2025-09-29,Noida,29,Male,Organic
6970,2025-06-10,Noida,38,Other,Email
6971,2025-11-17,Jaipur,35,Female,Organic
6972,2026-06-26,Delhi,36,Male,Meta Ads
6973,2025-01-02,Hyderabad,23,Male,Google Ads
6974,2026-06-06,Mumbai,51,Male,Google Ads
6975,2026-04-12,Delhi,45,Male,Meta Ads
6976,2025-10-16,Jaipur,53,Female,Organic
6977,2025-11-29,Delhi,49,Male,Meta Ads
6978,2025-07-21,Kolkata,42,Male,Affiliate
6979,2025-03-12,Chennai,31,Male,Google Ads
6980,2025-11-08,Chennai,43,Female,Organic
6981,2026-03-21,Noida,40,Male,Email
6982,2025-05-06,Kolkata,53,Female,Google Ads
6983,2026-01-26,Hyderabad,28,Male,Email
6984,2026-02-12,Bengaluru,20,Male,Influencer
6985,2026-02-18,Pune,24,Male,Influencer
6986,2025-07-05,Mumbai,26,Female,Meta Ads
6987,2025-08-02,Gurugram,43,Male,Email
6988,2025-08-15,Gurugram,25,Female,Google Ads
6989,2026-04-11,Hyderabad,24,Male,Meta Ads
6990,2026-05-06,Pune,34,Male,Meta Ads
6991,2025-08-14,Gurugram,48,Male,Influencer
6992,2026-06-13,Gurugram,35,Female,Organic
6993,2025-11-07,Jaipur,29,Female,Google Ads
6994,2025-07-29,Hyderabad,30,Female,Influencer
6995,2025-01-01,Kolkata,49,Female,Organic
6996,2025-11-30,Mumbai,35,Male,Google Ads
6997,2025-12-18,Gurugram,33,Female,Affiliate
6998,2026-06-12,Gurugram,47,Male,Email
6999,2026-01-27,Hyderabad,33,Male,Meta Ads
7000,2025-01-17,Chennai,32,Female,Google Ads
7001,2025-11-06,Hyderabad,47,Male,Meta Ads
7002,2026-02-09,Gurugram,31,Male,Google Ads
7003,2025-09-28,Jaipur,38,Female,Affiliate
7004,2025-08-22,Hyderabad,43,Male,Meta Ads
7005,2026-03-18,Mumbai,27,Male,Meta Ads
7006,2025-11-30,Delhi,24,Female,Influencer
7007,2026-01-07,Hyderabad,50,Male,Influencer
7008,2025-09-10,Pune,30,Male,Affiliate
7009,2025-06-01,Jaipur,32,Male,Affiliate
7010,2025-10-10,Gurugram,41,Female,Influencer
7011,2026-06-07,Noida,23,Female,Affiliate
7012,2025-11-25,Jaipur,21,Female,Meta Ads
7013,2026-01-21,Hyderabad,34,Male,Google Ads
7014,2025-03-09,Delhi,54,Male,Google Ads
7015,2026-06-23,Noida,40,Male,Meta Ads
7016,2025-05-14,Bengaluru,40,Female,Meta Ads
7017,2026-06-14,Pune,41,Female,Meta Ads
7018,2025-08-31,Gurugram,50,Female,Google Ads
7019,2026-05-16,Mumbai,50,Male,Email
7020,2026-05-02,Chennai,20,Female,Meta Ads
7021,2026-02-16,Jaipur,39,Male,Meta Ads
7022,2026-05-15,Bengaluru,39,Male,Organic
7023,2025-11-29,Bengaluru,28,Female,Meta Ads
7024,2026-04-08,Mumbai,55,Female,Meta Ads
7025,2025-04-04,Noida,29,Female,Google Ads
7026,2025-02-08,Delhi,50,Male,Organic
7027,2025-10-24,Kolkata,23,Female,Affiliate
7028,2026-03-18,Delhi,41,Male,Google Ads
7029,2026-02-22,Kolkata,46,Male,Affiliate
7030,2025-10-15,Gurugram,38,Male,Affiliate
7031,2025-10-11,Pune,23,Male,Influencer
7032,2025-11-29,Jaipur,24,Female,Affiliate
7033,2026-04-19,Chennai,41,Male,Email
7034,2026-04-04,Chennai,51,Male,Google Ads
7035,2025-03-01,Gurugram,41,Male,Google Ads
7036,2025-11-21,Hyderabad,23,Female,Google Ads
7037,2025-07-27,Pune,48,Female,Meta Ads
7038,2026-03-12,Bengaluru,36,Female,Influencer
7039,2025-10-03,Delhi,22,Male,Google Ads
7040,2026-06-25,Jaipur,33,Male,Email
7041,2025-08-24,Noida,27,Male,Influencer
7042,2026-01-06,Jaipur,55,Female,Google Ads
7043,2025-03-01,Jaipur,52,Male,Google Ads
7044,2026-05-24,Delhi,23,Female,Meta Ads
7045,2025-03-25,Chennai,40,Female,Google Ads
7046,2025-07-26,Pune,20,Female,Meta Ads
7047,2026-04-02,Gurugram,36,Female,Meta Ads
7048,2026-06-12,Kolkata,25,Male,Email
7049,2025-09-21,Noida,46,Male,Google Ads
7050,2025-09-22,Gurugram,22,Male,Organic
7051,2025-01-27,Jaipur,52,Male,Google Ads
7052,2026-06-18,Chennai,28,Female,Meta Ads
7053,2025-01-09,Noida,29,Male,Google Ads
7054,2025-01-15,Noida,51,Female,Affiliate
7055,2025-09-16,Gurugram,52,Female,Organic
7056,2025-01-02,Delhi,23,Male,Google Ads
7057,2025-03-31,Noida,23,Male,Organic
7058,2025-12-09,Hyderabad,50,Male,Meta Ads
7059,2026-01-20,Delhi,55,Male,Affiliate
7060,2025-06-12,Gurugram,37,Female,Influencer
7061,2026-03-10,Mumbai,25,Female,Google Ads
7062,2025-11-28,Jaipur,25,Female,Meta Ads
7063,2025-05-05,Jaipur,29,Male,Meta Ads
7064,2026-01-24,Kolkata,44,Female,Organic
7065,2025-11-19,Mumbai,23,Female,Google Ads
7066,2026-03-19,Hyderabad,43,Other,Email
7067,2025-03-26,Hyderabad,48,Female,Affiliate
7068,2025-05-06,Kolkata,25,Female,Meta Ads
7069,2025-06-15,Chennai,55,Male,Affiliate
7070,2025-07-06,Jaipur,55,Female,Google Ads
7071,2026-04-30,Hyderabad,30,Male,Influencer
7072,2026-02-04,Jaipur,24,Male,Affiliate
7073,2025-10-24,Chennai,31,Male,Meta Ads
7074,2025-10-22,Chennai,29,Male,Google Ads
7075,2026-04-28,Pune,30,Male,Email
7076,2025-09-01,Mumbai,53,Male,Organic
7077,2025-05-03,Pune,25,Female,Google Ads
7078,2025-03-16,Mumbai,31,Female,Influencer
7079,2025-06-29,Pune,48,Female,Organic
7080,2025-12-23,Gurugram,22,Female,Influencer
7081,2025-09-14,Chennai,22,Male,Meta Ads
7082,2025-08-18,Hyderabad,30,Female,Meta Ads
7083,2025-09-19,Chennai,54,Female,Google Ads
7084,2026-06-16,Gurugram,50,Male,Meta Ads
7085,2026-06-28,Chennai,53,Other,Google Ads
7086,2025-03-29,Kolkata,51,Female,Google Ads
7087,2025-03-04,Noida,24,Male,Organic
7088,2025-05-14,Mumbai,34,Female,Google Ads
7089,2026-04-10,Pune,39,Male,Google Ads
7090,2025-09-08,Kolkata,25,Female,Email
7091,2026-04-16,Chennai,55,Female,Organic
7092,2025-12-19,Bengaluru,41,Male,Organic
7093,2025-10-29,Gurugram,50,Female,Email
7094,2025-06-03,Jaipur,29,Female,Google Ads
7095,2025-07-07,Kolkata,45,Male,Email
7096,2025-03-22,Kolkata,23,Female,Organic
7097,2025-10-10,Mumbai,20,Female,Meta Ads
7098,2025-06-02,Bengaluru,43,Female,Google Ads
7099,2025-06-09,Gurugram,22,Female,Influencer
7100,2025-01-22,Jaipur,29,Male,Google Ads
7101,2026-03-12,Kolkata,48,Male,Meta Ads
7102,2026-05-27,Noida,37,Female,Google Ads
7103,2025-09-29,Gurugram,33,Male,Affiliate
7104,2025-10-20,Hyderabad,30,Male,Email
7105,2026-05-20,Bengaluru,44,Female,Influencer
7106,2025-10-06,Bengaluru,54,Female,Affiliate
7107,2025-12-06,Mumbai,46,Female,Organic
7108,2025-08-22,Pune,32,Female,Google Ads
7109,2025-10-08,Kolkata,35,Female,Meta Ads
7110,2025-10-12,Jaipur,23,Female,Affiliate
7111,2026-01-23,Bengaluru,25,Male,Influencer
7112,2025-11-26,Kolkata,29,Male,Affiliate
7113,2025-10-02,Pune,33,Male,Influencer
7114,2025-02-11,Noida,55,Male,Organic
7115,2026-05-08,Chennai,51,Male,Meta Ads
7116,2026-04-30,Mumbai,24,Female,Email
7117,2025-04-11,Pune,31,Female,Meta Ads
7118,2025-06-09,Chennai,22,Female,Google Ads
7119,2026-06-15,Jaipur,22,Male,Meta Ads
7120,2025-06-24,Jaipur,33,Male,Google Ads
7121,2026-03-19,Kolkata,54,Male,Google Ads
7122,2026-03-05,Hyderabad,26,Male,Meta Ads
7123,2026-04-15,Bengaluru,44,Male,Organic
7124,2025-01-09,Bengaluru,34,Other,Organic
7125,2025-09-21,Jaipur,39,Male,Email
7126,2025-11-05,Gurugram,51,Female,Organic
7127,2026-04-02,Hyderabad,49,Male,Meta Ads
7128,2025-05-03,Pune,49,Female,Meta Ads
7129,2025-06-17,Delhi,34,Female,Email
7130,2025-04-09,Pune,21,Female,Google Ads
7131,2026-02-20,Gurugram,55,Male,Email
7132,2026-06-29,Gurugram,55,Female,Organic
7133,2025-03-18,Pune,50,Male,Meta Ads
7134,2025-05-08,Delhi,37,Female,Affiliate
7135,2025-06-17,Noida,30,Male,Meta Ads
7136,2026-04-30,Bengaluru,26,Female,Email
7137,2025-08-31,Hyderabad,33,Female,Affiliate
7138,2025-06-03,Noida,32,Female,Organic
7139,2025-06-25,Mumbai,29,Female,Email
7140,2025-11-22,Mumbai,54,Male,Organic
7141,2025-07-30,Hyderabad,43,Female,Google Ads
7142,2025-03-18,Mumbai,28,Male,Organic
7143,2026-03-23,Delhi,43,Male,Organic
7144,2025-08-19,Hyderabad,45,Male,Google Ads
7145,2025-05-20,Kolkata,38,Male,Google Ads
7146,2026-02-01,Hyderabad,54,Male,Influencer
7147,2026-02-11,Mumbai,54,Female,Google Ads
7148,2025-03-26,Bengaluru,35,Male,Affiliate
7149,2025-02-10,Noida,37,Female,Meta Ads
7150,2025-01-25,Gurugram,27,Male,Meta Ads
7151,2026-02-22,Bengaluru,48,Female,Email
7152,2025-12-08,Hyderabad,53,Male,Organic
7153,2026-03-08,Bengaluru,43,Male,Meta Ads
7154,2025-12-08,Jaipur,27,Female,Meta Ads
7155,2025-08-07,Pune,38,Female,Meta Ads
7156,2025-11-18,Delhi,48,Other,Organic
7157,2026-01-29,Hyderabad,21,Male,Meta Ads
7158,2025-08-06,Hyderabad,41,Female,Email
7159,2026-05-14,Delhi,43,Female,Meta Ads
7160,2026-05-06,Mumbai,39,Female,Meta Ads
7161,2026-03-13,Kolkata,43,Male,Meta Ads
7162,2026-06-25,Mumbai,52,Male,Google Ads
7163,2025-08-01,Bengaluru,24,Male,Organic
7164,2025-03-04,Gurugram,40,Female,Influencer
7165,2025-09-21,Delhi,48,Male,Google Ads
7166,2026-02-11,Mumbai,49,Male,Google Ads
7167,2026-03-01,Chennai,36,Female,Influencer
7168,2025-07-31,Jaipur,55,Female,Meta Ads
7169,2025-06-09,Pune,31,Female,Meta Ads
7170,2025-08-31,Kolkata,35,Female,Organic
7171,2026-03-15,Pune,49,Male,Meta Ads
7172,2025-02-03,Pune,35,Female,Meta Ads
7173,2025-06-28,Bengaluru,32,Male,Influencer
7174,2025-05-06,Delhi,40,Male,Email
7175,2026-03-16,Bengaluru,42,Male,Organic
7176,2025-09-13,Kolkata,54,Male,Google Ads
7177,2025-02-17,Hyderabad,42,Female,Meta Ads
7178,2025-05-23,Chennai,26,Female,Affiliate
7179,2025-01-25,Delhi,21,Male,Influencer
7180,2025-09-17,Gurugram,54,Male,Affiliate
7181,2026-06-28,Gurugram,35,Male,Google Ads
7182,2025-11-06,Mumbai,27,Male,Affiliate
7183,2026-04-19,Jaipur,28,Female,Google Ads
7184,2026-02-09,Bengaluru,23,Female,Email
7185,2026-04-27,Pune,27,Male,Organic
7186,2025-06-19,Pune,48,Male,Meta Ads
7187,2026-06-03,Bengaluru,43,Female,Meta Ads
7188,2025-05-11,Jaipur,41,Female,Organic
7189,2025-08-27,Gurugram,20,Female,Affiliate
7190,2026-01-07,Delhi,44,Male,Google Ads
7191,2025-06-06,Chennai,54,Female,Google Ads
7192,2025-05-25,Pune,53,Male,Organic
7193,2025-03-12,Gurugram,34,Female,Google Ads
7194,2025-01-03,Kolkata,41,Male,Google Ads
7195,2025-10-01,Noida,30,Female,Google Ads
7196,2026-06-22,Gurugram,51,Male,Google Ads
7197,2025-04-30,Noida,53,Female,Meta Ads
7198,2025-08-28,Noida,28,Male,Influencer
7199,2026-05-25,Chennai,37,Female,Affiliate
7200,2026-02-25,Chennai,28,Male,Email
7201,2025-01-03,Pune,42,Female,Google Ads
7202,2025-09-30,Kolkata,30,Male,Organic
7203,2025-03-20,Delhi,45,Female,Meta Ads
7204,2025-05-15,Pune,55,Female,Organic
7205,2025-05-15,Noida,51,Male,Meta Ads
7206,2025-11-30,Jaipur,26,Male,Organic
7207,2025-04-19,Pune,24,Male,Google Ads
7208,2025-05-18,Chennai,49,Male,Affiliate
7209,2025-05-04,Hyderabad,22,Female,Organic
7210,2025-07-14,Mumbai,34,Male,Meta Ads
7211,2025-12-24,Pune,55,Male,Influencer
7212,2025-08-06,Kolkata,36,Male,Google Ads
7213,2025-06-28,Noida,20,Male,Google Ads
7214,2025-10-10,Kolkata,55,Male,Organic
7215,2025-12-02,Chennai,45,Female,Organic
7216,2025-01-09,Delhi,31,Male,Google Ads
7217,2026-05-01,Jaipur,41,Female,Google Ads
7218,2026-05-15,Noida,42,Female,Google Ads
7219,2025-11-25,Pune,39,Male,Google Ads
7220,2025-11-10,Noida,54,Female,Meta Ads
7221,2026-01-14,Noida,48,Female,Google Ads
7222,2025-08-29,Pune,29,Female,Email
7223,2025-07-19,Pune,55,Male,Organic
7224,2025-07-12,Pune,54,Female,Organic
7225,2025-03-29,Mumbai,21,Male,Influencer
7226,2026-04-04,Kolkata,30,Female,Google Ads
7227,2025-06-24,Delhi,42,Male,Google Ads
7228,2025-06-04,Kolkata,51,Male,Google Ads
7229,2026-06-10,Mumbai,45,Female,Meta Ads
7230,2025-10-04,Pune,40,Male,Email
7231,2025-12-05,Jaipur,31,Male,Google Ads
7232,2025-05-14,Gurugram,23,Female,Organic
7233,2025-06-01,Bengaluru,52,Male,Influencer
7234,2026-02-01,Kolkata,39,Male,Google Ads
7235,2025-09-03,Kolkata,36,Male,Google Ads
7236,2025-03-22,Gurugram,55,Female,Organic
7237,2026-04-01,Hyderabad,25,Female,Organic
7238,2025-08-08,Mumbai,29,Female,Google Ads
7239,2025-12-31,Hyderabad,50,Female,Organic
7240,2025-07-05,Mumbai,30,Female,Google Ads
7241,2025-11-02,Delhi,53,Female,Organic
7242,2026-02-27,Jaipur,50,Female,Organic
7243,2026-04-28,Pune,23,Female,Google Ads
7244,2025-04-24,Bengaluru,36,Female,Meta Ads
7245,2026-01-02,Noida,47,Male,Organic
7246,2025-12-17,Delhi,37,Male,Email
7247,2025-03-19,Bengaluru,27,Male,Affiliate
7248,2025-04-14,Pune,21,Female,Email
7249,2025-04-21,Gurugram,20,Other,Affiliate
7250,2025-02-27,Chennai,26,Female,Organic
7251,2026-02-15,Mumbai,29,Female,Organic
7252,2026-06-11,Delhi,30,Female,Google Ads
7253,2025-10-09,Hyderabad,50,Female,Meta Ads
7254,2025-11-23,Noida,38,Female,Email
7255,2026-02-26,Delhi,25,Male,Google Ads
7256,2025-08-15,Noida,22,Female,Google Ads
7257,2025-09-15,Gurugram,24,Male,Google Ads
7258,2025-11-18,Hyderabad,31,Male,Influencer
7259,2025-06-16,Jaipur,46,Male,Organic
7260,2025-02-03,Gurugram,21,Male,Affiliate
7261,2025-11-06,Delhi,34,Male,Influencer
7262,2026-03-25,Noida,36,Male,Organic
7263,2025-02-09,Mumbai,25,Female,Email
7264,2025-04-29,Gurugram,22,Male,Meta Ads
7265,2025-05-24,Mumbai,28,Female,Organic
7266,2026-03-15,Jaipur,25,Male,Affiliate
7267,2025-10-03,Mumbai,48,Other,Affiliate
7268,2025-10-19,Pune,53,Female,Meta Ads
7269,2025-12-18,Pune,42,Female,Organic
7270,2025-05-31,Noida,47,Female,Meta Ads
7271,2026-01-24,Gurugram,47,Female,Meta Ads
7272,2025-01-17,Bengaluru,51,Male,Meta Ads
7273,2025-03-03,Bengaluru,23,Male,Google Ads
7274,2026-03-21,Delhi,55,Female,Google Ads
7275,2025-12-25,Pune,36,Male,Organic
7276,2025-04-07,Mumbai,39,Male,Google Ads
7277,2025-08-28,Mumbai,48,Female,Influencer
7278,2025-01-29,Pune,37,Male,Google Ads
7279,2026-01-02,Jaipur,29,Female,Google Ads
7280,2026-02-16,Kolkata,20,Male,Meta Ads
7281,2025-07-10,Jaipur,26,Male,Google Ads
7282,2025-05-10,Bengaluru,23,Male,Google Ads
7283,2025-08-01,Noida,33,Female,Google Ads
7284,2025-05-29,Gurugram,48,Female,Email
7285,2025-05-15,Mumbai,32,Female,Meta Ads
7286,2025-08-23,Mumbai,41,Male,Email
7287,2026-04-14,Gurugram,26,Male,Google Ads
7288,2026-02-20,Noida,41,Female,Google Ads
7289,2025-06-12,Noida,54,Male,Google Ads
7290,2026-05-29,Pune,31,Male,Google Ads
7291,2025-04-25,Bengaluru,37,Male,Affiliate
7292,2026-05-12,Delhi,54,Female,Meta Ads
7293,2025-06-18,Hyderabad,41,Male,Organic
7294,2025-10-22,Kolkata,34,Male,Affiliate
7295,2025-04-21,Bengaluru,24,Female,Google Ads
7296,2026-02-20,Mumbai,53,Female,Affiliate
7297,2025-06-23,Gurugram,41,Female,Organic
7298,2026-04-21,Mumbai,22,Female,Organic
7299,2025-02-15,Gurugram,39,Female,Affiliate
7300,2025-10-01,Jaipur,54,Female,Google Ads
7301,2025-03-28,Jaipur,53,Female,Email
7302,2026-04-30,Mumbai,27,Male,Meta Ads
7303,2025-08-16,Jaipur,34,Male,Organic
7304,2026-01-03,Kolkata,55,Female,Google Ads
7305,2026-04-25,Delhi,48,Female,Google Ads
7306,2025-10-19,Bengaluru,40,Male,Influencer
7307,2025-02-01,Pune,30,Female,Meta Ads
7308,2025-05-01,Bengaluru,47,Female,Google Ads
7309,2025-04-26,Bengaluru,40,Male,Google Ads
7310,2026-05-14,Bengaluru,38,Female,Email
7311,2026-05-11,Pune,53,Male,Google Ads
7312,2025-09-17,Gurugram,33,Female,Google Ads
7313,2026-05-01,Hyderabad,42,Other,Influencer
7314,2025-05-15,Gurugram,21,Female,Google Ads
7315,2026-01-06,Kolkata,45,Female,Google Ads
7316,2025-08-02,Delhi,39,Female,Organic
7317,2025-05-12,Delhi,51,Male,Google Ads
7318,2025-05-17,Delhi,31,Female,Google Ads
7319,2025-08-17,Mumbai,53,Male,Email
7320,2025-07-05,Pune,40,Female,Organic
7321,2025-04-26,Jaipur,27,Female,Meta Ads
7322,2025-07-02,Bengaluru,25,Female,Affiliate
7323,2025-03-12,Noida,27,Male,Affiliate
7324,2026-06-13,Mumbai,30,Male,Organic
7325,2025-07-27,Noida,39,Male,Email
7326,2025-02-28,Bengaluru,51,Male,Affiliate
7327,2025-11-10,Chennai,55,Male,Google Ads
7328,2025-07-16,Delhi,44,Male,Email
7329,2026-04-06,Chennai,37,Female,Google Ads
7330,2025-11-29,Gurugram,42,Male,Google Ads
7331,2026-02-07,Pune,31,Female,Influencer
7332,2025-06-11,Kolkata,28,Male,Google Ads
7333,2025-01-21,Chennai,39,Female,Meta Ads
7334,2025-07-08,Pune,49,Female,Google Ads
7335,2026-05-19,Pune,22,Female,Email
7336,2026-03-07,Noida,23,Female,Affiliate
7337,2026-04-24,Noida,26,Female,Meta Ads
7338,2025-07-23,Mumbai,27,Male,Affiliate
7339,2025-06-25,Pune,25,Female,Meta Ads
7340,2026-05-20,Pune,24,Male,Influencer
7341,2025-11-08,Chennai,21,Female,Affiliate
7342,2025-06-12,Mumbai,32,Female,Google Ads
7343,2025-06-01,Kolkata,45,Male,Affiliate
7344,2026-04-24,Bengaluru,25,Female,Google Ads
7345,2025-01-30,Gurugram,31,Male,Meta Ads
7346,2025-02-03,Chennai,55,Female,Google Ads
7347,2026-02-07,Noida,26,Female,Meta Ads
7348,2025-01-01,Bengaluru,55,Female,Influencer
7349,2025-04-04,Chennai,38,Female,Organic
7350,2026-06-24,Chennai,46,Male,Email
7351,2025-08-21,Gurugram,31,Female,Influencer
7352,2026-02-01,Noida,31,Female,Meta Ads
7353,2025-09-23,Delhi,34,Male,Google Ads
7354,2025-02-19,Delhi,24,Male,Affiliate
7355,2025-04-11,Kolkata,31,Male,Google Ads
7356,2026-02-19,Chennai,52,Female,Affiliate
7357,2025-02-21,Hyderabad,20,Female,Google Ads
7358,2025-11-21,Hyderabad,40,Male,Meta Ads
7359,2025-07-09,Mumbai,44,Male,Meta Ads
7360,2025-07-21,Noida,25,Male,Meta Ads
7361,2026-06-03,Delhi,23,Male,Google Ads
7362,2025-11-27,Pune,39,Male,Google Ads
7363,2025-12-02,Delhi,27,Female,Google Ads
7364,2025-07-10,Noida,55,Male,Organic
7365,2025-07-27,Chennai,26,Female,Meta Ads
7366,2026-01-09,Hyderabad,24,Male,Google Ads
7367,2025-01-22,Bengaluru,31,Female,Google Ads
7368,2025-05-10,Gurugram,31,Male,Meta Ads
7369,2025-11-24,Noida,25,Male,Meta Ads
7370,2025-12-06,Bengaluru,43,Male,Meta Ads
7371,2025-02-20,Mumbai,32,Female,Google Ads
7372,2026-03-06,Hyderabad,38,Female,Influencer
7373,2025-10-23,Noida,28,Male,Meta Ads
7374,2025-05-10,Gurugram,23,Female,Meta Ads
7375,2026-02-14,Noida,22,Female,Organic
7376,2026-06-25,Bengaluru,21,Male,Meta Ads
7377,2025-08-19,Gurugram,51,Female,Google Ads
7378,2025-06-04,Gurugram,29,Male,Meta Ads
7379,2025-06-13,Hyderabad,31,Female,Email
7380,2025-11-19,Bengaluru,40,Female,Affiliate
7381,2025-01-26,Gurugram,23,Male,Meta Ads
7382,2025-09-21,Pune,41,Female,Affiliate
7383,2025-01-14,Mumbai,38,Male,Email
7384,2025-01-22,Mumbai,48,Female,Organic
7385,2025-08-23,Bengaluru,24,Female,Google Ads
7386,2026-02-11,Noida,20,Female,Affiliate
7387,2026-04-27,Bengaluru,47,Male,Google Ads
7388,2025-02-17,Hyderabad,33,Male,Meta Ads
7389,2025-05-14,Noida,22,Female,Email
7390,2025-08-18,Hyderabad,40,Female,Influencer
7391,2025-11-09,Delhi,36,Female,Meta Ads
7392,2026-06-22,Pune,54,Male,Google Ads
7393,2026-01-08,Delhi,53,Female,Influencer
7394,2025-10-21,Noida,39,Female,Affiliate
7395,2025-02-03,Mumbai,25,Female,Organic
7396,2025-02-14,Pune,46,Male,Meta Ads
7397,2025-03-25,Chennai,27,Male,Meta Ads
7398,2025-12-27,Bengaluru,50,Male,Influencer
7399,2025-06-30,Noida,41,Female,Google Ads
7400,2025-05-12,Mumbai,32,Female,Organic
7401,2026-01-01,Chennai,55,Female,Organic
7402,2026-03-21,Delhi,38,Male,Influencer
7403,2025-08-28,Chennai,33,Female,Email
7404,2026-04-26,Mumbai,26,Female,Meta Ads
7405,2026-02-05,Delhi,43,Male,Organic
7406,2026-01-26,Pune,29,Male,Influencer
7407,2026-04-18,Delhi,25,Male,Influencer
7408,2025-04-11,Mumbai,24,Female,Meta Ads
7409,2026-02-18,Noida,43,Male,Meta Ads
7410,2026-06-06,Hyderabad,53,Male,Organic
7411,2026-06-25,Delhi,29,Female,Email
7412,2025-11-12,Delhi,27,Female,Google Ads
7413,2026-02-16,Hyderabad,42,Female,Google Ads
7414,2026-04-30,Jaipur,25,Female,Google Ads
7415,2026-04-10,Delhi,23,Female,Google Ads
7416,2026-05-05,Bengaluru,42,Female,Meta Ads
7417,2026-03-30,Kolkata,38,Female,Influencer
7418,2025-07-27,Gurugram,21,Male,Organic
7419,2026-02-02,Bengaluru,28,Female,Google Ads
7420,2025-08-12,Kolkata,27,Female,Organic
7421,2026-03-13,Chennai,44,Female,Meta Ads
7422,2026-03-18,Gurugram,43,Male,Organic
7423,2026-05-25,Chennai,46,Male,Affiliate
7424,2025-11-17,Pune,23,Male,Google Ads
7425,2025-09-16,Hyderabad,50,Male,Influencer
7426,2025-04-01,Bengaluru,27,Male,Google Ads
7427,2025-12-14,Jaipur,55,Male,Organic
7428,2025-11-05,Kolkata,51,Male,Influencer
7429,2025-10-08,Jaipur,36,Female,Organic
7430,2026-01-04,Pune,48,Female,Google Ads
7431,2026-04-09,Mumbai,44,Female,Google Ads
7432,2025-03-23,Noida,47,Male,Google Ads
7433,2025-08-24,Noida,20,Male,Google Ads
7434,2026-01-29,Jaipur,23,Male,Google Ads
7435,2026-03-23,Mumbai,52,Female,Google Ads
7436,2026-03-01,Noida,48,Male,Email
7437,2026-03-12,Gurugram,42,Female,Google Ads
7438,2026-04-11,Delhi,31,Male,Meta Ads
7439,2026-06-09,Hyderabad,35,Male,Organic
7440,2025-11-28,Hyderabad,34,Male,Google Ads
7441,2025-05-16,Mumbai,35,Male,Organic
7442,2025-11-04,Chennai,42,Male,Organic
7443,2026-01-22,Bengaluru,47,Female,Email
7444,2025-02-24,Jaipur,33,Male,Meta Ads
7445,2026-02-17,Chennai,50,Male,Organic
7446,2026-05-26,Delhi,23,Male,Email
7447,2025-04-26,Gurugram,49,Other,Email
7448,2026-05-10,Chennai,44,Female,Affiliate
7449,2025-09-02,Hyderabad,38,Female,Affiliate
7450,2025-11-09,Chennai,33,Female,Meta Ads
7451,2025-12-26,Mumbai,33,Female,Meta Ads
7452,2025-11-12,Delhi,32,Male,Affiliate
7453,2026-05-08,Chennai,54,Female,Email
7454,2025-04-02,Chennai,20,Female,Organic
7455,2026-02-02,Pune,42,Male,Google Ads
7456,2026-06-16,Bengaluru,55,Male,Google Ads
7457,2025-04-30,Delhi,39,Female,Email
7458,2025-05-19,Chennai,43,Male,Affiliate
7459,2025-09-16,Pune,41,Male,Meta Ads
7460,2026-01-30,Pune,38,Male,Influencer
7461,2026-06-07,Noida,42,Male,Organic
7462,2026-03-10,Chennai,52,Female,Affiliate
7463,2026-03-09,Chennai,45,Female,Affiliate
7464,2025-08-29,Kolkata,50,Female,Meta Ads
7465,2025-12-18,Hyderabad,39,Male,Meta Ads
7466,2025-04-26,Chennai,47,Male,Google Ads
7467,2025-09-10,Bengaluru,51,Female,Meta Ads
7468,2025-04-13,Pune,27,Female,Google Ads
7469,2025-01-15,Pune,50,Male,Organic
7470,2026-04-12,Chennai,44,Female,Affiliate
7471,2026-03-15,Kolkata,35,Female,Google Ads
7472,2025-10-06,Delhi,47,Female,Meta Ads
7473,2025-01-08,Chennai,26,Male,Organic
7474,2025-02-19,Chennai,45,Male,Organic
7475,2025-03-02,Hyderabad,40,Female,Influencer
7476,2026-01-26,Hyderabad,51,Female,Google Ads
7477,2025-04-21,Chennai,42,Female,Google Ads
7478,2025-05-17,Bengaluru,38,Female,Affiliate
7479,2026-04-15,Bengaluru,38,Male,Google Ads
7480,2026-04-23,Kolkata,39,Female,Affiliate
7481,2026-02-20,Chennai,52,Female,Google Ads
7482,2025-06-18,Gurugram,48,Other,Meta Ads
7483,2025-11-13,Kolkata,23,Female,Email
7484,2025-04-20,Mumbai,39,Male,Organic
7485,2026-04-13,Noida,30,Female,Google Ads
7486,2025-02-16,Kolkata,25,Female,Affiliate
7487,2026-02-10,Gurugram,51,Male,Affiliate
7488,2025-10-06,Gurugram,50,Female,Affiliate
7489,2026-02-17,Gurugram,53,Male,Influencer
7490,2025-09-03,Bengaluru,34,Male,Affiliate
7491,2025-03-28,Noida,35,Female,Organic
7492,2026-02-14,Noida,48,Male,Email
7493,2025-12-10,Mumbai,26,Female,Affiliate
7494,2025-09-11,Gurugram,21,Female,Influencer
7495,2025-07-23,Noida,35,Female,Organic
7496,2025-07-07,Jaipur,42,Female,Google Ads
7497,2025-09-20,Hyderabad,36,Female,Google Ads
7498,2025-05-23,Delhi,27,Male,Affiliate
7499,2025-06-03,Noida,38,Female,Influencer
7500,2025-06-01,Kolkata,53,Male,Google Ads
7501,2025-01-07,Gurugram,29,Female,Influencer
7502,2025-05-09,Noida,34,Female,Meta Ads
7503,2025-03-31,Pune,31,Male,Meta Ads
7504,2025-03-24,Kolkata,30,Female,Influencer
7505,2026-06-23,Mumbai,43,Male,Influencer
7506,2025-09-17,Chennai,33,Male,Email
7507,2025-06-28,Bengaluru,42,Male,Influencer
7508,2025-08-09,Noida,20,Male,Affiliate
7509,2025-02-18,Chennai,43,Other,Affiliate
7510,2025-06-20,Jaipur,23,Female,Affiliate
7511,2025-05-16,Jaipur,33,Male,Meta Ads
7512,2026-03-14,Noida,51,Female,Google Ads
7513,2025-02-01,Hyderabad,32,Female,Google Ads
7514,2025-08-20,Pune,45,Female,Google Ads
7515,2026-03-07,Delhi,32,Female,Google Ads
7516,2026-03-31,Jaipur,52,Male,Google Ads
7517,2025-10-07,Noida,54,Male,Meta Ads
7518,2025-05-02,Gurugram,52,Female,Email
7519,2025-07-03,Jaipur,34,Female,Google Ads
7520,2025-05-02,Hyderabad,31,Female,Meta Ads
7521,2025-12-27,Pune,41,Male,Google Ads
7522,2025-06-09,Bengaluru,49,Female,Google Ads
7523,2025-12-10,Chennai,38,Male,Organic
7524,2025-12-24,Delhi,46,Female,Affiliate
7525,2026-05-28,Pune,51,Male,Organic
7526,2025-07-21,Delhi,47,Female,Organic
7527,2026-06-08,Noida,33,Other,Influencer
7528,2025-08-07,Hyderabad,28,Male,Organic
7529,2026-01-06,Bengaluru,35,Female,Google Ads
7530,2025-12-27,Noida,40,Female,Google Ads
7531,2026-03-22,Chennai,50,Male,Organic
7532,2025-09-13,Mumbai,30,Male,Organic
7533,2026-03-08,Kolkata,25,Female,Affiliate
7534,2025-07-13,Delhi,31,Male,Google Ads
7535,2025-09-25,Gurugram,41,Male,Influencer
7536,2025-09-30,Gurugram,28,Female,Email
7537,2026-01-19,Hyderabad,34,Female,Influencer
7538,2025-12-03,Bengaluru,29,Female,Email
7539,2025-02-12,Noida,55,Female,Google Ads
7540,2026-03-17,Hyderabad,38,Female,Meta Ads
7541,2026-02-18,Jaipur,45,Female,Google Ads
7542,2025-02-26,Noida,38,Male,Meta Ads
7543,2026-06-09,Gurugram,20,Male,Affiliate
7544,2025-12-27,Bengaluru,29,Female,Meta Ads
7545,2025-02-16,Chennai,50,Female,Google Ads
7546,2025-09-25,Noida,38,Male,Meta Ads
7547,2026-04-01,Gurugram,45,Other,Organic
7548,2025-06-02,Gurugram,47,Female,Google Ads
7549,2026-05-24,Pune,40,Female,Google Ads
7550,2025-08-17,Delhi,40,Male,Affiliate
7551,2025-05-04,Pune,28,Male,Google Ads
7552,2025-07-14,Bengaluru,28,Female,Influencer
7553,2025-10-14,Mumbai,25,Male,Google Ads
7554,2026-01-11,Kolkata,30,Male,Organic
7555,2026-05-21,Kolkata,42,Male,Organic
7556,2025-04-17,Kolkata,53,Female,Google Ads
7557,2026-06-08,Kolkata,35,Male,Organic
7558,2025-10-15,Gurugram,41,Female,Meta Ads
7559,2025-03-11,Kolkata,51,Male,Meta Ads
7560,2026-05-20,Noida,44,Male,Affiliate
7561,2025-07-10,Mumbai,29,Male,Influencer
7562,2025-12-05,Hyderabad,30,Female,Google Ads
7563,2026-01-16,Chennai,42,Female,Organic
7564,2025-01-08,Hyderabad,30,Male,Google Ads
7565,2025-05-01,Hyderabad,28,Female,Google Ads
7566,2026-01-10,Mumbai,41,Male,Google Ads
7567,2025-06-26,Hyderabad,42,Female,Organic
7568,2025-01-06,Bengaluru,29,Male,Organic
7569,2025-01-13,Bengaluru,21,Female,Email
7570,2026-03-27,Hyderabad,47,Female,Influencer
7571,2025-03-25,Pune,34,Female,Organic
7572,2025-02-24,Mumbai,42,Male,Google Ads
7573,2025-11-03,Noida,26,Female,Google Ads
7574,2025-03-06,Gurugram,31,Female,Email
7575,2025-12-22,Bengaluru,41,Female,Meta Ads
7576,2025-10-24,Noida,24,Male,Google Ads
7577,2025-12-20,Noida,31,Male,Google Ads
7578,2025-09-25,Jaipur,45,Male,Meta Ads
7579,2026-03-01,Gurugram,47,Female,Email
7580,2025-12-18,Chennai,32,Male,Organic
7581,2025-08-15,Noida,24,Female,Organic
7582,2025-01-09,Jaipur,20,Male,Influencer
7583,2025-05-30,Gurugram,40,Male,Affiliate
7584,2025-03-13,Mumbai,44,Male,Meta Ads
7585,2025-05-29,Chennai,41,Female,Email
7586,2025-04-23,Gurugram,34,Female,Google Ads
7587,2025-02-11,Hyderabad,20,Female,Influencer
7588,2025-06-20,Chennai,28,Female,Email
7589,2025-10-04,Delhi,21,Female,Google Ads
7590,2025-04-08,Delhi,36,Male,Organic
7591,2025-05-29,Chennai,31,Female,Meta Ads
7592,2025-01-11,Gurugram,22,Male,Influencer
7593,2025-01-28,Jaipur,41,Female,Google Ads
7594,2025-03-27,Jaipur,33,Male,Meta Ads
7595,2025-09-04,Kolkata,54,Female,Influencer
7596,2025-12-30,Jaipur,35,Female,Meta Ads
7597,2026-03-06,Kolkata,23,Male,Meta Ads
7598,2025-12-10,Mumbai,45,Female,Organic
7599,2025-12-03,Jaipur,45,Male,Organic
7600,2026-05-25,Mumbai,53,Male,Google Ads
7601,2025-05-20,Hyderabad,44,Female,Meta Ads
7602,2026-03-12,Delhi,33,Female,Meta Ads
7603,2026-05-26,Jaipur,44,Female,Google Ads
7604,2025-11-06,Hyderabad,48,Male,Meta Ads
7605,2026-04-04,Jaipur,38,Male,Meta Ads
7606,2025-03-16,Mumbai,48,Male,Organic
7607,2026-04-24,Mumbai,54,Female,Email
7608,2025-11-04,Hyderabad,47,Female,Meta Ads
7609,2025-05-01,Kolkata,38,Male,Google Ads
7610,2025-02-03,Hyderabad,37,Male,Meta Ads
7611,2026-01-28,Chennai,50,Male,Google Ads
7612,2025-08-23,Gurugram,51,Male,Influencer
7613,2025-06-18,Chennai,29,Male,Google Ads
7614,2025-08-01,Chennai,20,Male,Affiliate
7615,2026-06-25,Kolkata,49,Male,Organic
7616,2025-08-22,Delhi,28,Male,Affiliate
7617,2025-02-12,Mumbai,55,Male,Affiliate
7618,2025-06-02,Delhi,21,Female,Affiliate
7619,2025-03-21,Bengaluru,52,Female,Email
7620,2026-01-09,Chennai,44,Male,Meta Ads
7621,2026-03-13,Pune,30,Male,Organic
7622,2026-04-04,Chennai,21,Female,Google Ads
7623,2025-12-11,Chennai,50,Male,Meta Ads
7624,2026-02-23,Jaipur,24,Male,Affiliate
7625,2025-08-16,Kolkata,23,Male,Email
7626,2025-12-09,Hyderabad,48,Male,Meta Ads
7627,2025-02-28,Kolkata,44,Female,Affiliate
7628,2025-10-21,Delhi,24,Female,Google Ads
7629,2025-10-31,Chennai,32,Male,Affiliate
7630,2025-01-17,Hyderabad,43,Male,Organic
7631,2025-10-26,Jaipur,43,Female,Google Ads
7632,2026-01-29,Hyderabad,33,Female,Google Ads
7633,2025-07-20,Noida,34,Other,Influencer
7634,2025-10-25,Chennai,22,Female,Google Ads
7635,2025-06-05,Jaipur,20,Male,Influencer
7636,2025-05-28,Delhi,54,Male,Meta Ads
7637,2025-03-12,Delhi,28,Male,Meta Ads
7638,2025-06-28,Pune,53,Female,Organic
7639,2026-03-14,Hyderabad,21,Male,Meta Ads
7640,2026-05-25,Hyderabad,55,Female,Meta Ads
7641,2025-12-13,Delhi,35,Female,Organic
7642,2025-12-07,Hyderabad,49,Female,Meta Ads
7643,2025-12-01,Hyderabad,50,Female,Google Ads
7644,2025-09-17,Kolkata,32,Male,Affiliate
7645,2025-08-19,Mumbai,46,Male,Email
7646,2025-12-05,Mumbai,32,Female,Organic
7647,2026-03-04,Delhi,48,Female,Email
7648,2025-08-14,Hyderabad,54,Female,Organic
7649,2025-11-05,Pune,49,Female,Google Ads
7650,2025-09-14,Gurugram,46,Female,Influencer
7651,2025-06-05,Chennai,33,Male,Meta Ads
7652,2025-06-08,Jaipur,23,Male,Influencer
7653,2025-02-12,Noida,38,Female,Affiliate
7654,2025-08-28,Hyderabad,24,Female,Organic
7655,2026-01-24,Pune,38,Female,Meta Ads
7656,2026-01-09,Delhi,51,Male,Google Ads
7657,2026-06-22,Noida,24,Female,Meta Ads
7658,2025-01-22,Mumbai,52,Male,Organic
7659,2026-02-19,Noida,41,Male,Meta Ads
7660,2026-03-10,Mumbai,21,Male,Google Ads
7661,2025-08-26,Noida,45,Female,Email
7662,2025-06-04,Kolkata,20,Male,Google Ads
7663,2025-07-14,Hyderabad,41,Male,Meta Ads
7664,2026-01-07,Mumbai,38,Male,Email
7665,2026-04-15,Chennai,46,Male,Google Ads
7666,2025-12-17,Delhi,33,Female,Google Ads
7667,2025-10-08,Hyderabad,24,Female,Google Ads
7668,2025-12-22,Pune,33,Female,Email
7669,2025-02-08,Kolkata,47,Male,Influencer
7670,2025-11-28,Gurugram,54,Female,Google Ads
7671,2025-01-23,Hyderabad,27,Male,Organic
7672,2026-06-07,Chennai,32,Female,Google Ads
7673,2025-10-05,Chennai,51,Female,Organic
7674,2025-07-23,Noida,31,Male,Google Ads
7675,2026-02-04,Jaipur,28,Female,Affiliate
7676,2025-12-14,Gurugram,49,Male,Organic
7677,2026-01-20,Mumbai,37,Female,Organic
7678,2025-10-08,Noida,40,Female,Google Ads
7679,2025-05-09,Noida,37,Female,Affiliate
7680,2025-02-09,Gurugram,41,Female,Google Ads
7681,2025-06-04,Noida,29,Male,Email
7682,2025-10-16,Chennai,46,Female,Organic
7683,2025-08-20,Hyderabad,33,Female,Organic
7684,2025-10-03,Mumbai,38,Female,Affiliate
7685,2025-06-01,Hyderabad,26,Male,Organic
7686,2026-05-27,Pune,20,Male,Organic
7687,2025-07-19,Noida,40,Female,Meta Ads
7688,2026-04-07,Gurugram,24,Male,Meta Ads
7689,2025-08-02,Kolkata,52,Male,Email
7690,2025-08-30,Delhi,54,Male,Email
7691,2025-11-26,Jaipur,31,Female,Organic
7692,2025-05-24,Jaipur,30,Female,Email
7693,2025-04-30,Gurugram,38,Female,Organic
7694,2025-07-26,Mumbai,27,Female,Google Ads
7695,2026-03-15,Gurugram,51,Male,Meta Ads
7696,2025-03-20,Hyderabad,23,Male,Influencer
7697,2025-08-27,Gurugram,36,Male,Google Ads
7698,2026-01-02,Chennai,26,Female,Google Ads
7699,2026-01-20,Mumbai,49,Other,Organic
7700,2025-08-25,Jaipur,25,Male,Google Ads
7701,2025-02-14,Kolkata,36,Male,Meta Ads
7702,2025-01-09,Bengaluru,50,Female,Organic
7703,2025-09-14,Hyderabad,35,Female,Meta Ads
7704,2026-03-18,Delhi,26,Female,Influencer
7705,2025-01-16,Delhi,25,Male,Affiliate
7706,2026-04-29,Hyderabad,41,Male,Email
7707,2026-01-04,Bengaluru,24,Female,Influencer
7708,2025-01-05,Mumbai,32,Male,Meta Ads
7709,2025-07-07,Delhi,42,Female,Google Ads
7710,2025-05-01,Kolkata,33,Male,Organic
7711,2026-06-02,Bengaluru,49,Female,Email
7712,2025-10-30,Bengaluru,44,Female,Meta Ads
7713,2025-06-26,Bengaluru,24,Female,Meta Ads
7714,2025-06-01,Bengaluru,49,Male,Google Ads
7715,2025-11-04,Pune,52,Female,Google Ads
7716,2025-01-03,Chennai,27,Male,Meta Ads
7717,2025-05-21,Hyderabad,32,Female,Influencer
7718,2025-04-01,Noida,34,Male,Affiliate
7719,2025-12-04,Kolkata,35,Female,Email
7720,2025-12-31,Gurugram,36,Male,Meta Ads
7721,2025-09-12,Delhi,52,Male,Google Ads
7722,2025-03-18,Delhi,43,Female,Meta Ads
7723,2025-07-21,Chennai,52,Female,Organic
7724,2026-04-05,Mumbai,32,Male,Organic
7725,2025-04-22,Delhi,38,Male,Meta Ads
7726,2025-03-31,Kolkata,23,Male,Influencer
7727,2025-03-02,Mumbai,29,Male,Affiliate
7728,2026-03-22,Jaipur,41,Female,Google Ads
7729,2025-03-07,Kolkata,26,Female,Influencer
7730,2025-11-13,Delhi,54,Female,Google Ads
7731,2026-06-29,Pune,29,Female,Influencer
7732,2025-12-16,Pune,25,Female,Organic
7733,2025-08-13,Noida,48,Female,Meta Ads
7734,2025-04-23,Mumbai,23,Male,Meta Ads
7735,2025-01-02,Bengaluru,31,Female,Email
7736,2025-03-26,Noida,27,Male,Affiliate
7737,2026-06-04,Chennai,45,Male,Affiliate
7738,2025-03-20,Gurugram,50,Female,Meta Ads
7739,2025-01-11,Jaipur,27,Female,Affiliate
7740,2026-03-21,Kolkata,34,Male,Meta Ads
7741,2025-08-17,Pune,37,Male,Meta Ads
7742,2025-07-14,Noida,44,Male,Google Ads
7743,2026-01-27,Delhi,32,Female,Affiliate
7744,2025-10-13,Noida,38,Male,Organic
7745,2026-05-14,Bengaluru,38,Female,Meta Ads
7746,2025-09-12,Chennai,20,Female,Organic
7747,2026-01-24,Noida,40,Male,Affiliate
7748,2026-04-24,Chennai,40,Female,Google Ads
7749,2025-09-10,Delhi,55,Female,Meta Ads
7750,2025-06-04,Gurugram,38,Female,Meta Ads
7751,2026-06-16,Hyderabad,52,Female,Google Ads
7752,2025-05-04,Kolkata,32,Male,Meta Ads
7753,2025-01-22,Chennai,45,Female,Organic
7754,2025-11-12,Hyderabad,52,Female,Meta Ads
7755,2026-06-22,Delhi,25,Other,Affiliate
7756,2025-02-17,Gurugram,40,Male,Influencer
7757,2026-04-08,Chennai,53,Female,Google Ads
7758,2026-03-29,Delhi,40,Male,Meta Ads
7759,2026-05-22,Chennai,52,Male,Google Ads
7760,2025-08-18,Chennai,35,Male,Organic
7761,2025-05-19,Chennai,51,Male,Meta Ads
7762,2025-10-07,Gurugram,42,Female,Email
7763,2025-03-19,Gurugram,37,Male,Organic
7764,2026-04-05,Noida,27,Female,Organic
7765,2025-12-28,Mumbai,26,Female,Email
7766,2025-09-21,Hyderabad,30,Male,Affiliate
7767,2025-10-09,Noida,47,Female,Influencer
7768,2026-01-24,Hyderabad,36,Male,Organic
7769,2025-10-13,Gurugram,33,Male,Google Ads
7770,2026-04-03,Hyderabad,36,Other,Organic
7771,2026-05-19,Mumbai,32,Male,Affiliate
7772,2026-06-02,Jaipur,49,Male,Email
7773,2025-12-04,Mumbai,34,Female,Organic
7774,2026-02-09,Kolkata,36,Male,Meta Ads
7775,2025-06-19,Noida,40,Male,Email
7776,2025-01-21,Delhi,43,Female,Affiliate
7777,2025-08-07,Noida,32,Female,Affiliate
7778,2026-04-21,Bengaluru,22,Female,Google Ads
7779,2025-03-14,Jaipur,44,Female,Google Ads
7780,2025-10-25,Noida,40,Male,Meta Ads
7781,2025-04-15,Chennai,43,Male,Meta Ads
7782,2025-08-22,Pune,39,Male,Organic
7783,2025-03-20,Mumbai,38,Male,Google Ads
7784,2026-02-05,Mumbai,54,Other,Organic
7785,2026-03-18,Jaipur,21,Female,Email
7786,2026-02-18,Chennai,23,Male,Organic
7787,2026-01-20,Gurugram,53,Male,Email
7788,2025-05-09,Jaipur,51,Male,Affiliate
7789,2025-10-17,Bengaluru,34,Female,Meta Ads
7790,2025-02-27,Delhi,39,Male,Meta Ads
7791,2025-07-24,Kolkata,36,Female,Organic
7792,2025-10-03,Kolkata,55,Male,Meta Ads
7793,2025-12-31,Bengaluru,36,Male,Meta Ads
7794,2025-02-22,Chennai,47,Female,Influencer
7795,2026-03-20,Gurugram,33,Female,Organic
7796,2025-09-08,Kolkata,33,Male,Google Ads
7797,2026-04-26,Mumbai,44,Female,Organic
7798,2025-10-15,Gurugram,34,Female,Meta Ads
7799,2025-10-26,Hyderabad,20,Female,Meta Ads
7800,2026-01-13,Gurugram,26,Female,Google Ads
7801,2026-03-23,Pune,51,Female,Google Ads
7802,2025-03-27,Chennai,33,Female,Meta Ads
7803,2025-10-06,Bengaluru,23,Female,Email
7804,2025-01-17,Chennai,53,Male,Meta Ads
7805,2025-09-16,Bengaluru,55,Male,Google Ads
7806,2026-03-20,Jaipur,37,Female,Google Ads
7807,2026-04-17,Gurugram,42,Female,Google Ads
7808,2025-06-04,Chennai,47,Male,Email
7809,2025-07-30,Hyderabad,22,Female,Meta Ads
7810,2025-10-28,Jaipur,30,Male,Email
7811,2025-08-04,Gurugram,40,Female,Meta Ads
7812,2025-04-08,Noida,39,Male,Meta Ads
7813,2025-06-16,Kolkata,31,Female,Organic
7814,2025-08-09,Jaipur,20,Female,Organic
7815,2025-10-10,Chennai,54,Male,Organic
7816,2026-05-17,Bengaluru,42,Male,Meta Ads
7817,2025-10-24,Bengaluru,47,Male,Meta Ads
7818,2025-07-30,Pune,35,Female,Email
7819,2025-12-26,Chennai,38,Female,Influencer
7820,2026-02-26,Gurugram,36,Male,Meta Ads
7821,2025-08-23,Delhi,35,Female,Organic
7822,2025-09-24,Delhi,44,Female,Meta Ads
7823,2025-04-29,Mumbai,55,Male,Influencer
7824,2026-04-17,Pune,47,Female,Meta Ads
7825,2026-04-18,Bengaluru,44,Male,Meta Ads
7826,2025-04-06,Pune,20,Male,Meta Ads
7827,2025-07-08,Bengaluru,38,Female,Organic
7828,2025-05-29,Gurugram,54,Male,Organic
7829,2026-05-19,Chennai,34,Female,Organic
7830,2025-02-05,Chennai,39,Female,Organic
7831,2025-04-24,Jaipur,31,Female,Meta Ads
7832,2025-06-21,Kolkata,26,Female,Google Ads
7833,2025-11-02,Mumbai,45,Female,Affiliate
7834,2025-05-16,Chennai,31,Female,Meta Ads
7835,2025-10-20,Mumbai,41,Female,Google Ads
7836,2026-02-12,Kolkata,41,Female,Google Ads
7837,2026-03-28,Pune,50,Female,Meta Ads
7838,2025-02-23,Kolkata,53,Male,Meta Ads
7839,2025-03-17,Gurugram,39,Male,Organic
7840,2025-02-21,Delhi,21,Male,Organic
7841,2026-05-11,Noida,40,Male,Google Ads
7842,2025-12-22,Hyderabad,51,Male,Meta Ads
7843,2025-10-17,Jaipur,37,Male,Affiliate
7844,2026-03-08,Pune,40,Male,Organic
7845,2025-11-16,Kolkata,47,Female,Affiliate
7846,2025-05-09,Bengaluru,35,Female,Google Ads
7847,2025-10-06,Jaipur,34,Male,Influencer
7848,2026-01-19,Jaipur,37,Female,Affiliate
7849,2025-01-20,Gurugram,50,Female,Meta Ads
7850,2025-11-27,Kolkata,37,Female,Organic
7851,2025-09-28,Delhi,31,Male,Meta Ads
7852,2025-05-24,Hyderabad,41,Male,Organic
7853,2025-09-02,Bengaluru,44,Male,Affiliate
7854,2025-07-06,Mumbai,52,Female,Meta Ads
7855,2025-06-08,Jaipur,52,Female,Google Ads
7856,2025-12-20,Pune,48,Female,Meta Ads
7857,2025-08-09,Noida,47,Female,Organic
7858,2025-09-29,Noida,36,Female,Organic
7859,2026-03-12,Noida,32,Female,Meta Ads
7860,2025-02-20,Mumbai,40,Female,Influencer
7861,2025-07-16,Delhi,45,Female,Google Ads
7862,2025-02-09,Gurugram,38,Male,Google Ads
7863,2026-05-21,Chennai,27,Female,Meta Ads
7864,2025-04-12,Kolkata,20,Male,Affiliate
7865,2026-03-23,Chennai,22,Male,Organic
7866,2025-04-15,Bengaluru,35,Other,Organic
7867,2025-06-26,Pune,48,Male,Affiliate
7868,2025-11-28,Jaipur,48,Male,Meta Ads
7869,2026-03-30,Delhi,49,Female,Meta Ads
7870,2025-04-07,Jaipur,45,Male,Organic
7871,2025-04-27,Chennai,20,Male,Meta Ads
7872,2026-04-26,Mumbai,51,Male,Email
7873,2025-06-25,Bengaluru,54,Female,Google Ads
7874,2025-04-25,Bengaluru,50,Male,Meta Ads
7875,2026-02-10,Noida,36,Male,Meta Ads
7876,2025-02-19,Gurugram,27,Female,Google Ads
7877,2026-04-18,Gurugram,52,Male,Influencer
7878,2026-04-23,Delhi,26,Female,Google Ads
7879,2026-04-12,Hyderabad,48,Male,Influencer
7880,2025-06-10,Bengaluru,54,Female,Google Ads
7881,2025-03-04,Mumbai,52,Female,Affiliate
7882,2025-08-20,Noida,38,Male,Email
7883,2025-07-02,Jaipur,50,Male,Google Ads
7884,2026-06-07,Pune,49,Male,Google Ads
7885,2025-12-11,Bengaluru,55,Male,Meta Ads
7886,2026-05-30,Chennai,32,Male,Affiliate
7887,2026-02-14,Mumbai,42,Female,Google Ads
7888,2026-01-25,Gurugram,49,Male,Google Ads
7889,2025-03-02,Pune,28,Male,Organic
7890,2025-02-07,Chennai,28,Male,Organic
7891,2025-01-26,Pune,34,Female,Meta Ads
7892,2025-11-20,Hyderabad,32,Male,Google Ads
7893,2025-04-20,Delhi,47,Female,Email
7894,2026-06-24,Pune,53,Female,Google Ads
7895,2025-03-14,Pune,25,Male,Organic
7896,2026-06-01,Bengaluru,31,Male,Meta Ads
7897,2025-12-30,Gurugram,53,Male,Influencer
7898,2025-02-27,Jaipur,41,Female,Email
7899,2025-02-01,Mumbai,27,Male,Email
7900,2025-08-04,Gurugram,41,Male,Affiliate
7901,2025-07-04,Chennai,51,Female,Influencer
7902,2025-06-21,Bengaluru,33,Female,Organic
7903,2025-10-16,Hyderabad,37,Male,Email
7904,2025-03-12,Pune,42,Female,Affiliate
7905,2025-03-12,Mumbai,50,Male,Google Ads
7906,2026-01-14,Noida,40,Male,Organic
7907,2026-06-24,Noida,54,Male,Organic
7908,2025-05-30,Jaipur,47,Female,Email
7909,2026-05-23,Hyderabad,35,Male,Affiliate
7910,2025-07-07,Bengaluru,37,Female,Organic
7911,2025-07-03,Mumbai,45,Female,Organic
7912,2025-02-19,Chennai,22,Female,Influencer
7913,2025-08-19,Jaipur,28,Male,Organic
7914,2025-09-29,Chennai,28,Male,Meta Ads
7915,2025-12-28,Hyderabad,48,Female,Google Ads
7916,2025-03-28,Bengaluru,49,Male,Email
7917,2025-04-13,Kolkata,49,Female,Google Ads
7918,2025-08-24,Kolkata,23,Male,Organic
7919,2025-02-07,Mumbai,30,Female,Affiliate
7920,2025-03-20,Jaipur,31,Female,Meta Ads
7921,2025-12-09,Kolkata,20,Female,Influencer
7922,2026-06-04,Kolkata,29,Female,Organic
7923,2025-11-09,Delhi,35,Male,Influencer
7924,2025-03-21,Noida,51,Male,Google Ads
7925,2026-06-25,Gurugram,26,Male,Meta Ads
7926,2025-10-12,Chennai,50,Female,Organic
7927,2026-01-26,Delhi,49,Male,Organic
7928,2025-04-18,Delhi,25,Male,Influencer
7929,2025-11-12,Delhi,29,Male,Affiliate
7930,2025-02-11,Noida,36,Male,Google Ads
7931,2025-12-08,Jaipur,53,Female,Meta Ads
7932,2025-04-21,Chennai,48,Female,Organic
7933,2026-05-11,Chennai,54,Male,Google Ads
7934,2025-01-30,Gurugram,31,Male,Influencer
7935,2025-12-22,Pune,52,Female,Organic
7936,2025-03-17,Chennai,54,Female,Affiliate
7937,2026-01-10,Hyderabad,41,Female,Influencer
7938,2025-09-26,Kolkata,25,Female,Google Ads
7939,2026-06-12,Hyderabad,29,Female,Meta Ads
7940,2025-12-22,Mumbai,24,Female,Organic
7941,2025-07-22,Pune,49,Female,Affiliate
7942,2025-02-17,Jaipur,31,Female,Organic
7943,2025-11-21,Kolkata,45,Female,Google Ads
7944,2025-08-29,Bengaluru,29,Female,Organic
7945,2025-01-29,Hyderabad,55,Male,Meta Ads
7946,2025-11-13,Jaipur,47,Male,Meta Ads
7947,2025-04-25,Chennai,33,Female,Influencer
7948,2025-05-08,Hyderabad,37,Female,Google Ads
7949,2025-01-05,Gurugram,22,Male,Google Ads
7950,2025-07-22,Jaipur,24,Male,Meta Ads
7951,2025-04-29,Jaipur,55,Male,Affiliate
7952,2025-02-09,Delhi,49,Male,Google Ads
7953,2025-08-25,Delhi,50,Female,Google Ads
7954,2025-04-30,Noida,43,Female,Meta Ads
7955,2025-03-15,Mumbai,27,Female,Organic
7956,2025-09-12,Noida,23,Male,Google Ads
7957,2025-02-04,Kolkata,46,Male,Affiliate
7958,2026-06-24,Jaipur,31,Male,Affiliate
7959,2025-09-14,Noida,20,Male,Email
7960,2026-06-27,Kolkata,20,Female,Google Ads
7961,2026-04-26,Noida,40,Male,Email
7962,2026-06-18,Chennai,50,Female,Google Ads
7963,2025-10-23,Mumbai,33,Female,Meta Ads
7964,2025-08-19,Delhi,55,Male,Organic
7965,2026-01-28,Bengaluru,33,Male,Google Ads
7966,2025-02-13,Kolkata,46,Male,Google Ads
7967,2026-04-03,Jaipur,28,Male,Google Ads
7968,2025-06-26,Noida,41,Female,Google Ads
7969,2025-01-05,Kolkata,29,Female,Meta Ads
7970,2025-05-10,Gurugram,48,Female,Meta Ads
7971,2025-05-13,Bengaluru,36,Female,Organic
7972,2025-01-08,Noida,21,Female,Google Ads
7973,2025-12-31,Jaipur,28,Female,Meta Ads
7974,2025-02-21,Chennai,32,Male,Influencer
7975,2026-04-07,Pune,36,Male,Email
7976,2025-09-04,Chennai,29,Male,Affiliate
7977,2026-01-27,Kolkata,40,Male,Meta Ads
7978,2025-07-05,Noida,54,Female,Google Ads
7979,2025-03-13,Gurugram,45,Male,Google Ads
7980,2025-04-09,Delhi,31,Female,Organic
7981,2025-12-19,Bengaluru,44,Male,Affiliate
7982,2026-01-26,Bengaluru,54,Female,Meta Ads
7983,2025-05-26,Delhi,28,Male,Meta Ads
7984,2025-07-14,Pune,28,Male,Meta Ads
7985,2026-05-31,Delhi,21,Female,Google Ads
7986,2026-04-10,Chennai,50,Male,Google Ads
7987,2025-08-14,Chennai,49,Female,Influencer
7988,2025-05-12,Kolkata,34,Female,Google Ads
7989,2025-06-14,Noida,51,Male,Meta Ads
7990,2025-10-21,Kolkata,43,Male,Organic
7991,2025-11-05,Hyderabad,55,Male,Meta Ads
7992,2025-04-11,Kolkata,53,Male,Influencer
7993,2025-02-05,Pune,54,Female,Google Ads
7994,2025-09-27,Pune,34,Female,Affiliate
7995,2026-03-11,Delhi,42,Male,Google Ads
7996,2025-03-25,Pune,26,Female,Google Ads
7997,2025-08-11,Bengaluru,52,Female,Email
7998,2025-03-30,Kolkata,31,Male,Affiliate
7999,2025-05-12,Pune,36,Male,Meta Ads
8000,2025-11-30,Delhi,41,Female,Meta Ads
8001,2025-06-05,Kolkata,48,Female,Meta Ads
8002,2025-05-24,Delhi,46,Male,Google Ads
8003,2026-06-27,Gurugram,54,Female,Affiliate
8004,2025-04-04,Gurugram,45,Male,Influencer
8005,2025-04-14,Jaipur,48,Female,Organic
8006,2026-05-22,Noida,40,Female,Meta Ads
8007,2025-10-27,Kolkata,34,Male,Organic
8008,2025-01-24,Gurugram,52,Female,Email
8009,2025-08-20,Pune,33,Male,Google Ads
8010,2025-11-05,Delhi,42,Female,Meta Ads
8011,2025-05-18,Mumbai,30,Female,Organic
8012,2025-10-26,Pune,37,Male,Affiliate
8013,2025-12-20,Chennai,33,Male,Meta Ads
8014,2025-05-17,Kolkata,29,Male,Affiliate
8015,2026-03-19,Kolkata,49,Female,Organic
8016,2025-09-04,Hyderabad,47,Female,Influencer
8017,2026-06-10,Mumbai,45,Male,Influencer
8018,2025-02-17,Gurugram,22,Female,Google Ads
8019,2025-06-26,Jaipur,28,Female,Meta Ads
8020,2026-01-29,Pune,27,Male,Organic
8021,2026-05-03,Jaipur,45,Male,Affiliate
8022,2025-05-01,Bengaluru,52,Female,Google Ads
8023,2026-06-19,Bengaluru,33,Male,Organic
8024,2025-04-16,Kolkata,31,Female,Affiliate
8025,2025-08-15,Chennai,40,Female,Google Ads
8026,2025-06-21,Gurugram,55,Male,Meta Ads
8027,2025-08-20,Hyderabad,33,Male,Meta Ads
8028,2026-05-07,Gurugram,30,Male,Meta Ads
8029,2026-02-04,Chennai,38,Female,Email
8030,2026-03-11,Delhi,52,Male,Google Ads
8031,2025-05-19,Kolkata,46,Female,Organic
8032,2026-06-01,Jaipur,38,Female,Google Ads
8033,2025-08-26,Delhi,46,Female,Affiliate
8034,2025-12-22,Pune,20,Male,Google Ads
8035,2026-01-16,Delhi,47,Male,Affiliate
8036,2025-12-28,Mumbai,23,Female,Meta Ads
8037,2025-11-24,Mumbai,34,Male,Organic
8038,2025-09-19,Hyderabad,32,Male,Google Ads
8039,2025-12-19,Jaipur,44,Other,Email
8040,2026-05-09,Bengaluru,28,Female,Meta Ads
8041,2025-08-01,Mumbai,28,Female,Google Ads
8042,2025-10-06,Delhi,51,Male,Organic
8043,2025-04-09,Kolkata,37,Female,Google Ads
8044,2025-07-13,Mumbai,46,Male,Influencer
8045,2026-02-25,Bengaluru,40,Male,Email
8046,2025-12-16,Delhi,42,Male,Google Ads
8047,2025-04-26,Gurugram,44,Female,Influencer
8048,2025-10-25,Hyderabad,44,Male,Google Ads
8049,2026-03-19,Jaipur,52,Female,Affiliate
8050,2025-03-09,Mumbai,48,Female,Meta Ads
8051,2025-02-03,Hyderabad,30,Female,Email
8052,2025-08-03,Kolkata,26,Male,Affiliate
8053,2025-12-24,Mumbai,50,Female,Google Ads
8054,2025-06-20,Gurugram,33,Female,Organic
8055,2026-03-24,Delhi,31,Male,Google Ads
8056,2026-04-07,Jaipur,23,Male,Organic
8057,2025-10-18,Noida,39,Female,Google Ads
8058,2025-07-26,Gurugram,38,Female,Google Ads
8059,2025-01-23,Noida,49,Female,Google Ads
8060,2026-03-24,Chennai,46,Male,Organic
8061,2026-05-03,Mumbai,46,Male,Influencer
8062,2025-08-30,Chennai,39,Male,Influencer
8063,2025-10-09,Pune,51,Other,Organic
8064,2026-02-15,Delhi,55,Female,Affiliate
8065,2026-01-14,Mumbai,49,Female,Affiliate
8066,2025-03-15,Delhi,32,Female,Email
8067,2026-01-02,Delhi,29,Male,Google Ads
8068,2026-05-19,Bengaluru,20,Female,Organic
8069,2026-02-14,Gurugram,55,Male,Google Ads
8070,2025-09-19,Delhi,46,Male,Affiliate
8071,2025-10-13,Bengaluru,53,Male,Meta Ads
8072,2025-05-22,Bengaluru,48,Male,Meta Ads
8073,2025-12-27,Jaipur,35,Male,Affiliate
8074,2025-05-12,Pune,25,Female,Google Ads
8075,2025-07-06,Mumbai,21,Female,Influencer
8076,2025-05-25,Bengaluru,48,Female,Influencer
8077,2025-07-02,Delhi,30,Male,Organic
8078,2025-07-19,Mumbai,33,Female,Organic
8079,2025-02-15,Hyderabad,50,Male,Google Ads
8080,2026-01-27,Delhi,37,Male,Meta Ads
8081,2025-08-29,Jaipur,54,Male,Affiliate
8082,2026-06-02,Hyderabad,39,Male,Google Ads
8083,2025-04-09,Chennai,49,Female,Meta Ads
8084,2025-12-31,Gurugram,24,Female,Meta Ads
8085,2025-04-08,Kolkata,34,Male,Organic
8086,2025-10-26,Mumbai,26,Female,Organic
8087,2025-09-25,Jaipur,22,Male,Google Ads
8088,2025-09-02,Hyderabad,55,Male,Google Ads
8089,2025-12-23,Pune,38,Female,Affiliate
8090,2026-03-28,Gurugram,32,Female,Google Ads
8091,2025-06-22,Jaipur,33,Female,Meta Ads
8092,2026-04-09,Noida,28,Male,Google Ads
8093,2025-04-11,Delhi,24,Female,Organic
8094,2025-06-09,Bengaluru,52,Male,Google Ads
8095,2025-06-19,Kolkata,23,Male,Meta Ads
8096,2026-06-04,Jaipur,33,Male,Email
8097,2025-03-06,Kolkata,25,Male,Google Ads
8098,2025-08-04,Hyderabad,53,Male,Influencer
8099,2025-08-20,Jaipur,27,Male,Affiliate
8100,2026-03-13,Bengaluru,34,Female,Organic
8101,2025-09-22,Bengaluru,47,Male,Meta Ads
8102,2026-06-11,Noida,40,Male,Google Ads
8103,2026-02-08,Chennai,33,Female,Email
8104,2026-01-19,Mumbai,40,Female,Google Ads
8105,2026-02-15,Noida,35,Male,Organic
8106,2025-03-30,Mumbai,30,Male,Google Ads
8107,2025-09-02,Pune,41,Male,Organic
8108,2025-11-16,Gurugram,33,Female,Meta Ads
8109,2025-04-24,Mumbai,54,Male,Email
8110,2025-03-06,Mumbai,36,Male,Google Ads
8111,2025-03-15,Hyderabad,47,Female,Meta Ads
8112,2026-03-07,Chennai,28,Female,Meta Ads
8113,2025-12-25,Pune,43,Male,Meta Ads
8114,2025-06-03,Noida,40,Male,Influencer
8115,2026-02-06,Mumbai,46,Male,Meta Ads
8116,2026-01-14,Pune,36,Male,Google Ads
8117,2026-03-21,Gurugram,45,Male,Email
8118,2026-05-11,Delhi,22,Female,Meta Ads
8119,2026-04-26,Mumbai,44,Female,Affiliate
8120,2025-04-09,Pune,47,Female,Google Ads
8121,2026-02-24,Pune,37,Female,Affiliate
8122,2025-08-03,Noida,21,Female,Organic
8123,2025-08-08,Pune,40,Male,Google Ads
8124,2025-12-19,Noida,48,Female,Meta Ads
8125,2025-11-25,Chennai,36,Male,Meta Ads
8126,2025-08-17,Hyderabad,23,Male,Email
8127,2026-06-29,Noida,34,Male,Meta Ads
8128,2025-04-06,Mumbai,55,Female,Email
8129,2025-02-22,Kolkata,29,Female,Organic
8130,2025-01-16,Bengaluru,39,Male,Email
8131,2026-03-20,Pune,32,Male,Organic
8132,2025-08-10,Chennai,45,Female,Affiliate
8133,2025-08-27,Delhi,35,Male,Meta Ads
8134,2025-12-20,Jaipur,33,Male,Meta Ads
8135,2025-08-26,Mumbai,40,Female,Google Ads
8136,2025-11-09,Chennai,40,Female,Google Ads
8137,2025-02-01,Bengaluru,37,Male,Meta Ads
8138,2025-03-27,Hyderabad,29,Male,Meta Ads
8139,2026-05-23,Mumbai,23,Female,Organic
8140,2025-09-03,Kolkata,44,Male,Google Ads
8141,2025-04-02,Noida,32,Female,Organic
8142,2025-07-21,Kolkata,42,Female,Google Ads
8143,2025-07-02,Gurugram,33,Female,Google Ads
8144,2025-05-30,Kolkata,50,Male,Meta Ads
8145,2025-06-10,Delhi,45,Male,Meta Ads
8146,2026-02-02,Delhi,34,Male,Google Ads
8147,2025-02-28,Delhi,31,Male,Google Ads
8148,2025-06-18,Hyderabad,46,Male,Email
8149,2025-09-13,Gurugram,20,Male,Meta Ads
8150,2025-10-22,Hyderabad,22,Male,Meta Ads
8151,2026-04-25,Kolkata,23,Female,Meta Ads
8152,2026-05-19,Delhi,32,Male,Meta Ads
8153,2025-06-12,Hyderabad,37,Male,Google Ads
8154,2025-10-21,Chennai,30,Male,Meta Ads
8155,2025-01-13,Bengaluru,26,Female,Email
8156,2025-12-03,Jaipur,31,Male,Email
8157,2025-03-25,Pune,37,Female,Influencer
8158,2025-02-09,Delhi,30,Male,Affiliate
8159,2026-01-02,Hyderabad,40,Female,Google Ads
8160,2025-04-08,Mumbai,33,Female,Google Ads
8161,2025-09-18,Noida,53,Female,Affiliate
8162,2025-02-25,Jaipur,55,Female,Meta Ads
8163,2026-02-11,Gurugram,43,Female,Meta Ads
8164,2026-02-21,Delhi,39,Male,Organic
8165,2025-11-10,Gurugram,21,Male,Email
8166,2026-04-01,Kolkata,42,Female,Google Ads
8167,2025-08-27,Hyderabad,33,Female,Google Ads
8168,2025-04-12,Kolkata,30,Female,Google Ads
8169,2025-03-24,Bengaluru,48,Male,Google Ads
8170,2025-04-30,Noida,21,Male,Google Ads
8171,2025-04-20,Mumbai,29,Female,Organic
8172,2025-06-26,Noida,47,Female,Meta Ads
8173,2025-04-27,Hyderabad,53,Male,Google Ads
8174,2025-11-19,Gurugram,38,Male,Google Ads
8175,2025-03-22,Jaipur,39,Female,Influencer
8176,2025-12-05,Mumbai,54,Female,Google Ads
8177,2025-07-02,Mumbai,23,Female,Meta Ads
8178,2026-01-10,Jaipur,37,Male,Email
8179,2025-10-07,Hyderabad,28,Male,Google Ads
8180,2026-05-09,Noida,37,Male,Google Ads
8181,2025-08-28,Bengaluru,52,Female,Google Ads
8182,2025-06-10,Gurugram,41,Male,Influencer
8183,2025-11-18,Chennai,55,Male,Organic
8184,2025-12-26,Hyderabad,38,Male,Email
8185,2025-08-28,Chennai,51,Male,Affiliate
8186,2025-11-02,Jaipur,26,Female,Email
8187,2025-09-14,Chennai,31,Male,Meta Ads
8188,2025-06-16,Mumbai,29,Male,Meta Ads
8189,2025-06-20,Gurugram,47,Female,Meta Ads
8190,2026-05-10,Hyderabad,38,Male,Meta Ads
8191,2026-01-04,Bengaluru,28,Female,Organic
8192,2025-02-22,Mumbai,26,Female,Google Ads
8193,2026-06-09,Kolkata,33,Female,Google Ads
8194,2026-01-24,Jaipur,25,Female,Meta Ads
8195,2025-01-28,Mumbai,45,Female,Google Ads
8196,2026-02-01,Pune,50,Female,Influencer
8197,2025-11-18,Jaipur,54,Female,Meta Ads
8198,2026-05-14,Delhi,28,Male,Google Ads
8199,2025-09-24,Mumbai,35,Female,Organic
8200,2025-10-10,Chennai,38,Female,Affiliate
8201,2025-06-21,Bengaluru,37,Male,Meta Ads
8202,2025-06-25,Chennai,36,Male,Meta Ads
8203,2025-12-03,Bengaluru,27,Female,Organic
8204,2026-03-28,Delhi,24,Male,Google Ads
8205,2026-05-01,Bengaluru,34,Female,Email
8206,2026-02-25,Bengaluru,23,Other,Organic
8207,2025-11-29,Kolkata,22,Male,Affiliate
8208,2025-09-30,Noida,38,Male,Affiliate
8209,2025-07-05,Noida,50,Female,Influencer
8210,2026-02-23,Noida,39,Male,Google Ads
8211,2025-06-23,Hyderabad,20,Female,Affiliate
8212,2025-05-26,Jaipur,50,Male,Organic
8213,2026-04-18,Pune,44,Male,Meta Ads
8214,2025-11-18,Kolkata,30,Male,Influencer
8215,2025-07-13,Kolkata,29,Male,Affiliate
8216,2026-04-17,Pune,52,Female,Organic
8217,2026-06-09,Pune,37,Male,Google Ads
8218,2025-06-23,Gurugram,25,Male,Google Ads
8219,2025-10-12,Jaipur,30,Female,Influencer
8220,2025-09-21,Chennai,29,Female,Influencer
8221,2026-01-18,Kolkata,34,Male,Meta Ads
8222,2026-06-03,Jaipur,32,Female,Meta Ads
8223,2025-10-26,Mumbai,39,Male,Organic
8224,2026-03-12,Noida,31,Female,Google Ads
8225,2025-11-21,Kolkata,43,Female,Email
8226,2026-04-29,Bengaluru,37,Female,Influencer
8227,2025-08-09,Jaipur,53,Female,Meta Ads
8228,2025-07-29,Pune,49,Female,Organic
8229,2025-08-19,Gurugram,31,Male,Email
8230,2026-06-28,Mumbai,21,Female,Meta Ads
8231,2025-11-30,Pune,41,Female,Meta Ads
8232,2025-03-25,Mumbai,32,Male,Email
8233,2025-01-23,Gurugram,52,Female,Organic
8234,2025-10-10,Gurugram,34,Female,Email
8235,2026-03-16,Pune,30,Female,Influencer
8236,2025-09-19,Delhi,32,Male,Google Ads
8237,2025-11-02,Delhi,51,Female,Influencer
8238,2026-03-12,Delhi,24,Male,Email
8239,2025-10-09,Chennai,54,Female,Meta Ads
8240,2026-05-11,Delhi,28,Male,Google Ads
8241,2025-12-14,Bengaluru,50,Female,Meta Ads
8242,2026-02-03,Noida,39,Male,Meta Ads
8243,2026-03-02,Hyderabad,40,Female,Influencer
8244,2025-12-08,Delhi,27,Male,Organic
8245,2025-01-28,Delhi,45,Female,Google Ads
8246,2025-08-21,Bengaluru,43,Female,Meta Ads
8247,2025-03-19,Pune,37,Male,Meta Ads
8248,2025-10-06,Noida,36,Female,Affiliate
8249,2025-03-20,Bengaluru,41,Female,Organic
8250,2025-10-05,Kolkata,36,Male,Google Ads
8251,2025-07-07,Pune,55,Male,Google Ads
8252,2025-01-12,Chennai,21,Male,Google Ads
8253,2025-03-10,Mumbai,29,Male,Email
8254,2025-10-02,Jaipur,50,Female,Google Ads
8255,2025-02-12,Noida,48,Female,Google Ads
8256,2026-04-12,Pune,32,Male,Affiliate
8257,2026-02-18,Bengaluru,38,Female,Meta Ads
8258,2026-01-22,Delhi,20,Male,Influencer
8259,2025-04-04,Jaipur,26,Female,Organic
8260,2026-03-10,Chennai,54,Female,Meta Ads
8261,2025-12-12,Gurugram,43,Female,Google Ads
8262,2025-08-01,Delhi,21,Female,Email
8263,2025-01-01,Pune,48,Male,Organic
8264,2025-10-16,Hyderabad,34,Female,Meta Ads
8265,2026-03-10,Delhi,40,Female,Influencer
8266,2025-01-19,Jaipur,50,Female,Organic
8267,2025-01-29,Chennai,50,Male,Email
8268,2025-07-28,Bengaluru,24,Female,Google Ads
8269,2025-10-06,Gurugram,33,Male,Meta Ads
8270,2025-09-16,Gurugram,29,Female,Meta Ads
8271,2025-08-21,Bengaluru,52,Female,Meta Ads
8272,2025-05-20,Delhi,48,Male,Affiliate
8273,2025-02-02,Mumbai,43,Male,Meta Ads
8274,2025-01-18,Gurugram,22,Male,Google Ads
8275,2025-02-23,Noida,48,Male,Organic
8276,2026-01-12,Noida,40,Male,Organic
8277,2026-03-05,Mumbai,29,Male,Google Ads
8278,2025-08-26,Mumbai,35,Male,Email
8279,2025-02-12,Mumbai,36,Female,Organic
8280,2025-08-15,Pune,30,Female,Meta Ads
8281,2026-06-22,Hyderabad,52,Male,Meta Ads
8282,2025-05-17,Noida,53,Male,Organic
8283,2025-09-25,Jaipur,21,Female,Organic
8284,2025-10-21,Chennai,53,Male,Google Ads
8285,2025-06-29,Bengaluru,34,Male,Google Ads
8286,2025-08-27,Delhi,48,Male,Organic
8287,2025-09-15,Jaipur,48,Female,Google Ads
8288,2025-09-16,Chennai,41,Male,Influencer
8289,2026-01-27,Bengaluru,46,Female,Google Ads
8290,2025-11-13,Noida,44,Male,Organic
8291,2025-01-30,Noida,50,Male,Influencer
8292,2025-01-04,Gurugram,35,Male,Meta Ads
8293,2025-08-12,Gurugram,46,Female,Organic
8294,2026-05-10,Gurugram,55,Female,Google Ads
8295,2025-01-21,Bengaluru,54,Female,Organic
8296,2025-02-08,Delhi,25,Female,Influencer
8297,2026-01-06,Mumbai,37,Female,Influencer
8298,2025-09-03,Kolkata,38,Male,Meta Ads
8299,2025-05-06,Kolkata,42,Female,Affiliate
8300,2025-04-24,Delhi,43,Male,Affiliate
8301,2025-12-29,Pune,50,Female,Meta Ads
8302,2025-10-13,Jaipur,39,Female,Affiliate
8303,2025-12-14,Hyderabad,45,Male,Google Ads
8304,2025-06-02,Mumbai,52,Male,Influencer
8305,2025-10-14,Bengaluru,23,Female,Affiliate
8306,2026-04-14,Gurugram,43,Male,Email
8307,2025-06-22,Mumbai,33,Male,Meta Ads
8308,2025-08-05,Jaipur,52,Female,Influencer
8309,2025-03-31,Pune,39,Male,Google Ads
8310,2025-12-15,Bengaluru,41,Male,Meta Ads
8311,2025-01-18,Noida,47,Female,Meta Ads
8312,2025-05-16,Jaipur,28,Male,Meta Ads
8313,2026-01-24,Noida,39,Male,Google Ads
8314,2025-01-11,Chennai,47,Other,Meta Ads
8315,2026-06-24,Mumbai,47,Male,Influencer
8316,2025-08-09,Gurugram,28,Male,Affiliate
8317,2025-08-06,Noida,50,Female,Affiliate
8318,2025-10-20,Mumbai,25,Male,Email
8319,2025-12-15,Pune,29,Female,Organic
8320,2025-09-08,Bengaluru,50,Female,Email
8321,2026-04-27,Delhi,42,Female,Organic
8322,2026-06-09,Gurugram,39,Male,Affiliate
8323,2025-04-20,Noida,40,Male,Google Ads
8324,2026-01-21,Bengaluru,54,Female,Influencer
8325,2025-06-13,Jaipur,28,Male,Influencer
8326,2026-06-27,Jaipur,30,Female,Meta Ads
8327,2025-05-19,Jaipur,37,Female,Influencer
8328,2025-06-10,Noida,50,Female,Affiliate
8329,2026-01-25,Bengaluru,39,Male,Google Ads
8330,2026-03-07,Delhi,46,Female,Google Ads
8331,2025-03-12,Bengaluru,49,Female,Organic
8332,2025-10-30,Hyderabad,52,Male,Affiliate
8333,2025-07-08,Chennai,36,Female,Google Ads
8334,2025-11-30,Mumbai,36,Male,Meta Ads
8335,2025-10-31,Delhi,22,Female,Email
8336,2026-06-22,Bengaluru,22,Male,Meta Ads
8337,2026-05-24,Bengaluru,37,Male,Google Ads
8338,2025-12-23,Pune,46,Female,Google Ads
8339,2026-01-06,Delhi,50,Male,Affiliate
8340,2026-05-05,Pune,34,Male,Google Ads
8341,2025-04-11,Bengaluru,40,Male,Organic
8342,2026-01-31,Chennai,49,Female,Organic
8343,2026-02-25,Jaipur,31,Male,Influencer
8344,2025-03-11,Gurugram,25,Female,Influencer
8345,2026-04-26,Chennai,53,Female,Influencer
8346,2026-01-17,Noida,39,Female,Email
8347,2025-07-09,Jaipur,25,Male,Google Ads
8348,2025-09-21,Bengaluru,29,Male,Meta Ads
8349,2025-09-24,Chennai,31,Female,Meta Ads
8350,2026-05-16,Chennai,27,Female,Google Ads
8351,2026-06-13,Pune,35,Female,Google Ads
8352,2026-03-16,Mumbai,49,Female,Meta Ads
8353,2025-12-22,Chennai,46,Female,Meta Ads
8354,2025-02-26,Bengaluru,53,Female,Email
8355,2026-05-14,Pune,50,Male,Influencer
8356,2025-03-14,Pune,31,Female,Meta Ads
8357,2025-04-01,Bengaluru,22,Male,Google Ads
8358,2025-02-07,Noida,25,Male,Email
8359,2026-06-01,Gurugram,48,Female,Meta Ads
8360,2025-09-26,Jaipur,32,Male,Influencer
8361,2025-05-09,Hyderabad,45,Male,Meta Ads
8362,2025-02-14,Pune,36,Female,Meta Ads
8363,2025-08-13,Gurugram,52,Female,Organic
8364,2026-01-30,Chennai,38,Female,Meta Ads
8365,2026-06-27,Bengaluru,52,Male,Email
8366,2025-10-29,Gurugram,29,Male,Google Ads
8367,2025-11-27,Noida,47,Female,Meta Ads
8368,2026-04-01,Mumbai,38,Female,Google Ads
8369,2026-05-07,Hyderabad,26,Female,Organic
8370,2025-06-02,Gurugram,28,Male,Google Ads
8371,2026-06-25,Gurugram,31,Male,Google Ads
8372,2025-10-10,Gurugram,25,Female,Email
8373,2026-05-22,Gurugram,53,Male,Email
8374,2025-03-06,Chennai,27,Female,Meta Ads
8375,2025-02-23,Bengaluru,41,Male,Influencer
8376,2026-04-28,Bengaluru,40,Male,Organic
8377,2026-01-02,Noida,39,Female,Influencer
8378,2025-04-06,Hyderabad,42,Male,Meta Ads
8379,2026-05-03,Jaipur,52,Male,Email
8380,2025-02-25,Chennai,54,Female,Meta Ads
8381,2026-01-07,Bengaluru,51,Male,Meta Ads
8382,2025-04-22,Mumbai,36,Male,Google Ads
8383,2025-02-08,Mumbai,46,Female,Google Ads
8384,2026-03-16,Delhi,26,Male,Affiliate
8385,2026-04-07,Delhi,51,Female,Affiliate
8386,2025-02-27,Chennai,27,Male,Google Ads
8387,2025-02-20,Kolkata,24,Male,Google Ads
8388,2025-12-01,Jaipur,49,Male,Google Ads
8389,2025-01-16,Pune,47,Female,Organic
8390,2026-02-11,Jaipur,24,Male,Google Ads
8391,2026-05-15,Bengaluru,54,Female,Organic
8392,2026-02-14,Gurugram,24,Male,Google Ads
8393,2025-05-06,Gurugram,21,Male,Organic
8394,2025-04-14,Gurugram,54,Female,Affiliate
8395,2026-01-06,Chennai,28,Male,Google Ads
8396,2025-02-03,Delhi,28,Female,Affiliate
8397,2025-10-21,Jaipur,48,Female,Influencer
8398,2025-09-02,Chennai,41,Female,Email
8399,2026-02-10,Mumbai,38,Female,Meta Ads
8400,2025-04-21,Chennai,55,Female,Email
8401,2026-02-20,Noida,23,Male,Meta Ads
8402,2026-01-17,Bengaluru,53,Female,Influencer
8403,2025-05-11,Noida,29,Male,Email
8404,2025-07-14,Noida,42,Male,Affiliate
8405,2025-02-05,Delhi,31,Female,Organic
8406,2025-09-02,Chennai,30,Male,Meta Ads
8407,2025-05-23,Chennai,31,Female,Email
8408,2025-03-03,Kolkata,40,Male,Affiliate
8409,2025-11-02,Jaipur,51,Male,Meta Ads
8410,2025-11-06,Jaipur,24,Female,Meta Ads
8411,2025-02-16,Jaipur,43,Female,Influencer
8412,2025-04-12,Delhi,50,Female,Meta Ads
8413,2025-02-15,Chennai,46,Male,Affiliate
8414,2026-01-06,Chennai,55,Male,Google Ads
8415,2025-07-04,Noida,20,Male,Affiliate
8416,2025-02-08,Noida,33,Male,Organic
8417,2025-04-15,Jaipur,35,Male,Google Ads
8418,2026-06-16,Kolkata,39,Female,Google Ads
8419,2025-05-20,Mumbai,31,Male,Meta Ads
8420,2026-01-09,Delhi,29,Female,Organic
8421,2025-09-13,Mumbai,50,Female,Meta Ads
8422,2025-04-10,Delhi,28,Female,Meta Ads
8423,2025-06-17,Pune,54,Male,Email
8424,2025-01-08,Mumbai,21,Male,Influencer
8425,2026-02-12,Delhi,35,Male,Google Ads
8426,2025-07-02,Jaipur,41,Female,Organic
8427,2025-09-30,Kolkata,55,Female,Influencer
8428,2025-03-25,Jaipur,47,Male,Email
8429,2026-03-26,Jaipur,20,Male,Influencer
8430,2025-04-30,Delhi,46,Other,Email
8431,2025-11-05,Chennai,31,Male,Organic
8432,2026-04-21,Chennai,50,Male,Affiliate
8433,2026-01-24,Chennai,47,Male,Google Ads
8434,2025-11-25,Gurugram,26,Male,Email
8435,2026-04-29,Mumbai,32,Male,Organic
8436,2025-04-07,Jaipur,49,Female,Google Ads
8437,2026-06-10,Delhi,53,Female,Meta Ads
8438,2025-10-31,Pune,41,Female,Organic
8439,2025-08-12,Chennai,27,Male,Google Ads
8440,2025-05-20,Chennai,34,Male,Meta Ads
8441,2026-02-10,Hyderabad,48,Female,Google Ads
8442,2026-06-17,Chennai,41,Male,Google Ads
8443,2026-01-12,Jaipur,27,Male,Email
8444,2025-01-18,Chennai,30,Male,Google Ads
8445,2025-09-13,Noida,27,Female,Meta Ads
8446,2026-02-04,Gurugram,36,Male,Google Ads
8447,2025-08-05,Mumbai,36,Female,Influencer
8448,2026-02-26,Mumbai,39,Male,Affiliate
8449,2026-01-21,Mumbai,54,Other,Google Ads
8450,2025-02-06,Gurugram,43,Male,Google Ads
8451,2025-11-01,Pune,41,Female,Meta Ads
8452,2025-04-04,Noida,33,Male,Google Ads
8453,2025-09-23,Chennai,42,Female,Organic
8454,2025-07-29,Pune,54,Male,Email
8455,2026-03-16,Jaipur,20,Female,Email
8456,2026-04-19,Delhi,32,Female,Affiliate
8457,2025-09-09,Gurugram,22,Female,Affiliate
8458,2025-10-20,Kolkata,27,Male,Meta Ads
8459,2025-12-08,Bengaluru,22,Male,Organic
8460,2025-12-24,Hyderabad,41,Other,Meta Ads
8461,2025-12-13,Delhi,49,Female,Organic
8462,2026-03-03,Chennai,53,Male,Google Ads
8463,2026-06-20,Gurugram,28,Male,Meta Ads
8464,2026-03-28,Jaipur,45,Male,Meta Ads
8465,2025-03-15,Mumbai,31,Male,Google Ads
8466,2025-09-17,Noida,31,Male,Meta Ads
8467,2025-09-09,Hyderabad,41,Female,Organic
8468,2025-10-05,Bengaluru,44,Male,Meta Ads
8469,2025-10-16,Bengaluru,41,Female,Influencer
8470,2026-01-27,Jaipur,23,Other,Meta Ads
8471,2025-08-18,Mumbai,34,Male,Influencer
8472,2025-05-24,Mumbai,30,Male,Google Ads
8473,2025-09-07,Pune,20,Female,Meta Ads
8474,2026-04-11,Noida,21,Male,Google Ads
8475,2025-06-19,Kolkata,36,Female,Google Ads
8476,2025-01-12,Gurugram,23,Female,Google Ads
8477,2026-06-17,Gurugram,46,Male,Organic
8478,2025-04-17,Delhi,22,Female,Google Ads
8479,2025-11-25,Mumbai,28,Male,Google Ads
8480,2026-03-13,Hyderabad,55,Male,Meta Ads
8481,2025-05-30,Chennai,45,Other,Organic
8482,2025-07-05,Kolkata,40,Male,Meta Ads
8483,2025-06-02,Chennai,20,Male,Google Ads
8484,2025-03-23,Mumbai,21,Male,Google Ads
8485,2025-03-25,Kolkata,52,Male,Organic
8486,2025-04-12,Noida,48,Male,Organic
8487,2025-09-07,Gurugram,54,Female,Meta Ads
8488,2025-10-17,Mumbai,49,Male,Email
8489,2025-01-09,Hyderabad,20,Female,Google Ads
8490,2026-04-07,Gurugram,49,Male,Meta Ads
8491,2026-01-04,Jaipur,36,Male,Organic
8492,2025-02-08,Gurugram,44,Female,Organic
8493,2026-04-05,Mumbai,34,Female,Meta Ads
8494,2025-01-17,Pune,45,Female,Organic
8495,2025-11-02,Bengaluru,50,Male,Meta Ads
8496,2025-09-11,Bengaluru,55,Female,Organic
8497,2025-10-01,Jaipur,39,Female,Organic
8498,2026-06-06,Bengaluru,30,Female,Organic
8499,2026-05-21,Noida,42,Female,Google Ads
8500,2025-06-02,Chennai,37,Male,Meta Ads
8501,2025-11-12,Chennai,27,Male,Meta Ads
8502,2026-06-07,Gurugram,46,Male,Meta Ads
8503,2026-02-02,Kolkata,22,Male,Meta Ads
8504,2026-04-29,Mumbai,34,Male,Organic
8505,2025-08-25,Noida,44,Male,Email
8506,2025-06-04,Noida,53,Male,Email
8507,2025-10-06,Chennai,42,Female,Organic
8508,2026-03-22,Gurugram,55,Female,Meta Ads
8509,2026-05-22,Bengaluru,49,Female,Google Ads
8510,2026-01-09,Chennai,28,Male,Google Ads
8511,2026-01-21,Kolkata,50,Female,Organic
8512,2025-10-06,Bengaluru,32,Other,Google Ads
8513,2025-06-24,Jaipur,42,Male,Meta Ads
8514,2025-08-19,Mumbai,27,Female,Meta Ads
8515,2025-09-29,Kolkata,39,Male,Email
8516,2026-03-21,Gurugram,44,Female,Influencer
8517,2025-10-30,Delhi,52,Female,Affiliate
8518,2026-03-09,Chennai,53,Female,Google Ads
8519,2025-01-15,Chennai,48,Female,Email
8520,2026-02-17,Jaipur,40,Male,Google Ads
8521,2025-10-04,Jaipur,51,Female,Affiliate
8522,2026-06-29,Noida,23,Female,Meta Ads
8523,2025-09-15,Pune,55,Female,Google Ads
8524,2025-09-18,Chennai,27,Male,Meta Ads
8525,2025-03-11,Pune,34,Male,Meta Ads
8526,2026-03-16,Delhi,52,Female,Influencer
8527,2026-01-18,Delhi,45,Female,Google Ads
8528,2026-04-16,Pune,50,Female,Influencer
8529,2025-02-20,Kolkata,44,Male,Google Ads
8530,2025-04-26,Noida,41,Female,Google Ads
8531,2026-04-23,Delhi,26,Female,Organic
8532,2025-01-23,Bengaluru,55,Female,Email
8533,2025-10-04,Mumbai,42,Female,Affiliate
8534,2025-08-09,Jaipur,44,Male,Email
8535,2026-05-27,Jaipur,35,Female,Email
8536,2026-04-12,Hyderabad,54,Female,Google Ads
8537,2026-05-04,Jaipur,36,Male,Influencer
8538,2025-06-07,Gurugram,26,Male,Organic
8539,2025-11-17,Jaipur,26,Female,Organic
8540,2026-01-17,Bengaluru,45,Male,Affiliate
8541,2026-06-12,Bengaluru,46,Male,Google Ads
8542,2025-01-05,Delhi,27,Female,Affiliate
8543,2026-06-17,Noida,45,Other,Email
8544,2025-07-13,Noida,55,Female,Affiliate
8545,2025-03-11,Bengaluru,39,Male,Organic
8546,2025-12-02,Noida,54,Male,Meta Ads
8547,2026-03-02,Noida,25,Male,Organic
8548,2025-03-12,Pune,34,Male,Organic
8549,2025-01-23,Kolkata,40,Female,Google Ads
8550,2026-05-04,Delhi,32,Male,Organic
8551,2026-05-24,Hyderabad,23,Male,Email
8552,2025-03-27,Jaipur,36,Female,Affiliate
8553,2026-05-08,Bengaluru,32,Male,Affiliate
8554,2026-05-11,Noida,27,Male,Google Ads
8555,2026-06-28,Delhi,33,Male,Google Ads
8556,2025-04-28,Jaipur,35,Male,Google Ads
8557,2025-11-12,Bengaluru,51,Male,Organic
8558,2026-06-26,Noida,37,Other,Affiliate
8559,2026-05-07,Kolkata,34,Female,Organic
8560,2025-11-26,Kolkata,34,Female,Affiliate
8561,2025-04-18,Chennai,41,Female,Email
8562,2025-02-15,Delhi,29,Male,Email
8563,2025-05-22,Delhi,51,Female,Influencer
8564,2025-02-05,Gurugram,35,Male,Google Ads
8565,2025-04-17,Noida,35,Male,Meta Ads
8566,2025-02-10,Hyderabad,22,Male,Meta Ads
8567,2026-02-20,Mumbai,51,Female,Google Ads
8568,2025-11-18,Chennai,36,Male,Organic
8569,2025-10-10,Noida,24,Male,Meta Ads
8570,2026-03-18,Chennai,26,Male,Meta Ads
8571,2025-08-12,Jaipur,33,Male,Google Ads
8572,2025-08-08,Noida,48,Male,Meta Ads
8573,2025-04-23,Pune,23,Female,Google Ads
8574,2025-08-31,Hyderabad,24,Male,Affiliate
8575,2025-04-06,Delhi,40,Female,Email
8576,2025-11-18,Gurugram,37,Male,Affiliate
8577,2026-06-28,Chennai,54,Male,Meta Ads
8578,2025-10-18,Kolkata,47,Female,Google Ads
8579,2025-06-12,Mumbai,43,Female,Organic
8580,2026-01-10,Noida,32,Male,Google Ads
8581,2026-03-23,Gurugram,42,Female,Meta Ads
8582,2025-09-15,Kolkata,41,Female,Email
8583,2025-05-17,Hyderabad,30,Male,Organic
8584,2026-01-25,Bengaluru,33,Female,Affiliate
8585,2025-04-13,Delhi,53,Male,Google Ads
8586,2026-06-28,Chennai,39,Female,Organic
8587,2025-06-23,Bengaluru,36,Male,Meta Ads
8588,2025-07-10,Hyderabad,48,Female,Organic
8589,2026-02-01,Kolkata,29,Female,Influencer
8590,2025-01-07,Hyderabad,27,Female,Email
8591,2025-04-21,Jaipur,55,Male,Meta Ads
8592,2025-03-10,Hyderabad,48,Female,Affiliate
8593,2025-08-02,Mumbai,35,Male,Email
8594,2025-10-29,Jaipur,54,Male,Affiliate
8595,2025-04-08,Pune,33,Male,Email
8596,2025-07-07,Chennai,44,Female,Influencer
8597,2026-02-25,Gurugram,21,Female,Google Ads
8598,2026-05-28,Pune,45,Female,Organic
8599,2025-01-08,Hyderabad,26,Male,Meta Ads
8600,2025-12-08,Noida,28,Female,Organic
8601,2025-01-14,Gurugram,49,Female,Influencer
8602,2025-10-11,Jaipur,27,Female,Organic
8603,2026-04-25,Hyderabad,37,Female,Organic
8604,2026-03-11,Chennai,53,Male,Google Ads
8605,2025-05-07,Noida,54,Female,Google Ads
8606,2025-05-21,Gurugram,35,Female,Email
8607,2026-03-04,Jaipur,23,Female,Meta Ads
8608,2026-03-23,Bengaluru,30,Male,Google Ads
8609,2025-06-03,Kolkata,42,Male,Organic
8610,2025-01-02,Kolkata,32,Male,Organic
8611,2025-08-31,Mumbai,45,Female,Google Ads
8612,2025-12-04,Jaipur,55,Male,Google Ads
8613,2025-08-30,Chennai,42,Female,Meta Ads
8614,2026-05-25,Noida,42,Male,Organic
8615,2026-03-20,Delhi,39,Male,Affiliate
8616,2026-03-06,Noida,26,Male,Meta Ads
8617,2025-01-12,Chennai,40,Male,Google Ads
8618,2026-04-11,Noida,53,Male,Affiliate
8619,2026-02-16,Gurugram,44,Female,Google Ads
8620,2025-08-05,Bengaluru,47,Other,Organic
8621,2025-11-18,Noida,51,Male,Meta Ads
8622,2026-03-26,Mumbai,33,Male,Influencer
8623,2026-05-09,Pune,32,Female,Organic
8624,2025-10-28,Jaipur,54,Male,Google Ads
8625,2025-01-23,Bengaluru,36,Female,Meta Ads
8626,2025-12-04,Chennai,46,Female,Google Ads
8627,2026-01-06,Hyderabad,42,Female,Meta Ads
8628,2025-02-02,Bengaluru,24,Male,Meta Ads
8629,2026-03-22,Hyderabad,31,Other,Email
8630,2025-04-20,Jaipur,31,Female,Affiliate
8631,2026-05-01,Delhi,26,Male,Google Ads
8632,2025-10-28,Hyderabad,48,Female,Meta Ads
8633,2025-06-25,Delhi,54,Male,Affiliate
8634,2025-02-02,Kolkata,54,Male,Meta Ads
8635,2025-01-10,Pune,27,Other,Email
8636,2026-02-09,Delhi,36,Male,Organic
8637,2025-07-25,Pune,28,Male,Organic
8638,2026-04-03,Bengaluru,22,Male,Email
8639,2025-05-06,Delhi,42,Female,Influencer
8640,2026-05-17,Jaipur,50,Female,Google Ads
8641,2026-05-29,Mumbai,22,Female,Google Ads
8642,2025-02-25,Delhi,43,Female,Meta Ads
8643,2025-12-19,Pune,21,Male,Google Ads
8644,2026-05-28,Mumbai,50,Female,Google Ads
8645,2025-06-26,Pune,22,Male,Google Ads
8646,2025-02-06,Noida,35,Male,Organic
8647,2026-04-23,Kolkata,24,Female,Meta Ads
8648,2025-09-16,Bengaluru,34,Other,Affiliate
8649,2025-01-15,Bengaluru,35,Female,Meta Ads
8650,2026-04-03,Kolkata,39,Female,Organic
8651,2026-01-05,Hyderabad,49,Male,Google Ads
8652,2025-02-08,Delhi,55,Male,Google Ads
8653,2025-05-21,Hyderabad,32,Female,Organic
8654,2025-01-10,Pune,53,Female,Google Ads
8655,2026-06-05,Mumbai,35,Female,Organic
8656,2025-01-14,Noida,24,Female,Organic
8657,2026-03-10,Delhi,41,Male,Organic
8658,2025-10-06,Kolkata,46,Male,Email
8659,2025-11-14,Delhi,30,Male,Affiliate
8660,2026-03-19,Hyderabad,41,Female,Google Ads
8661,2026-05-03,Kolkata,35,Other,Influencer
8662,2025-03-11,Mumbai,25,Female,Google Ads
8663,2025-01-10,Gurugram,33,Female,Meta Ads
8664,2025-03-09,Chennai,35,Female,Influencer
8665,2026-01-07,Pune,32,Male,Meta Ads
8666,2025-11-06,Delhi,52,Male,Affiliate
8667,2025-02-15,Hyderabad,33,Male,Email
8668,2025-05-08,Delhi,42,Female,Affiliate
8669,2025-10-20,Mumbai,20,Male,Google Ads
8670,2026-02-02,Mumbai,31,Female,Email
8671,2025-07-07,Kolkata,51,Male,Google Ads
8672,2026-06-02,Jaipur,52,Female,Google Ads
8673,2026-06-25,Pune,55,Male,Organic
8674,2026-02-22,Chennai,22,Female,Organic
8675,2025-09-05,Delhi,51,Male,Organic
8676,2026-04-24,Delhi,29,Female,Organic
8677,2026-02-01,Chennai,20,Female,Affiliate
8678,2025-10-11,Bengaluru,23,Male,Meta Ads
8679,2025-08-30,Hyderabad,47,Female,Meta Ads
8680,2026-03-30,Pune,41,Female,Organic
8681,2025-10-31,Mumbai,40,Male,Organic
8682,2025-04-10,Pune,51,Female,Google Ads
8683,2026-06-29,Chennai,23,Female,Meta Ads
8684,2025-02-07,Gurugram,22,Female,Google Ads
8685,2026-01-14,Pune,53,Female,Organic
8686,2025-12-24,Noida,41,Female,Google Ads
8687,2025-11-16,Mumbai,47,Male,Organic
8688,2025-01-29,Chennai,38,Male,Organic
8689,2025-09-26,Jaipur,25,Male,Influencer
8690,2026-05-02,Delhi,38,Female,Meta Ads
8691,2025-05-11,Pune,54,Male,Affiliate
8692,2026-01-12,Hyderabad,24,Male,Organic
8693,2026-04-14,Pune,24,Female,Google Ads
8694,2026-06-03,Chennai,32,Male,Meta Ads
8695,2025-10-09,Delhi,36,Male,Meta Ads
8696,2025-06-21,Chennai,42,Female,Google Ads
8697,2026-01-17,Gurugram,25,Female,Meta Ads
8698,2025-09-22,Noida,53,Female,Google Ads
8699,2025-12-08,Bengaluru,25,Male,Affiliate
8700,2026-02-09,Delhi,27,Female,Meta Ads
8701,2026-01-23,Pune,54,Female,Google Ads
8702,2025-05-13,Hyderabad,33,Male,Organic
8703,2026-02-16,Hyderabad,40,Male,Affiliate
8704,2025-10-23,Delhi,35,Male,Influencer
8705,2026-05-23,Chennai,29,Female,Affiliate
8706,2025-12-26,Delhi,38,Male,Affiliate
8707,2026-05-02,Gurugram,47,Female,Meta Ads
8708,2026-06-18,Mumbai,20,Female,Email
8709,2026-06-27,Chennai,51,Female,Meta Ads
8710,2026-02-10,Bengaluru,26,Male,Influencer
8711,2025-11-22,Kolkata,53,Female,Google Ads
8712,2025-03-06,Jaipur,54,Female,Email
8713,2025-07-30,Chennai,53,Male,Google Ads
8714,2025-09-17,Delhi,43,Female,Affiliate
8715,2026-03-02,Chennai,52,Male,Meta Ads
8716,2025-11-17,Gurugram,50,Male,Affiliate
8717,2025-08-28,Kolkata,43,Male,Influencer
8718,2025-03-21,Jaipur,52,Male,Google Ads
8719,2026-01-26,Delhi,32,Male,Organic
8720,2025-08-24,Delhi,50,Female,Meta Ads
8721,2025-01-20,Pune,53,Male,Meta Ads
8722,2025-06-04,Noida,42,Male,Meta Ads
8723,2026-04-25,Jaipur,24,Female,Organic
8724,2025-03-06,Hyderabad,27,Female,Meta Ads
8725,2025-08-10,Hyderabad,26,Male,Organic
8726,2025-10-07,Kolkata,39,Male,Organic
8727,2025-02-15,Gurugram,35,Male,Meta Ads
8728,2025-04-01,Hyderabad,49,Female,Google Ads
8729,2026-05-28,Jaipur,30,Female,Google Ads
8730,2025-11-18,Delhi,25,Male,Meta Ads
8731,2025-04-25,Noida,42,Male,Influencer
8732,2025-04-03,Noida,25,Female,Meta Ads
8733,2025-08-21,Mumbai,52,Female,Organic
8734,2026-01-30,Noida,22,Male,Influencer
8735,2026-02-03,Noida,37,Male,Meta Ads
8736,2025-04-17,Kolkata,54,Male,Email
8737,2026-01-31,Bengaluru,39,Female,Affiliate
8738,2026-05-04,Mumbai,49,Other,Organic
8739,2025-05-04,Bengaluru,35,Male,Google Ads
8740,2025-01-15,Jaipur,47,Female,Organic
8741,2026-06-07,Bengaluru,45,Male,Influencer
8742,2025-10-12,Bengaluru,38,Female,Organic
8743,2025-06-24,Jaipur,23,Female,Organic
8744,2025-06-13,Delhi,54,Female,Organic
8745,2025-05-03,Bengaluru,21,Male,Organic
8746,2025-04-29,Chennai,32,Male,Google Ads
8747,2025-09-15,Hyderabad,43,Female,Influencer
8748,2025-02-27,Kolkata,47,Female,Google Ads
8749,2026-04-04,Kolkata,39,Male,Affiliate
8750,2025-10-06,Mumbai,34,Female,Meta Ads
8751,2026-05-14,Kolkata,34,Male,Organic
8752,2025-10-01,Gurugram,55,Male,Affiliate
8753,2025-06-15,Gurugram,32,Female,Affiliate
8754,2025-10-08,Jaipur,50,Male,Google Ads
8755,2025-03-26,Delhi,21,Male,Organic
8756,2026-03-26,Mumbai,43,Male,Google Ads
8757,2026-01-28,Pune,44,Female,Google Ads
8758,2025-03-22,Bengaluru,44,Male,Email
8759,2025-11-14,Kolkata,35,Male,Influencer
8760,2025-10-21,Gurugram,44,Male,Influencer
8761,2025-04-20,Hyderabad,36,Male,Email
8762,2025-03-08,Noida,41,Male,Organic
8763,2026-02-19,Gurugram,52,Male,Google Ads
8764,2025-05-24,Noida,44,Male,Google Ads
8765,2025-10-10,Chennai,46,Female,Organic
8766,2025-05-16,Gurugram,54,Male,Affiliate
8767,2025-12-23,Pune,27,Male,Organic
8768,2025-01-27,Mumbai,41,Female,Google Ads
8769,2025-07-15,Hyderabad,43,Male,Meta Ads
8770,2025-10-26,Kolkata,45,Male,Google Ads
8771,2025-08-28,Kolkata,24,Other,Affiliate
8772,2025-11-30,Delhi,47,Female,Meta Ads
8773,2025-04-09,Chennai,26,Female,Meta Ads
8774,2025-08-29,Jaipur,34,Female,Email
8775,2026-02-17,Pune,45,Female,Google Ads
8776,2025-07-01,Noida,29,Male,Meta Ads
8777,2025-03-27,Pune,24,Male,Organic
8778,2026-04-08,Pune,44,Female,Meta Ads
8779,2026-03-01,Pune,30,Male,Email
8780,2026-01-06,Bengaluru,49,Female,Influencer
8781,2026-03-11,Hyderabad,52,Male,Google Ads
8782,2026-03-01,Pune,32,Male,Meta Ads
8783,2026-02-11,Bengaluru,46,Female,Organic
8784,2025-10-05,Chennai,28,Female,Email
8785,2025-01-11,Chennai,53,Female,Influencer
8786,2025-11-22,Mumbai,28,Male,Google Ads
8787,2025-05-29,Pune,51,Male,Affiliate
8788,2026-02-26,Chennai,48,Female,Meta Ads
8789,2025-09-13,Bengaluru,31,Male,Google Ads
8790,2026-05-09,Chennai,49,Female,Email
8791,2025-11-21,Noida,42,Female,Meta Ads
8792,2025-10-28,Mumbai,44,Male,Google Ads
8793,2026-05-16,Chennai,33,Male,Google Ads
8794,2025-09-16,Kolkata,28,Female,Meta Ads
8795,2025-07-24,Pune,45,Male,Email
8796,2025-07-22,Pune,21,Male,Google Ads
8797,2026-04-22,Mumbai,32,Female,Google Ads
8798,2026-02-17,Chennai,25,Male,Meta Ads
8799,2025-03-31,Mumbai,20,Female,Organic
8800,2025-09-26,Delhi,20,Male,Influencer
8801,2025-07-22,Gurugram,23,Male,Google Ads
8802,2025-12-19,Pune,53,Female,Influencer
8803,2025-01-29,Jaipur,47,Male,Organic
8804,2026-01-25,Bengaluru,55,Female,Influencer
8805,2026-02-09,Kolkata,23,Male,Email
8806,2025-05-04,Chennai,55,Female,Meta Ads
8807,2025-03-24,Hyderabad,41,Female,Affiliate
8808,2025-12-09,Kolkata,48,Female,Email
8809,2025-05-21,Bengaluru,50,Male,Affiliate
8810,2026-05-29,Bengaluru,29,Male,Affiliate
8811,2026-02-27,Chennai,46,Male,Email
8812,2026-06-05,Pune,43,Female,Email
8813,2025-10-19,Hyderabad,34,Female,Meta Ads
8814,2026-05-27,Bengaluru,37,Female,Organic
8815,2025-01-08,Jaipur,27,Male,Organic
8816,2025-06-08,Delhi,26,Male,Organic
8817,2025-01-02,Delhi,53,Male,Google Ads
8818,2026-01-05,Bengaluru,46,Male,Influencer
8819,2025-10-06,Delhi,40,Male,Meta Ads
8820,2025-06-06,Mumbai,44,Male,Google Ads
8821,2025-06-16,Hyderabad,34,Male,Google Ads
8822,2025-12-17,Bengaluru,28,Female,Google Ads
8823,2025-04-09,Gurugram,53,Male,Meta Ads
8824,2025-10-08,Gurugram,55,Male,Google Ads
8825,2025-12-01,Pune,27,Female,Google Ads
8826,2025-05-11,Jaipur,48,Female,Google Ads
8827,2025-05-05,Chennai,35,Male,Google Ads
8828,2025-07-13,Hyderabad,45,Female,Influencer
8829,2025-11-19,Noida,23,Female,Email
8830,2025-05-19,Gurugram,37,Female,Google Ads
8831,2025-07-26,Bengaluru,24,Female,Email
8832,2025-10-24,Gurugram,49,Male,Organic
8833,2025-04-12,Pune,34,Female,Email
8834,2025-11-07,Mumbai,29,Male,Meta Ads
8835,2025-03-17,Kolkata,45,Male,Organic
8836,2025-03-19,Gurugram,54,Male,Google Ads
8837,2025-05-10,Bengaluru,32,Male,Google Ads
8838,2025-06-06,Chennai,45,Male,Influencer
8839,2025-01-17,Gurugram,44,Female,Meta Ads
8840,2026-06-09,Chennai,37,Male,Google Ads
8841,2025-06-17,Hyderabad,48,Male,Google Ads
8842,2026-03-15,Pune,24,Male,Organic
8843,2026-05-07,Bengaluru,51,Male,Google Ads
8844,2026-03-13,Jaipur,34,Male,Meta Ads
8845,2026-03-30,Chennai,21,Male,Meta Ads
8846,2025-02-24,Noida,55,Female,Google Ads
8847,2025-07-22,Hyderabad,47,Other,Meta Ads
8848,2026-02-11,Jaipur,49,Male,Google Ads
8849,2025-11-10,Gurugram,25,Male,Meta Ads
8850,2025-01-04,Hyderabad,47,Female,Google Ads
8851,2025-11-06,Chennai,45,Female,Influencer
8852,2026-03-15,Gurugram,52,Other,Organic
8853,2026-03-28,Hyderabad,33,Female,Google Ads
8854,2025-07-29,Hyderabad,53,Female,Google Ads
8855,2025-05-09,Noida,45,Male,Organic
8856,2025-06-18,Noida,29,Male,Organic
8857,2025-06-11,Hyderabad,27,Female,Meta Ads
8858,2025-07-08,Noida,52,Female,Google Ads
8859,2025-06-14,Jaipur,43,Female,Email
8860,2025-09-07,Hyderabad,24,Other,Meta Ads
8861,2025-01-23,Chennai,24,Male,Google Ads
8862,2025-05-30,Mumbai,49,Male,Meta Ads
8863,2025-06-21,Gurugram,26,Female,Organic
8864,2025-03-25,Bengaluru,27,Female,Meta Ads
8865,2026-04-24,Chennai,42,Female,Google Ads
8866,2026-01-04,Mumbai,51,Female,Google Ads
8867,2026-05-13,Gurugram,32,Other,Email
8868,2025-11-03,Noida,43,Male,Email
8869,2025-03-01,Hyderabad,45,Male,Organic
8870,2026-05-09,Pune,41,Male,Email
8871,2025-09-07,Hyderabad,44,Male,Meta Ads
8872,2026-01-09,Gurugram,28,Female,Meta Ads
8873,2025-07-27,Gurugram,42,Male,Influencer
8874,2025-09-27,Mumbai,20,Female,Affiliate
8875,2025-09-24,Mumbai,46,Male,Meta Ads
8876,2025-06-05,Gurugram,48,Female,Organic
8877,2025-10-30,Jaipur,48,Male,Google Ads
8878,2026-02-04,Mumbai,21,Female,Google Ads
8879,2025-01-12,Gurugram,52,Male,Meta Ads
8880,2025-03-13,Pune,35,Male,Organic
8881,2026-04-05,Kolkata,22,Male,Influencer
8882,2025-11-07,Bengaluru,39,Female,Organic
8883,2026-06-15,Pune,40,Female,Organic
8884,2025-11-26,Delhi,34,Other,Google Ads
8885,2025-12-23,Hyderabad,46,Female,Influencer
8886,2026-05-05,Delhi,39,Male,Google Ads
8887,2025-12-26,Noida,27,Male,Influencer
8888,2025-06-29,Hyderabad,42,Male,Google Ads
8889,2025-10-15,Gurugram,29,Male,Google Ads
8890,2025-05-09,Delhi,24,Male,Email
8891,2025-07-02,Noida,29,Female,Google Ads
8892,2026-01-06,Chennai,52,Female,Google Ads
8893,2025-03-23,Hyderabad,40,Male,Organic
8894,2026-01-02,Mumbai,31,Female,Organic
8895,2025-11-15,Jaipur,33,Female,Meta Ads
8896,2025-06-18,Mumbai,50,Male,Email
8897,2025-01-25,Kolkata,43,Female,Email
8898,2026-01-20,Mumbai,47,Other,Google Ads
8899,2026-03-26,Delhi,41,Female,Meta Ads
8900,2026-02-02,Noida,55,Female,Organic
8901,2025-08-18,Gurugram,43,Male,Affiliate
8902,2025-12-23,Noida,34,Male,Meta Ads
8903,2025-08-15,Noida,29,Other,Organic
8904,2025-07-15,Mumbai,21,Male,Email
8905,2025-06-28,Jaipur,47,Male,Organic
8906,2025-04-25,Gurugram,53,Male,Affiliate
8907,2026-06-13,Gurugram,43,Female,Email
8908,2025-12-30,Jaipur,37,Male,Google Ads
8909,2025-04-06,Gurugram,24,Female,Affiliate
8910,2026-04-17,Kolkata,43,Female,Organic
8911,2025-03-24,Pune,27,Male,Organic
8912,2025-11-20,Jaipur,42,Male,Email
8913,2025-04-01,Hyderabad,30,Female,Google Ads
8914,2025-07-16,Hyderabad,51,Female,Meta Ads
8915,2025-12-25,Gurugram,53,Female,Email
8916,2026-06-29,Hyderabad,28,Female,Meta Ads
8917,2026-06-25,Pune,31,Male,Google Ads
8918,2026-05-04,Jaipur,53,Female,Organic
8919,2025-05-09,Delhi,20,Female,Meta Ads
8920,2025-02-20,Noida,38,Female,Organic
8921,2026-05-09,Delhi,25,Female,Google Ads
8922,2026-05-19,Chennai,35,Male,Email
8923,2025-06-01,Delhi,21,Female,Google Ads
8924,2025-01-11,Jaipur,25,Female,Organic
8925,2025-12-20,Mumbai,34,Male,Email
8926,2025-02-11,Gurugram,22,Female,Meta Ads
8927,2025-01-23,Jaipur,48,Male,Influencer
8928,2026-05-26,Chennai,40,Female,Meta Ads
8929,2025-09-28,Hyderabad,36,Female,Meta Ads
8930,2025-03-03,Kolkata,37,Male,Organic
8931,2025-12-23,Chennai,50,Male,Email
8932,2025-07-21,Pune,50,Female,Organic
8933,2025-10-20,Mumbai,21,Male,Influencer
8934,2026-05-05,Jaipur,44,Male,Organic
8935,2025-05-10,Chennai,36,Female,Google Ads
8936,2025-12-19,Jaipur,48,Male,Google Ads
8937,2026-03-28,Jaipur,48,Female,Affiliate
8938,2025-08-19,Hyderabad,45,Male,Google Ads
8939,2026-06-13,Mumbai,44,Male,Email
8940,2025-09-02,Jaipur,27,Male,Influencer
8941,2025-09-08,Jaipur,50,Female,Organic
8942,2026-04-27,Noida,45,Female,Google Ads
8943,2025-12-13,Pune,29,Male,Organic
8944,2026-04-19,Pune,28,Male,Meta Ads
8945,2026-03-07,Chennai,38,Female,Influencer
8946,2026-01-24,Jaipur,32,Female,Email
8947,2025-05-12,Gurugram,44,Male,Email
8948,2025-08-06,Jaipur,34,Male,Google Ads
8949,2026-04-17,Pune,26,Female,Google Ads
8950,2025-12-02,Delhi,34,Female,Meta Ads
8951,2025-06-02,Hyderabad,49,Female,Organic
8952,2025-06-28,Noida,49,Female,Email
8953,2026-02-27,Jaipur,31,Female,Affiliate
8954,2025-04-08,Chennai,48,Female,Google Ads
8955,2025-03-03,Jaipur,23,Female,Meta Ads
8956,2026-02-21,Pune,55,Female,Email
8957,2025-06-07,Mumbai,47,Male,Organic
8958,2026-02-22,Bengaluru,21,Female,Email
8959,2025-10-18,Jaipur,45,Male,Meta Ads
8960,2026-06-28,Noida,37,Female,Google Ads
8961,2025-10-14,Kolkata,51,Female,Organic
8962,2026-04-18,Bengaluru,28,Female,Influencer
8963,2026-04-09,Hyderabad,52,Male,Affiliate
8964,2025-04-26,Pune,51,Female,Organic
8965,2026-06-27,Delhi,30,Male,Organic
8966,2026-02-11,Noida,35,Male,Organic
8967,2025-02-28,Noida,43,Female,Organic
8968,2025-01-04,Chennai,28,Male,Google Ads
8969,2025-05-28,Delhi,55,Female,Meta Ads
8970,2025-01-09,Pune,26,Male,Affiliate
8971,2025-07-14,Noida,28,Female,Affiliate
8972,2026-06-28,Chennai,38,Female,Organic
8973,2025-09-19,Jaipur,37,Male,Meta Ads
8974,2025-01-14,Bengaluru,21,Female,Affiliate
8975,2025-09-27,Gurugram,52,Male,Google Ads
8976,2025-04-30,Bengaluru,28,Female,Google Ads
8977,2026-04-12,Pune,23,Female,Email
8978,2025-02-19,Chennai,38,Female,Email
8979,2026-02-24,Pune,53,Female,Meta Ads
8980,2025-09-01,Hyderabad,20,Female,Organic
8981,2025-01-11,Pune,37,Female,Organic
8982,2026-01-02,Gurugram,52,Female,Google Ads
8983,2025-09-05,Gurugram,52,Male,Meta Ads
8984,2026-02-25,Jaipur,26,Male,Organic
8985,2025-12-03,Hyderabad,42,Female,Influencer
8986,2026-03-06,Kolkata,50,Male,Affiliate
8987,2025-09-08,Pune,44,Male,Google Ads
8988,2025-01-05,Bengaluru,43,Female,Email
8989,2025-03-13,Hyderabad,47,Female,Affiliate
8990,2025-09-08,Pune,36,Male,Google Ads
8991,2025-08-05,Noida,22,Male,Organic
8992,2026-03-09,Bengaluru,43,Male,Meta Ads
8993,2025-08-13,Chennai,42,Male,Organic
8994,2026-04-14,Delhi,50,Male,Google Ads
8995,2025-04-13,Delhi,53,Female,Meta Ads
8996,2025-07-29,Noida,32,Male,Meta Ads
8997,2026-02-17,Hyderabad,54,Female,Meta Ads
8998,2025-03-09,Gurugram,20,Other,Google Ads
8999,2025-06-25,Bengaluru,54,Male,Meta Ads
9000,2026-02-14,Noida,24,Other,Email
9001,2025-11-17,Gurugram,43,Male,Google Ads
9002,2026-03-01,Delhi,44,Female,Meta Ads
9003,2025-10-09,Kolkata,42,Other,Google Ads
9004,2026-04-14,Bengaluru,55,Female,Influencer
9005,2026-04-24,Noida,39,Male,Google Ads
9006,2026-06-16,Hyderabad,24,Male,Organic
9007,2025-03-08,Jaipur,41,Male,Meta Ads
9008,2025-11-19,Kolkata,30,Female,Meta Ads
9009,2025-03-04,Kolkata,42,Male,Affiliate
9010,2025-05-05,Bengaluru,33,Female,Organic
9011,2025-06-13,Mumbai,21,Male,Organic
9012,2025-12-19,Mumbai,42,Male,Google Ads
9013,2025-08-24,Mumbai,23,Male,Meta Ads
9014,2026-04-17,Jaipur,31,Male,Meta Ads
9015,2025-06-12,Noida,42,Female,Meta Ads
9016,2025-12-03,Kolkata,51,Male,Influencer
9017,2026-02-20,Jaipur,31,Male,Meta Ads
9018,2026-06-19,Kolkata,30,Female,Meta Ads
9019,2025-05-14,Pune,30,Male,Google Ads
9020,2026-02-04,Kolkata,40,Female,Meta Ads
9021,2025-02-16,Delhi,26,Female,Google Ads
9022,2025-10-24,Kolkata,38,Female,Meta Ads
9023,2025-08-14,Hyderabad,48,Male,Influencer
9024,2026-06-07,Jaipur,22,Male,Email
9025,2026-02-26,Delhi,54,Female,Google Ads
9026,2026-05-21,Jaipur,39,Female,Meta Ads
9027,2026-04-09,Hyderabad,42,Male,Email
9028,2025-08-12,Noida,42,Male,Google Ads
9029,2026-02-04,Hyderabad,54,Male,Affiliate
9030,2025-01-17,Delhi,43,Female,Email
9031,2025-11-01,Delhi,51,Male,Meta Ads
9032,2025-01-26,Hyderabad,30,Other,Organic
9033,2026-01-30,Kolkata,27,Male,Google Ads
9034,2026-06-11,Noida,43,Other,Google Ads
9035,2026-01-07,Gurugram,25,Male,Organic
9036,2026-04-03,Mumbai,24,Male,Google Ads
9037,2025-05-08,Hyderabad,27,Male,Google Ads
9038,2026-06-26,Delhi,29,Male,Influencer
9039,2025-10-28,Pune,23,Other,Affiliate
9040,2026-01-03,Bengaluru,46,Male,Google Ads
9041,2026-02-24,Jaipur,40,Male,Affiliate
9042,2025-12-15,Mumbai,27,Other,Google Ads
9043,2025-06-22,Bengaluru,30,Male,Affiliate
9044,2025-11-30,Delhi,53,Male,Meta Ads
9045,2025-12-23,Jaipur,52,Male,Email
9046,2026-04-13,Kolkata,24,Male,Organic
9047,2025-09-20,Mumbai,42,Female,Google Ads
9048,2025-10-01,Bengaluru,31,Male,Influencer
9049,2025-10-02,Kolkata,32,Female,Google Ads
9050,2025-03-04,Gurugram,41,Male,Influencer
9051,2025-02-19,Gurugram,55,Male,Google Ads
9052,2025-01-12,Gurugram,40,Female,Google Ads
9053,2025-12-30,Chennai,54,Female,Google Ads
9054,2025-08-17,Gurugram,49,Female,Meta Ads
9055,2026-04-17,Delhi,48,Male,Email
9056,2026-01-18,Noida,48,Male,Organic
9057,2025-03-19,Jaipur,48,Female,Affiliate
9058,2025-02-24,Kolkata,29,Female,Email
9059,2025-07-19,Jaipur,55,Male,Email
9060,2026-05-17,Gurugram,53,Male,Meta Ads
9061,2025-01-27,Bengaluru,41,Female,Organic
9062,2025-04-13,Bengaluru,45,Male,Influencer
9063,2025-01-17,Hyderabad,51,Female,Meta Ads
9064,2025-08-14,Delhi,25,Female,Meta Ads
9065,2026-06-24,Hyderabad,22,Male,Meta Ads
9066,2026-01-08,Delhi,55,Female,Google Ads
9067,2025-09-26,Gurugram,39,Female,Email
9068,2025-03-20,Gurugram,45,Female,Google Ads
9069,2025-07-13,Pune,38,Female,Affiliate
9070,2025-10-13,Kolkata,38,Female,Google Ads
9071,2025-05-30,Pune,21,Male,Google Ads
9072,2026-01-20,Bengaluru,30,Male,Google Ads
9073,2026-06-19,Hyderabad,23,Female,Meta Ads
9074,2025-04-23,Hyderabad,35,Male,Organic
9075,2025-05-18,Noida,20,Female,Influencer
9076,2025-03-10,Jaipur,48,Male,Meta Ads
9077,2026-01-31,Jaipur,30,Male,Google Ads
9078,2025-09-09,Gurugram,46,Male,Organic
9079,2025-06-04,Noida,21,Female,Organic
9080,2025-04-30,Noida,21,Female,Organic
9081,2025-02-08,Pune,35,Female,Meta Ads
9082,2025-09-17,Delhi,48,Male,Email
9083,2026-01-08,Noida,49,Female,Google Ads
9084,2025-05-09,Pune,39,Female,Meta Ads
9085,2025-01-01,Noida,42,Male,Influencer
9086,2025-09-15,Delhi,44,Female,Google Ads
9087,2026-01-04,Delhi,44,Female,Meta Ads
9088,2025-07-08,Chennai,46,Male,Google Ads
9089,2025-05-17,Mumbai,21,Male,Google Ads
9090,2025-03-26,Gurugram,35,Female,Influencer
9091,2026-02-11,Pune,50,Male,Google Ads
9092,2026-04-15,Noida,35,Female,Meta Ads
9093,2026-02-24,Hyderabad,25,Female,Affiliate
9094,2025-10-10,Bengaluru,43,Male,Google Ads
9095,2026-01-30,Pune,30,Male,Google Ads
9096,2025-08-05,Pune,38,Female,Meta Ads
9097,2025-01-14,Pune,38,Male,Google Ads
9098,2025-07-20,Gurugram,45,Male,Google Ads
9099,2026-01-19,Noida,53,Male,Email
9100,2025-12-19,Hyderabad,44,Female,Google Ads
9101,2026-06-24,Delhi,55,Male,Organic
9102,2026-06-28,Bengaluru,20,Male,Influencer
9103,2025-05-13,Pune,48,Female,Google Ads
9104,2025-01-06,Kolkata,35,Male,Google Ads
9105,2025-05-30,Pune,46,Female,Google Ads
9106,2026-04-23,Jaipur,23,Male,Google Ads
9107,2026-03-20,Hyderabad,38,Female,Meta Ads
9108,2025-02-23,Bengaluru,21,Male,Meta Ads
9109,2025-03-29,Gurugram,43,Male,Google Ads
9110,2025-11-04,Pune,27,Male,Meta Ads
9111,2025-12-27,Kolkata,25,Female,Google Ads
9112,2026-06-20,Mumbai,22,Female,Organic
9113,2026-02-16,Delhi,29,Male,Meta Ads
9114,2025-04-26,Delhi,54,Male,Organic
9115,2025-01-21,Pune,55,Male,Email
9116,2025-12-12,Pune,22,Male,Meta Ads
9117,2025-10-29,Noida,55,Male,Organic
9118,2026-05-18,Delhi,41,Female,Google Ads
9119,2025-11-10,Pune,31,Male,Organic
9120,2025-10-01,Mumbai,53,Female,Meta Ads
9121,2025-06-15,Bengaluru,28,Male,Email
9122,2025-02-17,Gurugram,26,Female,Email
9123,2026-04-23,Chennai,28,Male,Email
9124,2026-03-27,Chennai,25,Male,Organic
9125,2025-03-30,Delhi,37,Female,Google Ads
9126,2026-01-19,Delhi,25,Male,Meta Ads
9127,2025-07-18,Hyderabad,28,Female,Google Ads
9128,2025-08-27,Pune,33,Female,Google Ads
9129,2026-04-08,Noida,43,Other,Google Ads
9130,2026-04-04,Noida,50,Female,Email
9131,2025-04-14,Pune,22,Male,Organic
9132,2025-06-17,Bengaluru,42,Male,Affiliate
9133,2026-03-24,Noida,23,Female,Email
9134,2026-05-15,Pune,55,Male,Organic
9135,2025-02-13,Delhi,29,Female,Affiliate
9136,2026-03-31,Gurugram,50,Male,Google Ads
9137,2025-09-24,Chennai,47,Female,Organic
9138,2025-11-18,Gurugram,31,Male,Meta Ads
9139,2025-02-11,Delhi,31,Male,Meta Ads
9140,2026-01-06,Jaipur,31,Female,Influencer
9141,2026-01-05,Gurugram,36,Female,Google Ads
9142,2025-12-28,Hyderabad,35,Male,Influencer
9143,2026-03-07,Kolkata,43,Male,Affiliate
9144,2026-05-31,Jaipur,36,Female,Affiliate
9145,2026-04-09,Kolkata,48,Male,Email
9146,2026-02-10,Mumbai,36,Female,Email
9147,2026-06-19,Kolkata,31,Female,Meta Ads
9148,2026-01-03,Delhi,31,Male,Meta Ads
9149,2026-01-02,Mumbai,46,Male,Affiliate
9150,2025-10-23,Noida,25,Male,Meta Ads
9151,2026-02-24,Hyderabad,30,Male,Meta Ads
9152,2025-02-08,Kolkata,31,Female,Influencer
9153,2025-10-03,Chennai,43,Male,Meta Ads
9154,2025-08-20,Jaipur,24,Female,Affiliate
9155,2026-05-13,Noida,36,Female,Meta Ads
9156,2025-02-09,Chennai,44,Male,Google Ads
9157,2025-12-17,Chennai,53,Female,Email
9158,2025-04-11,Bengaluru,35,Male,Meta Ads
9159,2026-04-27,Delhi,55,Male,Affiliate
9160,2026-04-10,Noida,41,Female,Google Ads
9161,2025-05-09,Jaipur,47,Male,Google Ads
9162,2026-04-21,Gurugram,28,Male,Affiliate
9163,2025-09-28,Pune,52,Male,Meta Ads
9164,2026-06-14,Jaipur,29,Male,Email
9165,2026-02-02,Bengaluru,24,Female,Google Ads
9166,2025-01-19,Gurugram,22,Other,Influencer
9167,2025-04-21,Bengaluru,43,Female,Influencer
9168,2025-08-08,Gurugram,42,Other,Email
9169,2025-04-26,Noida,27,Female,Google Ads
9170,2025-03-14,Kolkata,51,Male,Influencer
9171,2026-06-18,Mumbai,29,Female,Affiliate
9172,2026-04-19,Pune,41,Male,Email
9173,2025-08-25,Chennai,38,Male,Organic
9174,2025-04-28,Hyderabad,41,Female,Meta Ads
9175,2025-04-10,Hyderabad,46,Female,Google Ads
9176,2026-05-15,Noida,53,Female,Organic
9177,2025-06-30,Hyderabad,45,Male,Organic
9178,2025-01-07,Chennai,52,Female,Email
9179,2025-08-05,Noida,51,Male,Affiliate
9180,2025-09-05,Gurugram,32,Male,Meta Ads
9181,2025-12-06,Pune,40,Female,Affiliate
9182,2025-07-04,Jaipur,27,Male,Google Ads
9183,2026-05-19,Mumbai,53,Female,Influencer
9184,2025-12-17,Kolkata,54,Female,Google Ads
9185,2026-06-22,Noida,51,Female,Google Ads
9186,2025-07-20,Hyderabad,46,Male,Organic
9187,2025-12-22,Jaipur,50,Male,Google Ads
9188,2025-07-19,Bengaluru,48,Female,Google Ads
9189,2026-01-17,Hyderabad,28,Female,Organic
9190,2026-02-11,Noida,29,Female,Meta Ads
9191,2025-06-25,Hyderabad,39,Male,Affiliate
9192,2026-05-27,Hyderabad,35,Male,Google Ads
9193,2026-04-13,Jaipur,46,Female,Meta Ads
9194,2026-05-03,Gurugram,46,Male,Meta Ads
9195,2025-04-29,Mumbai,55,Female,Meta Ads
9196,2026-01-27,Pune,48,Male,Meta Ads
9197,2025-02-27,Jaipur,20,Male,Meta Ads
9198,2025-02-27,Gurugram,32,Female,Meta Ads
9199,2026-06-15,Pune,31,Female,Google Ads
9200,2025-03-25,Kolkata,42,Male,Organic
9201,2026-04-16,Pune,32,Male,Meta Ads
9202,2025-08-23,Bengaluru,55,Female,Meta Ads
9203,2025-06-15,Gurugram,30,Male,Google Ads
9204,2025-02-10,Gurugram,35,Male,Affiliate
9205,2026-01-03,Delhi,49,Female,Google Ads
9206,2026-01-29,Noida,33,Male,Influencer
9207,2025-09-12,Bengaluru,21,Female,Google Ads
9208,2026-03-18,Noida,31,Male,Influencer
9209,2025-06-26,Delhi,32,Female,Meta Ads
9210,2025-10-28,Pune,42,Female,Email
9211,2025-06-06,Delhi,45,Female,Meta Ads
9212,2025-11-14,Noida,39,Female,Influencer
9213,2025-03-16,Hyderabad,34,Female,Meta Ads
9214,2025-09-17,Jaipur,38,Male,Organic
9215,2025-10-27,Chennai,25,Male,Google Ads
9216,2025-10-31,Delhi,26,Male,Email
9217,2025-09-01,Noida,41,Female,Organic
9218,2025-12-17,Chennai,51,Male,Meta Ads
9219,2025-10-07,Chennai,38,Male,Organic
9220,2025-06-04,Mumbai,22,Female,Organic
9221,2025-04-28,Jaipur,55,Female,Email
9222,2025-12-20,Kolkata,31,Male,Google Ads
9223,2026-05-27,Chennai,46,Male,Meta Ads
9224,2026-02-15,Chennai,52,Female,Organic
9225,2025-12-15,Chennai,55,Female,Meta Ads
9226,2026-05-18,Noida,24,Female,Organic
9227,2026-05-06,Chennai,26,Male,Google Ads
9228,2025-10-04,Jaipur,43,Female,Influencer
9229,2025-03-01,Gurugram,47,Male,Organic
9230,2025-12-12,Delhi,50,Male,Meta Ads
9231,2025-12-06,Mumbai,39,Male,Affiliate
9232,2025-06-01,Gurugram,25,Male,Affiliate
9233,2026-04-08,Jaipur,45,Female,Google Ads
9234,2026-04-20,Bengaluru,44,Female,Meta Ads
9235,2025-06-30,Pune,36,Female,Meta Ads
9236,2025-09-17,Jaipur,42,Female,Meta Ads
9237,2025-04-17,Chennai,27,Male,Meta Ads
9238,2025-04-08,Chennai,49,Female,Meta Ads
9239,2025-05-25,Jaipur,21,Female,Google Ads
9240,2025-07-19,Pune,50,Female,Google Ads
9241,2025-05-29,Gurugram,50,Male,Meta Ads
9242,2025-03-24,Chennai,44,Female,Google Ads
9243,2025-09-01,Mumbai,49,Female,Email
9244,2025-12-06,Mumbai,52,Male,Google Ads
9245,2025-06-27,Pune,25,Female,Google Ads
9246,2025-10-18,Mumbai,39,Male,Affiliate
9247,2025-05-28,Delhi,43,Male,Email
9248,2026-01-19,Jaipur,53,Female,Affiliate
9249,2025-12-20,Hyderabad,46,Female,Influencer
9250,2026-06-08,Pune,41,Female,Email
9251,2025-01-29,Kolkata,40,Male,Affiliate
9252,2026-04-10,Pune,25,Other,Google Ads
9253,2025-07-05,Pune,31,Male,Organic
9254,2025-02-05,Chennai,35,Male,Email
9255,2026-01-11,Gurugram,51,Female,Organic
9256,2025-04-04,Kolkata,51,Male,Google Ads
9257,2025-04-06,Chennai,43,Female,Influencer
9258,2026-06-18,Noida,23,Female,Meta Ads
9259,2025-05-01,Noida,45,Male,Organic
9260,2025-10-26,Kolkata,36,Male,Influencer
9261,2025-04-20,Kolkata,43,Male,Affiliate
9262,2025-03-09,Jaipur,35,Female,Meta Ads
9263,2025-01-01,Noida,45,Female,Meta Ads
9264,2025-01-09,Kolkata,27,Female,Organic
9265,2025-09-16,Kolkata,25,Female,Email
9266,2025-08-25,Chennai,27,Other,Meta Ads
9267,2025-01-22,Bengaluru,53,Male,Organic
9268,2025-07-10,Hyderabad,22,Male,Influencer
9269,2025-05-29,Bengaluru,30,Male,Meta Ads
9270,2025-11-08,Delhi,32,Female,Google Ads
9271,2026-06-27,Hyderabad,50,Male,Organic
9272,2026-01-12,Gurugram,32,Male,Email
9273,2026-05-16,Gurugram,52,Male,Influencer
9274,2025-04-15,Delhi,55,Male,Organic
9275,2025-04-28,Bengaluru,43,Female,Meta Ads
9276,2026-02-14,Delhi,32,Female,Organic
9277,2025-06-18,Kolkata,41,Male,Affiliate
9278,2026-04-08,Kolkata,44,Female,Meta Ads
9279,2025-09-10,Kolkata,23,Male,Google Ads
9280,2025-04-20,Mumbai,49,Male,Organic
9281,2026-04-06,Noida,35,Male,Google Ads
9282,2025-10-28,Hyderabad,50,Female,Influencer
9283,2026-03-14,Pune,42,Female,Google Ads
9284,2025-09-04,Delhi,50,Female,Meta Ads
9285,2025-03-10,Kolkata,22,Female,Influencer
9286,2026-01-07,Bengaluru,21,Male,Google Ads
9287,2025-03-09,Kolkata,24,Female,Google Ads
9288,2025-12-28,Delhi,51,Female,Google Ads
9289,2025-08-16,Bengaluru,55,Male,Influencer
9290,2026-03-08,Bengaluru,55,Male,Influencer
9291,2026-04-20,Delhi,31,Male,Meta Ads
9292,2025-08-11,Chennai,29,Male,Organic
9293,2026-04-26,Jaipur,32,Male,Organic
9294,2025-03-02,Hyderabad,49,Male,Google Ads
9295,2025-02-28,Mumbai,29,Female,Google Ads
9296,2026-06-26,Pune,39,Female,Affiliate
9297,2025-11-09,Mumbai,43,Female,Google Ads
9298,2025-09-03,Mumbai,33,Female,Email
9299,2025-03-26,Chennai,37,Other,Google Ads
9300,2025-06-07,Hyderabad,43,Male,Email
9301,2026-01-09,Gurugram,48,Female,Google Ads
9302,2026-03-24,Bengaluru,26,Female,Google Ads
9303,2026-05-15,Kolkata,38,Female,Google Ads
9304,2025-08-11,Hyderabad,25,Female,Influencer
9305,2025-09-05,Delhi,20,Male,Google Ads
9306,2025-03-30,Kolkata,43,Female,Meta Ads
9307,2025-02-15,Chennai,37,Male,Meta Ads
9308,2025-08-27,Gurugram,29,Male,Meta Ads
9309,2025-11-12,Jaipur,21,Female,Affiliate
9310,2025-02-26,Jaipur,54,Female,Meta Ads
9311,2025-08-11,Jaipur,49,Male,Organic
9312,2025-12-16,Mumbai,53,Male,Email
9313,2026-03-18,Jaipur,24,Female,Affiliate
9314,2026-05-27,Kolkata,20,Male,Affiliate
9315,2025-07-05,Kolkata,27,Female,Google Ads
9316,2025-08-02,Hyderabad,23,Male,Organic
9317,2026-04-22,Gurugram,36,Female,Affiliate
9318,2026-01-13,Gurugram,43,Male,Influencer
9319,2025-05-30,Jaipur,27,Female,Influencer
9320,2026-01-09,Hyderabad,34,Female,Organic
9321,2025-03-27,Jaipur,39,Male,Meta Ads
9322,2025-09-02,Hyderabad,31,Female,Meta Ads
9323,2026-06-25,Hyderabad,36,Female,Affiliate
9324,2025-01-20,Delhi,41,Male,Influencer
9325,2026-04-12,Bengaluru,54,Female,Google Ads
9326,2025-06-03,Hyderabad,31,Female,Email
9327,2025-01-20,Noida,23,Female,Google Ads
9328,2025-12-26,Noida,51,Female,Meta Ads
9329,2026-01-05,Hyderabad,40,Male,Meta Ads
9330,2025-03-19,Gurugram,36,Female,Meta Ads
9331,2025-01-21,Chennai,45,Other,Organic
9332,2025-03-02,Bengaluru,55,Male,Google Ads
9333,2025-08-11,Bengaluru,24,Male,Organic
9334,2025-03-14,Noida,50,Female,Email
9335,2026-01-19,Bengaluru,42,Female,Affiliate
9336,2025-02-12,Hyderabad,41,Male,Google Ads
9337,2026-03-06,Hyderabad,51,Male,Meta Ads
9338,2026-04-22,Gurugram,30,Female,Organic
9339,2026-01-26,Delhi,48,Male,Organic
9340,2026-05-30,Jaipur,40,Female,Meta Ads
9341,2026-05-27,Jaipur,53,Female,Meta Ads
9342,2025-01-26,Jaipur,36,Other,Influencer
9343,2025-07-06,Gurugram,45,Male,Meta Ads
9344,2026-02-19,Pune,37,Female,Google Ads
9345,2025-07-05,Noida,34,Female,Influencer
9346,2026-02-06,Jaipur,33,Female,Affiliate
9347,2026-02-26,Delhi,53,Male,Google Ads
9348,2026-06-28,Bengaluru,50,Female,Affiliate
9349,2025-06-29,Kolkata,28,Female,Meta Ads
9350,2025-07-09,Chennai,51,Female,Affiliate
9351,2025-01-14,Kolkata,41,Male,Organic
9352,2025-06-05,Bengaluru,23,Male,Meta Ads
9353,2025-06-02,Delhi,47,Male,Influencer
9354,2025-09-04,Delhi,25,Male,Affiliate
9355,2025-08-18,Noida,51,Female,Google Ads
9356,2026-04-12,Delhi,36,Female,Organic
9357,2026-02-26,Bengaluru,52,Female,Affiliate
9358,2026-02-02,Delhi,37,Male,Email
9359,2025-01-03,Noida,23,Male,Meta Ads
9360,2025-09-15,Bengaluru,47,Male,Google Ads
9361,2026-02-02,Chennai,46,Male,Influencer
9362,2025-05-14,Pune,30,Female,Meta Ads
9363,2025-08-20,Delhi,27,Male,Email
9364,2026-02-01,Jaipur,51,Male,Email
9365,2026-03-10,Hyderabad,48,Female,Google Ads
9366,2026-04-11,Mumbai,30,Male,Google Ads
9367,2025-08-23,Mumbai,45,Male,Google Ads
9368,2025-08-06,Kolkata,28,Female,Google Ads
9369,2025-07-28,Bengaluru,26,Male,Affiliate
9370,2025-12-31,Gurugram,43,Female,Google Ads
9371,2025-08-17,Bengaluru,49,Female,Google Ads
9372,2025-08-07,Delhi,53,Female,Email
9373,2025-04-02,Noida,36,Male,Affiliate
9374,2025-09-18,Mumbai,25,Male,Google Ads
9375,2025-05-10,Gurugram,39,Female,Google Ads
9376,2025-10-14,Mumbai,44,Male,Organic
9377,2026-04-30,Delhi,54,Male,Email
9378,2026-02-27,Pune,24,Male,Email
9379,2025-09-18,Noida,43,Male,Google Ads
9380,2026-06-17,Gurugram,38,Male,Affiliate
9381,2026-06-19,Jaipur,41,Other,Email
9382,2025-08-31,Delhi,23,Male,Affiliate
9383,2026-02-21,Gurugram,20,Female,Influencer
9384,2025-07-06,Hyderabad,41,Male,Organic
9385,2026-04-24,Mumbai,27,Male,Google Ads
9386,2025-07-23,Mumbai,42,Female,Organic
9387,2025-05-21,Noida,20,Female,Email
9388,2025-03-14,Bengaluru,48,Other,Google Ads
9389,2026-04-05,Chennai,31,Male,Meta Ads
9390,2025-06-11,Hyderabad,36,Male,Google Ads
9391,2026-03-20,Jaipur,32,Female,Influencer
9392,2025-02-17,Pune,35,Male,Affiliate
9393,2025-09-30,Chennai,39,Male,Organic
9394,2025-08-22,Bengaluru,43,Male,Organic
9395,2025-08-28,Pune,44,Male,Organic
9396,2025-04-02,Hyderabad,55,Female,Affiliate
9397,2025-02-10,Kolkata,26,Female,Google Ads
9398,2025-07-08,Hyderabad,51,Female,Meta Ads
9399,2025-09-14,Bengaluru,41,Male,Email
9400,2026-03-09,Delhi,31,Female,Affiliate
9401,2025-09-10,Kolkata,53,Female,Affiliate
9402,2025-05-15,Bengaluru,45,Female,Influencer
9403,2025-05-24,Chennai,26,Female,Organic
9404,2025-11-30,Pune,26,Female,Google Ads
9405,2025-08-26,Delhi,43,Male,Google Ads
9406,2026-05-07,Pune,46,Female,Meta Ads
9407,2025-08-28,Bengaluru,21,Female,Organic
9408,2025-11-05,Gurugram,42,Female,Email
9409,2025-02-04,Gurugram,39,Female,Google Ads
9410,2025-04-16,Pune,54,Male,Meta Ads
9411,2026-04-09,Delhi,46,Female,Affiliate
9412,2025-07-07,Pune,52,Male,Google Ads
9413,2025-08-18,Kolkata,21,Female,Organic
9414,2025-11-18,Delhi,47,Male,Meta Ads
9415,2025-02-01,Delhi,32,Male,Email
9416,2025-10-04,Delhi,39,Female,Organic
9417,2025-07-08,Chennai,51,Female,Google Ads
9418,2025-03-22,Kolkata,51,Female,Organic
9419,2025-08-16,Jaipur,28,Male,Organic
9420,2025-09-01,Delhi,28,Male,Meta Ads
9421,2025-04-12,Bengaluru,46,Male,Affiliate
9422,2025-10-23,Delhi,51,Male,Affiliate
9423,2026-02-11,Mumbai,42,Female,Email
9424,2025-05-26,Mumbai,21,Female,Google Ads
9425,2026-06-11,Pune,25,Male,Meta Ads
9426,2025-11-30,Jaipur,46,Female,Meta Ads
9427,2026-02-26,Kolkata,46,Male,Meta Ads
9428,2025-02-08,Delhi,52,Male,Organic
9429,2026-02-23,Gurugram,39,Male,Influencer
9430,2025-07-03,Gurugram,35,Male,Google Ads
9431,2026-01-23,Gurugram,24,Female,Organic
9432,2026-03-15,Mumbai,48,Female,Organic
9433,2025-05-17,Pune,54,Female,Organic
9434,2025-05-22,Chennai,21,Female,Affiliate
9435,2025-02-02,Jaipur,37,Female,Meta Ads
9436,2025-11-26,Chennai,32,Female,Email
9437,2026-02-26,Gurugram,46,Female,Meta Ads
9438,2025-08-12,Noida,47,Female,Meta Ads
9439,2025-03-29,Mumbai,27,Female,Email
9440,2025-06-22,Chennai,54,Male,Google Ads
9441,2025-08-08,Jaipur,24,Male,Google Ads
9442,2026-05-15,Mumbai,48,Female,Google Ads
9443,2025-03-09,Noida,46,Female,Google Ads
9444,2025-07-07,Delhi,25,Female,Meta Ads
9445,2025-12-14,Delhi,44,Female,Google Ads
9446,2025-05-09,Pune,29,Female,Google Ads
9447,2026-04-28,Hyderabad,29,Female,Organic
9448,2026-05-11,Pune,23,Female,Organic
9449,2025-07-27,Delhi,46,Male,Influencer
9450,2026-02-11,Bengaluru,49,Male,Influencer
9451,2026-02-16,Noida,38,Male,Affiliate
9452,2026-01-07,Mumbai,47,Male,Organic
9453,2025-04-12,Pune,32,Female,Meta Ads
9454,2025-01-27,Gurugram,40,Male,Google Ads
9455,2025-07-09,Pune,48,Female,Influencer
9456,2025-03-13,Gurugram,35,Male,Influencer
9457,2025-06-09,Hyderabad,42,Female,Email
9458,2025-12-14,Bengaluru,25,Male,Email
9459,2025-11-17,Mumbai,38,Female,Google Ads
9460,2025-04-25,Noida,50,Male,Google Ads
9461,2025-01-10,Hyderabad,47,Female,Email
9462,2025-05-03,Jaipur,30,Female,Google Ads
9463,2025-09-05,Pune,39,Female,Meta Ads
9464,2026-03-01,Chennai,42,Female,Affiliate
9465,2025-07-19,Kolkata,53,Female,Affiliate
9466,2025-06-05,Delhi,49,Female,Affiliate
9467,2025-10-28,Chennai,49,Male,Google Ads
9468,2025-02-09,Gurugram,47,Female,Meta Ads
9469,2025-05-03,Pune,32,Male,Organic
9470,2025-01-20,Jaipur,33,Male,Email
9471,2025-10-14,Kolkata,36,Male,Influencer
9472,2025-08-30,Bengaluru,35,Male,Meta Ads
9473,2025-11-14,Kolkata,54,Male,Google Ads
9474,2025-12-03,Pune,51,Female,Meta Ads
9475,2025-08-04,Noida,52,Female,Email
9476,2026-04-19,Gurugram,41,Female,Meta Ads
9477,2026-05-16,Jaipur,26,Male,Meta Ads
9478,2025-03-02,Jaipur,25,Female,Meta Ads
9479,2026-05-17,Kolkata,29,Male,Meta Ads
9480,2025-04-18,Mumbai,43,Male,Organic
9481,2025-05-16,Mumbai,33,Male,Google Ads
9482,2025-10-16,Kolkata,43,Female,Affiliate
9483,2025-01-17,Delhi,51,Female,Organic
9484,2025-07-18,Kolkata,32,Male,Google Ads
9485,2025-04-17,Pune,53,Male,Google Ads
9486,2025-09-20,Pune,38,Male,Google Ads
9487,2026-03-21,Bengaluru,48,Male,Google Ads
9488,2026-05-19,Jaipur,22,Female,Organic
9489,2025-04-26,Chennai,29,Female,Influencer
9490,2025-10-24,Delhi,53,Female,Google Ads
9491,2025-09-16,Hyderabad,51,Other,Meta Ads
9492,2025-08-15,Kolkata,40,Male,Affiliate
9493,2025-12-11,Delhi,21,Female,Email
9494,2026-06-24,Chennai,22,Female,Meta Ads
9495,2025-08-09,Gurugram,35,Male,Meta Ads
9496,2025-02-05,Hyderabad,52,Female,Google Ads
9497,2026-05-15,Kolkata,33,Female,Google Ads
9498,2026-05-24,Bengaluru,51,Female,Influencer
9499,2025-06-25,Delhi,39,Female,Organic
9500,2025-10-01,Delhi,24,Female,Meta Ads
9501,2026-04-16,Chennai,40,Female,Influencer
9502,2025-10-02,Jaipur,33,Female,Meta Ads
9503,2025-09-20,Gurugram,28,Male,Google Ads
9504,2026-05-18,Jaipur,44,Other,Influencer
9505,2026-03-28,Bengaluru,27,Female,Organic
9506,2025-10-04,Delhi,52,Female,Organic
9507,2025-03-30,Hyderabad,48,Female,Google Ads
9508,2025-08-27,Jaipur,48,Male,Meta Ads
9509,2026-01-04,Gurugram,22,Male,Influencer
9510,2025-05-29,Jaipur,54,Female,Google Ads
9511,2025-10-20,Pune,37,Female,Affiliate
9512,2025-12-26,Mumbai,46,Female,Organic
9513,2025-02-16,Pune,26,Female,Meta Ads
9514,2025-11-07,Bengaluru,47,Male,Affiliate
9515,2026-02-06,Delhi,31,Female,Influencer
9516,2025-04-27,Kolkata,45,Male,Affiliate
9517,2025-10-26,Mumbai,29,Female,Meta Ads
9518,2026-01-22,Hyderabad,53,Female,Email
9519,2025-01-25,Chennai,45,Male,Meta Ads
9520,2025-12-18,Delhi,36,Female,Google Ads
9521,2025-05-22,Chennai,36,Female,Influencer
9522,2025-08-05,Mumbai,20,Female,Influencer
9523,2025-12-20,Hyderabad,30,Male,Google Ads
9524,2025-01-03,Bengaluru,48,Female,Organic
9525,2025-01-10,Chennai,49,Male,Influencer
9526,2025-09-01,Noida,55,Male,Organic
9527,2026-06-02,Noida,23,Female,Google Ads
9528,2025-01-04,Bengaluru,29,Male,Google Ads
9529,2026-03-06,Noida,47,Female,Email
9530,2025-02-10,Gurugram,33,Male,Influencer
9531,2025-09-24,Pune,28,Male,Meta Ads
9532,2025-08-23,Kolkata,30,Female,Meta Ads
9533,2025-09-13,Pune,53,Female,Affiliate
9534,2025-02-14,Mumbai,50,Male,Affiliate
9535,2026-02-15,Kolkata,20,Male,Influencer
9536,2025-05-31,Bengaluru,50,Female,Affiliate
9537,2026-02-25,Noida,40,Female,Email
9538,2025-12-24,Chennai,50,Male,Influencer
9539,2025-10-28,Hyderabad,42,Male,Organic
9540,2025-06-18,Mumbai,44,Female,Organic
9541,2025-12-22,Pune,40,Male,Google Ads
9542,2026-06-28,Chennai,46,Other,Meta Ads
9543,2026-05-19,Gurugram,49,Female,Google Ads
9544,2026-05-15,Noida,38,Male,Affiliate
9545,2025-04-30,Hyderabad,24,Male,Google Ads
9546,2025-11-15,Delhi,23,Other,Meta Ads
9547,2025-08-05,Pune,34,Male,Influencer
9548,2026-06-11,Bengaluru,37,Female,Affiliate
9549,2026-06-02,Gurugram,51,Male,Organic
9550,2026-04-19,Hyderabad,21,Female,Organic
9551,2025-03-30,Mumbai,51,Female,Google Ads
9552,2025-06-23,Mumbai,21,Female,Meta Ads
9553,2026-01-23,Gurugram,37,Male,Affiliate
9554,2026-02-13,Pune,35,Female,Affiliate
9555,2025-07-10,Jaipur,40,Female,Meta Ads
9556,2025-03-16,Pune,21,Male,Meta Ads
9557,2025-03-16,Gurugram,47,Female,Google Ads
9558,2026-01-09,Kolkata,24,Female,Email
9559,2025-09-05,Noida,48,Male,Meta Ads
9560,2025-09-25,Gurugram,40,Female,Google Ads
9561,2026-03-21,Delhi,51,Male,Meta Ads
9562,2025-01-10,Kolkata,55,Male,Email
9563,2026-02-16,Delhi,50,Male,Organic
9564,2025-05-30,Hyderabad,36,Male,Meta Ads
9565,2026-05-23,Noida,34,Male,Meta Ads
9566,2026-06-05,Gurugram,43,Male,Meta Ads
9567,2025-10-01,Pune,43,Female,Organic
9568,2025-06-22,Kolkata,48,Female,Meta Ads
9569,2025-05-08,Delhi,37,Male,Influencer
9570,2025-04-09,Noida,36,Female,Meta Ads
9571,2026-06-29,Gurugram,24,Female,Affiliate
9572,2025-04-13,Jaipur,26,Female,Meta Ads
9573,2025-09-01,Delhi,49,Other,Organic
9574,2025-09-19,Noida,55,Male,Organic
9575,2026-01-06,Bengaluru,41,Male,Google Ads
9576,2026-04-05,Mumbai,32,Male,Meta Ads
9577,2025-11-01,Delhi,22,Male,Google Ads
9578,2026-02-18,Hyderabad,21,Female,Email
9579,2025-11-05,Pune,44,Male,Influencer
9580,2025-08-27,Noida,43,Female,Email
9581,2025-03-27,Pune,30,Female,Organic
9582,2025-04-24,Delhi,26,Female,Meta Ads
9583,2025-08-24,Chennai,22,Female,Meta Ads
9584,2025-01-26,Gurugram,44,Female,Organic
9585,2025-06-22,Gurugram,41,Female,Google Ads
9586,2025-09-10,Noida,31,Female,Google Ads
9587,2025-09-15,Kolkata,46,Male,Google Ads
9588,2026-03-21,Hyderabad,50,Male,Google Ads
9589,2026-06-12,Pune,38,Male,Influencer
9590,2026-02-02,Gurugram,29,Female,Google Ads
9591,2025-02-13,Delhi,20,Male,Google Ads
9592,2025-08-11,Delhi,48,Male,Google Ads
9593,2026-02-02,Bengaluru,40,Male,Google Ads
9594,2025-11-21,Mumbai,32,Female,Meta Ads
9595,2025-09-07,Chennai,20,Male,Google Ads
9596,2025-08-26,Chennai,49,Male,Google Ads
9597,2025-08-10,Mumbai,53,Male,Google Ads
9598,2025-11-12,Bengaluru,37,Male,Affiliate
9599,2025-04-08,Mumbai,29,Female,Email
9600,2025-10-10,Pune,42,Male,Organic
9601,2025-04-23,Pune,51,Male,Google Ads
9602,2026-01-07,Pune,41,Other,Meta Ads
9603,2026-04-17,Delhi,20,Male,Influencer
9604,2025-10-04,Mumbai,27,Female,Google Ads
9605,2025-07-31,Jaipur,23,Female,Meta Ads
9606,2026-05-28,Mumbai,34,Male,Meta Ads
9607,2025-12-26,Noida,36,Male,Google Ads
9608,2025-08-22,Noida,39,Male,Email
9609,2025-01-16,Delhi,47,Male,Email
9610,2025-01-09,Chennai,24,Male,Meta Ads
9611,2025-05-01,Delhi,53,Female,Meta Ads
9612,2025-05-09,Hyderabad,29,Male,Meta Ads
9613,2026-01-29,Mumbai,38,Male,Meta Ads
9614,2025-09-30,Delhi,27,Female,Affiliate
9615,2026-06-29,Kolkata,32,Male,Organic
9616,2025-10-22,Chennai,49,Female,Meta Ads
9617,2026-05-08,Kolkata,21,Male,Google Ads
9618,2025-10-29,Jaipur,37,Female,Organic
9619,2025-07-15,Jaipur,41,Female,Google Ads
9620,2026-01-25,Chennai,40,Female,Influencer
9621,2025-09-02,Hyderabad,33,Female,Affiliate
9622,2025-05-30,Pune,33,Male,Meta Ads
9623,2025-09-15,Bengaluru,52,Male,Affiliate
9624,2025-12-29,Noida,28,Male,Google Ads
9625,2025-07-24,Mumbai,37,Male,Google Ads
9626,2026-01-19,Bengaluru,33,Female,Influencer
9627,2026-06-19,Delhi,47,Male,Organic
9628,2025-08-13,Kolkata,49,Male,Meta Ads
9629,2025-06-10,Jaipur,50,Female,Affiliate
9630,2025-08-08,Bengaluru,23,Male,Google Ads
9631,2026-04-02,Bengaluru,23,Female,Organic
9632,2025-04-08,Kolkata,33,Male,Influencer
9633,2026-06-15,Bengaluru,35,Female,Affiliate
9634,2025-08-14,Pune,22,Male,Meta Ads
9635,2026-04-04,Hyderabad,52,Female,Meta Ads
9636,2026-03-05,Gurugram,52,Female,Affiliate
9637,2026-03-04,Chennai,35,Other,Meta Ads
9638,2026-05-11,Noida,47,Other,Influencer
9639,2025-04-11,Gurugram,40,Female,Meta Ads
9640,2025-11-20,Pune,43,Male,Google Ads
9641,2025-02-23,Chennai,51,Male,Google Ads
9642,2025-06-13,Jaipur,23,Female,Email
9643,2025-01-23,Chennai,28,Female,Google Ads
9644,2026-01-07,Delhi,35,Female,Meta Ads
9645,2025-11-28,Kolkata,52,Female,Influencer
9646,2026-02-08,Bengaluru,41,Male,Google Ads
9647,2025-04-07,Delhi,34,Male,Organic
9648,2025-07-01,Hyderabad,21,Male,Meta Ads
9649,2026-01-04,Noida,41,Female,Organic
9650,2026-03-27,Bengaluru,29,Female,Meta Ads
9651,2026-04-28,Bengaluru,31,Male,Affiliate
9652,2025-02-10,Delhi,55,Female,Meta Ads
9653,2025-08-08,Kolkata,38,Male,Email
9654,2025-01-06,Hyderabad,24,Male,Google Ads
9655,2026-03-23,Jaipur,21,Male,Meta Ads
9656,2025-03-09,Bengaluru,33,Female,Google Ads
9657,2026-03-25,Hyderabad,22,Male,Email
9658,2025-03-27,Kolkata,35,Female,Meta Ads
9659,2025-01-09,Gurugram,34,Female,Affiliate
9660,2026-04-25,Jaipur,51,Female,Meta Ads
9661,2025-08-28,Noida,32,Female,Organic
9662,2025-08-20,Jaipur,29,Male,Google Ads
9663,2025-12-19,Pune,42,Male,Organic
9664,2025-05-30,Hyderabad,43,Male,Influencer
9665,2026-01-12,Gurugram,21,Female,Meta Ads
9666,2025-08-22,Hyderabad,23,Male,Google Ads
9667,2025-05-29,Hyderabad,26,Female,Organic
9668,2025-08-04,Jaipur,47,Female,Google Ads
9669,2025-01-04,Kolkata,27,Female,Meta Ads
9670,2025-06-14,Bengaluru,55,Male,Google Ads
9671,2025-11-19,Mumbai,35,Female,Meta Ads
9672,2025-03-17,Mumbai,53,Male,Affiliate
9673,2025-03-06,Mumbai,28,Female,Google Ads
9674,2025-12-24,Delhi,35,Female,Meta Ads
9675,2025-08-22,Delhi,24,Male,Meta Ads
9676,2025-03-16,Chennai,50,Female,Meta Ads
9677,2026-02-12,Gurugram,41,Female,Organic
9678,2026-02-27,Bengaluru,22,Female,Organic
9679,2025-01-19,Pune,46,Male,Affiliate
9680,2025-04-20,Pune,51,Male,Meta Ads
9681,2025-07-21,Mumbai,44,Male,Google Ads
9682,2026-02-03,Chennai,49,Female,Meta Ads
9683,2025-02-10,Noida,29,Male,Email
9684,2026-03-16,Bengaluru,35,Other,Organic
9685,2025-06-24,Noida,50,Female,Organic
9686,2025-03-10,Hyderabad,41,Male,Affiliate
9687,2026-04-16,Delhi,42,Female,Google Ads
9688,2025-02-17,Jaipur,47,Male,Influencer
9689,2025-03-12,Pune,42,Male,Influencer
9690,2026-06-02,Gurugram,24,Male,Google Ads
9691,2025-10-11,Pune,27,Female,Meta Ads
9692,2025-09-10,Mumbai,48,Female,Organic
9693,2026-01-10,Hyderabad,28,Male,Meta Ads
9694,2025-12-10,Noida,43,Male,Google Ads
9695,2025-12-01,Hyderabad,37,Male,Meta Ads
9696,2025-01-13,Noida,42,Female,Email
9697,2025-10-28,Noida,28,Male,Affiliate
9698,2025-06-01,Hyderabad,31,Female,Affiliate
9699,2026-03-17,Hyderabad,44,Female,Influencer
9700,2025-10-03,Gurugram,26,Male,Meta Ads
9701,2025-03-09,Delhi,31,Female,Affiliate
9702,2026-04-28,Bengaluru,55,Female,Google Ads
9703,2025-06-04,Jaipur,25,Female,Email
9704,2025-05-28,Chennai,40,Female,Influencer
9705,2026-05-26,Delhi,25,Male,Affiliate
9706,2026-02-27,Jaipur,45,Female,Organic
9707,2026-04-14,Bengaluru,24,Male,Google Ads
9708,2025-12-27,Hyderabad,40,Female,Google Ads
9709,2026-05-12,Delhi,35,Male,Organic
9710,2025-03-04,Mumbai,44,Male,Meta Ads
9711,2025-11-23,Chennai,20,Male,Meta Ads
9712,2025-06-09,Mumbai,38,Male,Affiliate
9713,2025-08-06,Noida,39,Male,Google Ads
9714,2025-05-10,Delhi,28,Male,Meta Ads
9715,2025-04-22,Jaipur,30,Female,Google Ads
9716,2025-08-30,Kolkata,45,Female,Google Ads
9717,2026-05-16,Delhi,39,Male,Google Ads
9718,2025-12-13,Jaipur,40,Female,Google Ads
9719,2025-07-10,Kolkata,53,Female,Email
9720,2025-08-25,Mumbai,34,Male,Meta Ads
9721,2025-10-16,Pune,51,Female,Meta Ads
9722,2025-05-14,Gurugram,55,Male,Affiliate
9723,2025-10-12,Gurugram,40,Female,Meta Ads
9724,2026-01-15,Chennai,27,Female,Organic
9725,2025-05-13,Gurugram,35,Male,Organic
9726,2025-11-15,Mumbai,21,Female,Email
9727,2026-01-22,Mumbai,45,Male,Meta Ads
9728,2025-10-11,Noida,29,Female,Influencer
9729,2025-06-09,Kolkata,53,Male,Meta Ads
9730,2026-03-09,Pune,43,Female,Email
9731,2025-05-01,Kolkata,37,Female,Email
9732,2025-11-10,Hyderabad,26,Male,Affiliate
9733,2026-01-06,Noida,23,Female,Email
9734,2025-06-25,Gurugram,44,Male,Meta Ads
9735,2025-07-31,Mumbai,47,Female,Meta Ads
9736,2026-04-30,Jaipur,29,Female,Organic
9737,2025-07-18,Gurugram,20,Male,Meta Ads
9738,2025-11-23,Pune,31,Male,Influencer
9739,2025-03-23,Noida,47,Male,Affiliate
9740,2026-05-20,Jaipur,40,Female,Google Ads
9741,2025-11-22,Pune,23,Female,Meta Ads
9742,2026-02-19,Bengaluru,24,Male,Influencer
9743,2025-11-25,Mumbai,23,Male,Meta Ads
9744,2025-07-13,Mumbai,47,Female,Meta Ads
9745,2025-07-05,Gurugram,48,Male,Google Ads
9746,2026-01-18,Hyderabad,34,Male,Google Ads
9747,2026-04-14,Kolkata,44,Female,Meta Ads
9748,2025-03-11,Gurugram,20,Male,Organic
9749,2026-04-06,Chennai,40,Female,Organic
9750,2026-03-29,Hyderabad,29,Male,Google Ads
9751,2025-03-01,Chennai,49,Female,Email
9752,2025-02-28,Chennai,37,Male,Meta Ads
9753,2026-01-14,Delhi,50,Male,Organic
9754,2026-04-05,Delhi,40,Male,Meta Ads
9755,2025-08-03,Jaipur,36,Other,Influencer
9756,2025-12-16,Noida,54,Female,Affiliate
9757,2026-06-29,Hyderabad,55,Male,Organic
9758,2025-06-25,Chennai,36,Female,Email
9759,2025-05-03,Hyderabad,32,Male,Email
9760,2026-06-25,Delhi,43,Male,Meta Ads
9761,2025-06-02,Delhi,26,Male,Affiliate
9762,2025-09-15,Pune,33,Female,Influencer
9763,2025-08-29,Kolkata,50,Male,Influencer
9764,2025-10-13,Mumbai,52,Male,Email
9765,2025-05-27,Hyderabad,34,Female,Organic
9766,2026-01-06,Jaipur,34,Female,Meta Ads
9767,2026-01-13,Kolkata,51,Male,Google Ads
9768,2025-04-20,Hyderabad,27,Female,Organic
9769,2025-09-20,Pune,22,Male,Influencer
9770,2025-02-01,Jaipur,22,Female,Affiliate
9771,2025-05-01,Chennai,23,Male,Affiliate
9772,2026-06-23,Bengaluru,51,Female,Meta Ads
9773,2025-10-03,Pune,21,Female,Organic
9774,2025-12-06,Mumbai,31,Male,Organic
9775,2026-04-30,Jaipur,41,Male,Email
9776,2026-01-24,Delhi,41,Male,Google Ads
9777,2026-03-08,Gurugram,49,Female,Email
9778,2026-01-24,Mumbai,55,Female,Meta Ads
9779,2025-09-29,Gurugram,34,Female,Organic
9780,2025-12-11,Hyderabad,28,Other,Influencer
9781,2025-06-07,Chennai,23,Female,Organic
9782,2026-05-01,Kolkata,52,Female,Meta Ads
9783,2025-04-09,Hyderabad,33,Female,Meta Ads
9784,2026-04-27,Pune,52,Male,Email
9785,2026-04-24,Hyderabad,32,Female,Organic
9786,2025-03-19,Delhi,47,Male,Google Ads
9787,2026-01-23,Chennai,43,Male,Email
9788,2026-06-24,Delhi,45,Male,Affiliate
9789,2025-11-08,Hyderabad,43,Male,Google Ads
9790,2025-07-05,Jaipur,31,Female,Organic
9791,2026-04-25,Chennai,23,Male,Affiliate
9792,2025-10-07,Hyderabad,20,Male,Affiliate
9793,2025-03-08,Mumbai,35,Female,Influencer
9794,2025-05-16,Kolkata,52,Female,Affiliate
9795,2026-01-07,Kolkata,43,Male,Email
9796,2025-09-06,Mumbai,44,Male,Meta Ads
9797,2025-04-29,Noida,29,Male,Google Ads
9798,2026-03-12,Hyderabad,37,Female,Google Ads
9799,2025-03-07,Pune,34,Male,Organic
9800,2025-04-30,Jaipur,24,Female,Meta Ads
9801,2025-09-11,Kolkata,42,Male,Meta Ads
9802,2025-01-22,Gurugram,33,Female,Affiliate
9803,2025-07-31,Gurugram,34,Male,Google Ads
9804,2026-05-11,Jaipur,41,Female,Meta Ads
9805,2026-05-28,Mumbai,21,Male,Organic
9806,2026-04-21,Bengaluru,53,Male,Google Ads
9807,2025-06-26,Mumbai,28,Other,Email
9808,2025-02-05,Mumbai,44,Female,Google Ads
9809,2026-03-21,Hyderabad,47,Male,Organic
9810,2025-07-23,Gurugram,25,Female,Organic
9811,2026-02-13,Bengaluru,28,Male,Organic
9812,2025-03-06,Mumbai,34,Female,Google Ads
9813,2025-12-31,Noida,49,Male,Organic
9814,2025-11-16,Chennai,42,Male,Meta Ads
9815,2026-05-17,Kolkata,36,Male,Email
9816,2025-08-11,Bengaluru,50,Male,Google Ads
9817,2026-06-24,Gurugram,37,Female,Google Ads
9818,2025-08-01,Pune,51,Male,Google Ads
9819,2025-12-25,Hyderabad,47,Male,Google Ads
9820,2025-03-29,Hyderabad,26,Female,Google Ads
9821,2026-02-01,Hyderabad,33,Male,Google Ads
9822,2025-05-31,Chennai,20,Male,Affiliate
9823,2025-11-08,Delhi,28,Female,Email
9824,2026-04-25,Delhi,20,Male,Organic
9825,2025-12-27,Delhi,23,Female,Meta Ads
9826,2025-09-16,Noida,20,Female,Google Ads
9827,2025-04-14,Jaipur,44,Male,Influencer
9828,2025-07-06,Chennai,34,Male,Google Ads
9829,2026-04-08,Pune,36,Male,Affiliate
9830,2025-04-28,Pune,47,Female,Organic
9831,2025-12-24,Delhi,49,Female,Meta Ads
9832,2025-09-22,Gurugram,39,Female,Organic
9833,2025-06-24,Chennai,36,Male,Organic
9834,2026-01-26,Bengaluru,43,Female,Affiliate
9835,2025-07-17,Hyderabad,34,Male,Email
9836,2025-06-06,Chennai,35,Female,Google Ads
9837,2025-10-16,Delhi,30,Male,Email
9838,2026-02-17,Chennai,26,Female,Google Ads
9839,2026-04-16,Pune,27,Female,Meta Ads
9840,2025-12-10,Bengaluru,43,Male,Organic
9841,2025-12-27,Bengaluru,49,Male,Meta Ads
9842,2026-03-06,Delhi,35,Female,Affiliate
9843,2025-05-27,Gurugram,23,Female,Influencer
9844,2025-05-17,Gurugram,41,Female,Google Ads
9845,2025-09-21,Kolkata,52,Male,Google Ads
9846,2025-12-10,Noida,38,Female,Meta Ads
9847,2025-12-19,Gurugram,20,Male,Google Ads
9848,2025-03-25,Noida,22,Female,Google Ads
9849,2026-03-02,Gurugram,38,Male,Influencer
9850,2025-07-18,Delhi,51,Female,Google Ads
9851,2026-04-24,Gurugram,22,Female,Google Ads
9852,2026-01-30,Chennai,47,Male,Meta Ads
9853,2026-06-20,Chennai,48,Female,Google Ads
9854,2025-12-11,Mumbai,21,Male,Affiliate
9855,2025-10-15,Chennai,27,Male,Affiliate
9856,2025-04-13,Pune,20,Male,Meta Ads
9857,2025-08-06,Jaipur,40,Male,Google Ads
9858,2026-04-13,Kolkata,26,Male,Affiliate
9859,2025-07-28,Gurugram,52,Female,Organic
9860,2025-01-30,Hyderabad,23,Female,Email
9861,2025-05-14,Chennai,43,Male,Meta Ads
9862,2025-11-21,Mumbai,48,Other,Email
9863,2025-12-09,Hyderabad,26,Female,Google Ads
9864,2026-06-21,Bengaluru,29,Male,Meta Ads
9865,2026-05-24,Mumbai,48,Male,Organic
9866,2025-10-17,Noida,23,Female,Meta Ads
9867,2025-10-30,Delhi,35,Male,Organic
9868,2026-03-13,Chennai,29,Male,Organic
9869,2025-01-27,Kolkata,20,Female,Organic
9870,2025-11-21,Pune,36,Female,Email
9871,2025-09-16,Gurugram,37,Female,Google Ads
9872,2026-03-03,Delhi,32,Female,Organic
9873,2026-03-13,Pune,49,Male,Affiliate
9874,2025-12-24,Noida,23,Female,Google Ads
9875,2025-12-25,Hyderabad,35,Female,Affiliate
9876,2026-01-12,Jaipur,26,Male,Influencer
9877,2025-11-13,Delhi,47,Male,Organic
9878,2025-05-05,Hyderabad,40,Male,Google Ads
9879,2025-06-05,Jaipur,45,Female,Organic
9880,2026-02-09,Mumbai,23,Female,Meta Ads
9881,2025-12-04,Kolkata,36,Female,Meta Ads
9882,2025-05-10,Kolkata,21,Male,Google Ads
9883,2026-04-24,Bengaluru,31,Female,Organic
9884,2026-06-19,Mumbai,54,Male,Email
9885,2025-12-08,Pune,46,Female,Meta Ads
9886,2025-05-05,Pune,22,Female,Meta Ads
9887,2026-05-27,Bengaluru,33,Female,Meta Ads
9888,2025-05-09,Noida,51,Male,Meta Ads
9889,2025-08-24,Chennai,26,Male,Meta Ads
9890,2026-04-13,Gurugram,47,Male,Google Ads
9891,2025-10-11,Noida,31,Female,Meta Ads
9892,2025-05-13,Delhi,37,Male,Google Ads
9893,2025-07-16,Bengaluru,51,Female,Organic
9894,2026-01-02,Noida,44,Male,Email
9895,2026-01-25,Mumbai,30,Female,Affiliate
9896,2025-05-02,Gurugram,20,Male,Meta Ads
9897,2025-03-28,Bengaluru,28,Male,Google Ads
9898,2026-01-18,Chennai,35,Female,Meta Ads
9899,2025-03-28,Bengaluru,24,Male,Google Ads
9900,2025-02-05,Hyderabad,51,Male,Meta Ads
9901,2025-09-23,Noida,21,Female,Affiliate
9902,2025-11-08,Noida,39,Male,Google Ads
9903,2025-05-13,Jaipur,55,Female,Meta Ads
9904,2025-04-26,Pune,32,Female,Google Ads
9905,2025-05-09,Delhi,39,Male,Meta Ads
9906,2025-07-06,Hyderabad,22,Male,Email
9907,2025-01-06,Delhi,46,Male,Google Ads
9908,2025-01-07,Delhi,55,Male,Google Ads
9909,2025-07-21,Mumbai,47,Male,Organic
9910,2025-01-11,Pune,25,Female,Meta Ads
9911,2025-06-23,Pune,32,Male,Meta Ads
9912,2025-11-13,Chennai,46,Female,Organic
9913,2025-01-17,Noida,48,Female,Google Ads
9914,2025-12-03,Noida,34,Male,Affiliate
9915,2025-12-05,Hyderabad,54,Female,Organic
9916,2025-11-09,Kolkata,27,Male,Meta Ads
9917,2025-12-08,Chennai,46,Male,Meta Ads
9918,2026-03-18,Pune,37,Other,Meta Ads
9919,2025-02-08,Delhi,45,Male,Affiliate
9920,2025-04-03,Kolkata,41,Male,Google Ads
9921,2025-06-22,Jaipur,35,Female,Organic
9922,2026-01-11,Hyderabad,49,Female,Meta Ads
9923,2026-04-21,Mumbai,50,Female,Organic
9924,2026-05-16,Pune,49,Female,Influencer
9925,2025-11-14,Pune,23,Female,Meta Ads
9926,2025-08-12,Jaipur,35,Female,Meta Ads
9927,2025-08-13,Noida,46,Female,Email
9928,2025-02-02,Hyderabad,51,Female,Email
9929,2025-09-11,Chennai,33,Female,Google Ads
9930,2025-10-07,Mumbai,46,Male,Email
9931,2025-04-24,Kolkata,40,Male,Organic
9932,2026-02-23,Delhi,27,Male,Influencer
9933,2026-03-19,Noida,52,Male,Organic
9934,2025-06-14,Chennai,36,Male,Organic
9935,2026-05-14,Noida,41,Male,Google Ads
9936,2025-02-28,Bengaluru,30,Female,Google Ads
9937,2026-05-12,Gurugram,20,Male,Organic
9938,2026-02-23,Pune,36,Male,Organic
9939,2025-05-03,Delhi,46,Female,Affiliate
9940,2025-12-21,Mumbai,31,Male,Meta Ads
9941,2025-06-19,Jaipur,53,Female,Google Ads
9942,2026-03-12,Mumbai,47,Female,Google Ads
9943,2025-03-29,Hyderabad,43,Female,Meta Ads
9944,2025-05-14,Jaipur,49,Male,Meta Ads
9945,2025-06-17,Pune,51,Male,Google Ads
9946,2025-04-19,Chennai,45,Female,Google Ads
9947,2025-07-01,Jaipur,49,Male,Meta Ads
9948,2025-11-25,Pune,45,Male,Meta Ads
9949,2025-12-12,Kolkata,51,Male,Influencer
9950,2025-10-29,Hyderabad,23,Female,Affiliate
9951,2025-04-14,Kolkata,32,Female,Google Ads
9952,2025-04-21,Pune,51,Female,Organic
9953,2026-05-17,Mumbai,37,Female,Meta Ads
9954,2025-05-17,Hyderabad,20,Male,Influencer
9955,2025-02-26,Mumbai,50,Female,Organic
9956,2025-09-05,Mumbai,43,Female,Google Ads
9957,2025-01-04,Gurugram,52,Male,Google Ads
9958,2025-07-06,Bengaluru,20,Female,Influencer
9959,2026-04-11,Mumbai,25,Male,Influencer
9960,2025-05-26,Pune,38,Female,Meta Ads
9961,2026-01-19,Mumbai,26,Male,Email
9962,2025-09-24,Bengaluru,38,Male,Email
9963,2025-07-13,Noida,32,Female,Organic
9964,2025-12-27,Mumbai,27,Female,Meta Ads
9965,2025-11-21,Mumbai,47,Male,Google Ads
9966,2025-06-23,Jaipur,21,Female,Meta Ads
9967,2025-05-02,Bengaluru,51,Female,Email
9968,2026-05-15,Delhi,25,Male,Meta Ads
9969,2025-04-02,Mumbai,40,Female,Affiliate
9970,2026-06-07,Chennai,55,Female,Influencer
9971,2025-09-14,Noida,24,Female,Google Ads
9972,2026-06-28,Noida,53,Other,Affiliate
9973,2025-07-12,Mumbai,30,Female,Organic
9974,2025-11-05,Mumbai,46,Female,Email
9975,2025-12-02,Bengaluru,50,Female,Google Ads
9976,2025-07-04,Delhi,28,Male,Meta Ads
9977,2025-04-29,Chennai,32,Male,Influencer
9978,2025-10-11,Gurugram,50,Other,Organic
9979,2025-12-28,Chennai,23,Female,Email
9980,2025-05-23,Hyderabad,23,Male,Google Ads
9981,2026-02-22,Gurugram,30,Male,Meta Ads
9982,2025-12-15,Bengaluru,41,Male,Meta Ads
9983,2025-04-01,Delhi,49,Male,Organic
9984,2026-05-27,Chennai,40,Male,Affiliate
9985,2025-01-24,Mumbai,37,Female,Meta Ads
9986,2025-12-23,Mumbai,51,Male,Meta Ads
9987,2025-08-28,Noida,26,Female,Meta Ads
9988,2025-12-23,Mumbai,52,Female,Google Ads
9989,2026-02-26,Mumbai,31,Other,Google Ads
9990,2026-01-10,Gurugram,29,Female,Meta Ads
9991,2025-12-21,Jaipur,54,Male,Organic
9992,2026-04-04,Gurugram,43,Female,Meta Ads
9993,2026-01-18,Noida,35,Female,Affiliate
9994,2026-03-20,Hyderabad,31,Male,Influencer
9995,2025-08-08,Mumbai,35,Female,Google Ads
9996,2025-04-21,Bengaluru,48,Female,Organic
9997,2025-05-09,Chennai,25,Female,Google Ads
9998,2025-11-30,Delhi,26,Male,Google Ads
9999,2025-10-17,Hyderabad,30,Male,Meta Ads
10000,2025-02-12,Delhi,37,Female,Google Ads
